execution_id,job_id,job_name,job_type,scheduled_hour,day_of_week,start_delay_minutes,previous_success_count,previous_failure_count,average_runtime_minutes,expected_data_volume,cpu_usage_percent,memory_usage_percent,dependency_status,job_status
1,JOB016,WAREHOUSE_UPDATE,Synchronization,6,Monday,14,23,7,64,84041,82,35,Delayed,Failed
2,JOB007,CUSTOMER_REPORT,Backup,19,Tuesday,11,14,5,92,364669,82,51,Not Ready,Failed
3,JOB012,DATABASE_BACKUP,Data Processing,14,Saturday,3,27,1,119,9977,29,44,Ready,Success
4,JOB015,DAILY_ANALYTICS,Data Transfer,10,Sunday,29,8,5,106,380693,24,56,Ready,Success
5,JOB002,MONTHLY_PAYROLL,Backup,7,Tuesday,30,2,4,21,295737,72,56,Not Ready,Failed
6,JOB006,FINANCE_REPORT,Synchronization,20,Thursday,11,22,2,61,484774,47,54,Ready,Success
7,JOB010,ORDER_PROCESSING,Synchronization,6,Friday,17,8,0,35,463970,84,64,Delayed,Success
8,JOB001,DAILY_SALES,Synchronization,18,Wednesday,16,17,6,96,203337,64,27,Ready,Failed
9,JOB002,MONTHLY_PAYROLL,Data Processing,22,Wednesday,18,3,1,69,134795,85,66,Not Ready,Failed
10,JOB018,VENDOR_DATA_SYNC,Synchronization,10,Thursday,15,18,0,70,272917,68,55,Ready,Success
11,JOB017,INVOICE_PROCESSING,Data Transfer,10,Tuesday,10,23,0,37,181582,59,29,Ready,Success
12,JOB016,WAREHOUSE_UPDATE,Reporting,23,Wednesday,1,3,6,108,199373,85,20,Ready,Success
13,JOB006,FINANCE_REPORT,Data Transfer,20,Tuesday,15,8,0,97,427788,27,87,Ready,Success
14,JOB015,DAILY_ANALYTICS,Data Processing,3,Saturday,0,0,8,8,211675,46,94,Delayed,Success
15,JOB014,MASTER_DATA_SYNC,Data Processing,7,Thursday,16,0,5,86,203257,36,34,Ready,Failed
16,JOB003,INVENTORY_UPDATE,Data Transfer,23,Sunday,17,19,3,59,347794,87,22,Ready,Failed
17,JOB009,STOCK_UPDATE,Data Transfer,2,Tuesday,28,18,3,28,432975,63,51,Ready,Success
18,JOB008,SALES_REPORT,Data Transfer,21,Saturday,28,2,4,36,489092,50,39,Ready,Failed
19,JOB007,CUSTOMER_REPORT,Data Processing,20,Tuesday,24,9,1,77,15539,24,75,Ready,Success
20,JOB014,MASTER_DATA_SYNC,Synchronization,1,Tuesday,28,11,4,51,303737,79,61,Not Ready,Failed
21,JOB005,BACKUP_JOB,Data Processing,23,Wednesday,12,17,1,20,177094,38,92,Ready,Success
22,JOB019,SYSTEM_MONITORING,Synchronization,11,Monday,4,13,3,25,361590,61,79,Delayed,Failed
23,JOB015,DAILY_ANALYTICS,Data Transfer,5,Friday,24,9,9,98,126114,42,75,Ready,Success
24,JOB011,EMPLOYEE_DATA_SYNC,Synchronization,1,Tuesday,23,9,4,71,356815,36,66,Not Ready,Failed
25,JOB002,MONTHLY_PAYROLL,Backup,20,Tuesday,28,17,5,101,126049,77,43,Ready,Failed
26,JOB005,BACKUP_JOB,Reporting,0,Tuesday,26,23,5,35,323909,68,60,Delayed,Failed
27,JOB005,BACKUP_JOB,Synchronization,11,Monday,5,0,8,113,239691,22,23,Ready,Success
28,JOB003,INVENTORY_UPDATE,Reporting,21,Saturday,0,29,3,18,165123,64,95,Delayed,Success
29,JOB012,DATABASE_BACKUP,Data Transfer,11,Sunday,9,14,4,10,97782,54,70,Ready,Success
30,JOB002,MONTHLY_PAYROLL,Reporting,16,Sunday,4,7,5,73,476519,21,20,Ready,Success
31,JOB002,MONTHLY_PAYROLL,Backup,9,Thursday,27,25,3,33,444946,66,33,Delayed,Success
32,JOB012,DATABASE_BACKUP,Data Processing,15,Wednesday,0,2,5,59,357128,22,29,Ready,Success
33,JOB005,BACKUP_JOB,Reporting,14,Monday,22,17,1,41,479081,48,55,Delayed,Failed
34,JOB016,WAREHOUSE_UPDATE,Data Processing,14,Saturday,25,8,6,63,439458,93,61,Ready,Success
35,JOB012,DATABASE_BACKUP,Data Processing,18,Tuesday,29,15,2,40,475119,39,67,Ready,Failed
36,JOB001,DAILY_SALES,Synchronization,11,Saturday,10,20,9,89,198231,53,37,Ready,Success
37,JOB015,DAILY_ANALYTICS,Reporting,22,Monday,23,14,3,80,34312,59,95,Ready,Failed
38,JOB001,DAILY_SALES,Synchronization,19,Monday,23,29,8,114,270730,84,79,Ready,Failed
39,JOB013,LOG_CLEANUP,Reporting,2,Monday,6,4,4,63,345977,82,47,Not Ready,Success
40,JOB016,WAREHOUSE_UPDATE,Backup,4,Thursday,17,12,8,91,388161,75,72,Delayed,Failed
41,JOB019,SYSTEM_MONITORING,Backup,18,Friday,20,21,9,82,347607,51,28,Ready,Failed
42,JOB010,ORDER_PROCESSING,Synchronization,6,Wednesday,19,19,9,68,455292,85,43,Ready,Failed
43,JOB005,BACKUP_JOB,Data Transfer,20,Thursday,20,6,9,47,456615,60,39,Delayed,Failed
44,JOB015,DAILY_ANALYTICS,Data Processing,8,Thursday,9,15,9,46,373635,48,88,Not Ready,Failed
45,JOB019,SYSTEM_MONITORING,Data Processing,6,Friday,24,6,5,78,412347,70,46,Ready,Failed
46,JOB018,VENDOR_DATA_SYNC,Reporting,17,Thursday,14,26,7,64,248923,31,59,Ready,Success
47,JOB016,WAREHOUSE_UPDATE,Backup,3,Monday,3,24,4,66,16020,63,90,Ready,Success
48,JOB003,INVENTORY_UPDATE,Synchronization,13,Monday,15,21,4,68,468987,29,73,Delayed,Failed
49,JOB007,CUSTOMER_REPORT,Data Transfer,17,Saturday,14,15,2,95,99170,93,34,Ready,Success
50,JOB011,EMPLOYEE_DATA_SYNC,Reporting,8,Tuesday,14,12,6,109,322667,28,70,Ready,Success
51,JOB007,CUSTOMER_REPORT,Backup,20,Thursday,11,16,1,62,338187,48,88,Ready,Failed
52,JOB014,MASTER_DATA_SYNC,Data Transfer,1,Tuesday,7,8,2,6,64477,48,59,Ready,Success
53,JOB005,BACKUP_JOB,Data Transfer,19,Wednesday,7,11,1,82,248137,80,88,Ready,Success
54,JOB002,MONTHLY_PAYROLL,Synchronization,14,Sunday,17,12,7,75,356564,83,62,Delayed,Failed
55,JOB013,LOG_CLEANUP,Synchronization,6,Monday,29,25,3,85,203316,22,83,Ready,Failed
56,JOB001,DAILY_SALES,Backup,11,Saturday,5,8,9,88,91334,23,26,Delayed,Failed
57,JOB019,SYSTEM_MONITORING,Synchronization,7,Wednesday,4,4,7,12,202139,74,21,Delayed,Success
58,JOB017,INVOICE_PROCESSING,Reporting,14,Saturday,1,6,7,60,195173,33,49,Ready,Success
59,JOB015,DAILY_ANALYTICS,Data Processing,2,Sunday,11,0,7,88,425998,47,94,Ready,Failed
60,JOB006,FINANCE_REPORT,Reporting,13,Sunday,25,3,7,40,111918,82,71,Ready,Failed
61,JOB016,WAREHOUSE_UPDATE,Reporting,16,Friday,3,27,7,73,293048,58,52,Ready,Success
62,JOB014,MASTER_DATA_SYNC,Data Transfer,3,Monday,22,25,8,17,85073,83,28,Ready,Failed
63,JOB004,DATA_TRANSFER,Backup,17,Wednesday,12,3,1,43,233075,79,30,Delayed,Failed
64,JOB006,FINANCE_REPORT,Backup,7,Friday,16,15,8,106,217312,39,95,Ready,Success
65,JOB004,DATA_TRANSFER,Data Transfer,3,Sunday,30,4,7,85,460318,47,29,Ready,Success
66,JOB005,BACKUP_JOB,Reporting,1,Wednesday,15,21,9,10,222813,33,73,Ready,Success
67,JOB003,INVENTORY_UPDATE,Reporting,5,Saturday,8,3,0,23,492357,94,94,Ready,Failed
68,JOB009,STOCK_UPDATE,Data Processing,21,Friday,25,5,4,29,429719,77,39,Delayed,Failed
69,JOB017,INVOICE_PROCESSING,Data Processing,9,Friday,27,25,1,7,252233,58,24,Delayed,Success
70,JOB005,BACKUP_JOB,Backup,3,Monday,0,22,9,109,470461,77,43,Ready,Failed
71,JOB013,LOG_CLEANUP,Reporting,21,Tuesday,14,2,4,57,83644,34,51,Ready,Success
72,JOB018,VENDOR_DATA_SYNC,Data Processing,17,Saturday,11,24,7,32,488688,92,50,Ready,Failed
73,JOB006,FINANCE_REPORT,Data Transfer,11,Saturday,4,7,8,30,123507,22,63,Ready,Failed
74,JOB003,INVENTORY_UPDATE,Reporting,1,Friday,22,16,8,51,447416,24,38,Ready,Success
75,JOB020,ARCHIVE_JOB,Synchronization,9,Friday,23,28,0,12,326071,61,43,Ready,Success
76,JOB020,ARCHIVE_JOB,Data Processing,3,Monday,17,17,6,61,53050,34,31,Ready,Success
77,JOB018,VENDOR_DATA_SYNC,Data Transfer,13,Tuesday,19,17,7,59,35232,22,69,Ready,Success
78,JOB017,INVOICE_PROCESSING,Data Transfer,15,Saturday,1,25,9,83,485635,54,44,Delayed,Failed
79,JOB019,SYSTEM_MONITORING,Synchronization,14,Sunday,3,24,2,5,343800,26,70,Delayed,Success
80,JOB015,DAILY_ANALYTICS,Data Processing,7,Thursday,14,11,5,44,327165,43,33,Ready,Success
81,JOB012,DATABASE_BACKUP,Backup,13,Thursday,5,24,2,27,306058,50,91,Ready,Success
82,JOB011,EMPLOYEE_DATA_SYNC,Data Transfer,22,Tuesday,21,24,8,104,327000,23,48,Ready,Success
83,JOB010,ORDER_PROCESSING,Reporting,7,Wednesday,11,0,2,58,112290,22,44,Delayed,Success
84,JOB008,SALES_REPORT,Backup,20,Monday,28,22,1,46,47798,28,78,Not Ready,Success
85,JOB003,INVENTORY_UPDATE,Data Transfer,15,Tuesday,17,11,8,84,180858,87,76,Ready,Failed
86,JOB001,DAILY_SALES,Data Transfer,12,Thursday,26,10,7,54,39382,79,31,Ready,Success
87,JOB020,ARCHIVE_JOB,Synchronization,17,Friday,19,12,7,8,24473,30,69,Delayed,Success
88,JOB006,FINANCE_REPORT,Data Processing,14,Thursday,3,2,1,12,164993,55,31,Delayed,Success
89,JOB009,STOCK_UPDATE,Data Processing,20,Friday,29,26,5,40,384595,91,67,Ready,Failed
90,JOB017,INVOICE_PROCESSING,Synchronization,23,Monday,0,24,4,14,236835,21,69,Ready,Success
91,JOB017,INVOICE_PROCESSING,Synchronization,12,Friday,14,7,1,120,424211,69,38,Ready,Success
92,JOB011,EMPLOYEE_DATA_SYNC,Backup,8,Tuesday,29,2,4,34,414666,22,72,Ready,Success
93,JOB003,INVENTORY_UPDATE,Backup,14,Friday,17,16,3,104,493330,86,54,Ready,Success
94,JOB020,ARCHIVE_JOB,Synchronization,12,Wednesday,13,24,8,20,443518,81,46,Ready,Failed
95,JOB015,DAILY_ANALYTICS,Backup,0,Tuesday,2,12,0,34,467889,95,86,Ready,Failed
96,JOB013,LOG_CLEANUP,Reporting,6,Monday,28,9,5,68,16765,33,70,Delayed,Failed
97,JOB013,LOG_CLEANUP,Synchronization,8,Tuesday,14,16,6,112,355478,42,38,Delayed,Success
98,JOB009,STOCK_UPDATE,Data Processing,23,Wednesday,26,2,5,78,206878,35,62,Ready,Success
99,JOB006,FINANCE_REPORT,Data Processing,0,Monday,4,12,4,15,67314,37,54,Ready,Success
100,JOB018,VENDOR_DATA_SYNC,Synchronization,11,Thursday,26,21,3,38,440606,32,34,Delayed,Failed
101,JOB017,INVOICE_PROCESSING,Data Processing,7,Wednesday,23,5,4,84,152705,75,35,Ready,Success
102,JOB010,ORDER_PROCESSING,Data Transfer,23,Monday,30,13,8,59,316264,64,88,Ready,Success
103,JOB002,MONTHLY_PAYROLL,Reporting,10,Sunday,21,26,4,87,303579,59,90,Ready,Failed
104,JOB001,DAILY_SALES,Data Transfer,18,Friday,2,9,9,112,80843,50,60,Delayed,Failed
105,JOB014,MASTER_DATA_SYNC,Synchronization,16,Tuesday,21,19,7,8,103900,51,73,Ready,Failed
106,JOB008,SALES_REPORT,Data Processing,7,Monday,6,15,6,53,8357,20,84,Ready,Success
107,JOB018,VENDOR_DATA_SYNC,Backup,2,Tuesday,5,17,3,48,69089,54,49,Ready,Success
108,JOB009,STOCK_UPDATE,Data Transfer,2,Friday,25,12,9,35,29820,55,38,Ready,Failed
109,JOB015,DAILY_ANALYTICS,Data Transfer,0,Monday,21,9,4,52,283631,85,65,Ready,Success
110,JOB010,ORDER_PROCESSING,Data Processing,4,Thursday,0,5,6,103,80507,48,79,Ready,Success
111,JOB006,FINANCE_REPORT,Backup,9,Sunday,18,9,5,102,285332,62,43,Ready,Failed
112,JOB008,SALES_REPORT,Synchronization,6,Sunday,6,4,2,30,341560,48,55,Ready,Success
113,JOB010,ORDER_PROCESSING,Data Processing,8,Wednesday,3,28,9,107,32310,62,68,Ready,Success
114,JOB019,SYSTEM_MONITORING,Reporting,6,Monday,11,5,2,74,398780,38,78,Delayed,Failed
115,JOB011,EMPLOYEE_DATA_SYNC,Reporting,8,Friday,19,6,1,101,236840,83,33,Delayed,Failed
116,JOB013,LOG_CLEANUP,Synchronization,7,Monday,22,10,2,115,482851,50,58,Ready,Failed
117,JOB010,ORDER_PROCESSING,Synchronization,11,Tuesday,24,15,9,95,357802,38,27,Ready,Success
118,JOB015,DAILY_ANALYTICS,Reporting,1,Saturday,29,24,0,16,283206,48,67,Ready,Success
119,JOB005,BACKUP_JOB,Backup,0,Monday,26,11,8,49,80671,92,88,Ready,Failed
120,JOB014,MASTER_DATA_SYNC,Synchronization,15,Sunday,28,11,1,12,406631,26,60,Delayed,Success
121,JOB015,DAILY_ANALYTICS,Reporting,22,Sunday,28,29,2,13,332385,77,54,Ready,Success
122,JOB009,STOCK_UPDATE,Backup,22,Sunday,30,22,4,5,495878,95,83,Not Ready,Failed
123,JOB010,ORDER_PROCESSING,Backup,23,Thursday,17,19,9,9,272188,79,72,Delayed,Success
124,JOB008,SALES_REPORT,Synchronization,4,Monday,8,25,3,75,169022,70,73,Delayed,Failed
125,JOB012,DATABASE_BACKUP,Data Transfer,2,Wednesday,18,4,4,86,152421,69,56,Delayed,Failed
126,JOB013,LOG_CLEANUP,Backup,11,Monday,21,15,5,58,432184,40,71,Ready,Success
127,JOB007,CUSTOMER_REPORT,Synchronization,7,Saturday,3,28,4,108,497149,28,37,Ready,Failed
128,JOB004,DATA_TRANSFER,Backup,21,Sunday,0,5,9,28,258275,53,40,Delayed,Failed
129,JOB017,INVOICE_PROCESSING,Data Processing,2,Tuesday,8,28,0,30,416933,53,61,Ready,Success
130,JOB002,MONTHLY_PAYROLL,Backup,0,Sunday,26,8,5,14,63263,66,84,Ready,Failed
131,JOB001,DAILY_SALES,Data Transfer,2,Monday,14,4,8,65,57917,43,27,Ready,Failed
132,JOB011,EMPLOYEE_DATA_SYNC,Backup,4,Thursday,21,20,2,44,432587,47,58,Ready,Failed
133,JOB002,MONTHLY_PAYROLL,Data Transfer,14,Friday,7,22,1,48,202082,65,80,Ready,Success
134,JOB011,EMPLOYEE_DATA_SYNC,Reporting,13,Monday,14,15,5,116,9647,70,79,Ready,Success
135,JOB008,SALES_REPORT,Data Transfer,2,Monday,14,17,2,16,408406,25,88,Ready,Success
136,JOB013,LOG_CLEANUP,Backup,0,Wednesday,17,18,3,26,106479,82,78,Ready,Success
137,JOB006,FINANCE_REPORT,Reporting,4,Thursday,6,11,5,31,474421,72,29,Ready,Failed
138,JOB009,STOCK_UPDATE,Reporting,22,Saturday,21,1,5,71,99533,83,82,Ready,Failed
139,JOB018,VENDOR_DATA_SYNC,Reporting,13,Friday,17,25,1,86,286335,71,89,Delayed,Failed
140,JOB001,DAILY_SALES,Reporting,6,Sunday,15,9,2,73,259837,79,26,Ready,Failed
141,JOB013,LOG_CLEANUP,Backup,8,Tuesday,1,11,8,18,391670,60,54,Ready,Success
142,JOB004,DATA_TRANSFER,Synchronization,14,Monday,3,13,1,29,99259,30,61,Ready,Success
143,JOB004,DATA_TRANSFER,Data Transfer,14,Saturday,19,17,2,56,383426,23,48,Ready,Success
144,JOB015,DAILY_ANALYTICS,Synchronization,9,Friday,15,18,8,99,432003,33,46,Not Ready,Failed
145,JOB018,VENDOR_DATA_SYNC,Synchronization,12,Tuesday,2,5,3,89,102781,32,57,Ready,Success
146,JOB014,MASTER_DATA_SYNC,Data Transfer,18,Saturday,23,4,0,116,184582,34,21,Ready,Success
147,JOB017,INVOICE_PROCESSING,Data Processing,6,Thursday,29,26,1,63,81840,27,44,Ready,Failed
148,JOB018,VENDOR_DATA_SYNC,Data Transfer,16,Thursday,22,15,2,42,214751,30,85,Ready,Success
149,JOB011,EMPLOYEE_DATA_SYNC,Data Processing,19,Friday,1,13,8,116,371430,42,57,Ready,Success
150,JOB013,LOG_CLEANUP,Data Transfer,3,Sunday,2,12,8,24,325029,26,78,Ready,Failed
151,JOB016,WAREHOUSE_UPDATE,Synchronization,4,Tuesday,25,20,5,82,166206,88,26,Ready,Success
152,JOB015,DAILY_ANALYTICS,Synchronization,22,Thursday,24,1,5,24,156972,51,68,Ready,Success
153,JOB011,EMPLOYEE_DATA_SYNC,Data Transfer,6,Friday,28,1,2,60,328846,63,87,Ready,Success
154,JOB011,EMPLOYEE_DATA_SYNC,Reporting,12,Thursday,4,11,4,105,217656,22,60,Delayed,Failed
155,JOB004,DATA_TRANSFER,Data Processing,14,Thursday,1,0,3,114,58924,63,93,Ready,Success
156,JOB015,DAILY_ANALYTICS,Reporting,10,Saturday,18,18,9,34,204958,88,70,Delayed,Failed
157,JOB010,ORDER_PROCESSING,Data Processing,3,Saturday,23,27,9,111,227118,70,43,Ready,Success
158,JOB013,LOG_CLEANUP,Synchronization,12,Thursday,19,27,8,45,170535,80,55,Delayed,Failed
159,JOB016,WAREHOUSE_UPDATE,Data Processing,6,Wednesday,29,26,8,88,125679,70,29,Ready,Success
160,JOB008,SALES_REPORT,Synchronization,18,Saturday,1,15,0,75,228142,52,40,Ready,Success
161,JOB011,EMPLOYEE_DATA_SYNC,Data Transfer,21,Tuesday,1,29,7,67,45587,39,46,Ready,Success
162,JOB002,MONTHLY_PAYROLL,Data Transfer,1,Friday,21,6,8,73,323341,49,74,Ready,Failed
163,JOB011,EMPLOYEE_DATA_SYNC,Backup,9,Friday,23,26,4,99,451420,63,24,Ready,Failed
164,JOB009,STOCK_UPDATE,Backup,12,Sunday,22,20,3,33,419964,48,78,Ready,Success
165,JOB015,DAILY_ANALYTICS,Data Transfer,20,Tuesday,19,6,9,83,435947,40,55,Ready,Success
166,JOB020,ARCHIVE_JOB,Backup,5,Tuesday,17,15,3,93,67463,72,93,Ready,Success
167,JOB013,LOG_CLEANUP,Data Transfer,11,Tuesday,24,24,1,81,246558,30,53,Ready,Failed
168,JOB015,DAILY_ANALYTICS,Reporting,11,Sunday,19,5,8,48,339780,29,71,Ready,Failed
169,JOB018,VENDOR_DATA_SYNC,Synchronization,19,Tuesday,24,17,4,92,341923,54,25,Ready,Failed
170,JOB019,SYSTEM_MONITORING,Data Transfer,10,Monday,20,0,2,83,424994,45,33,Ready,Failed
171,JOB006,FINANCE_REPORT,Backup,22,Sunday,13,0,5,92,173637,63,78,Ready,Success
172,JOB018,VENDOR_DATA_SYNC,Backup,6,Friday,27,25,8,94,209706,23,76,Not Ready,Failed
173,JOB019,SYSTEM_MONITORING,Backup,0,Monday,14,24,8,87,119788,93,56,Ready,Success
174,JOB012,DATABASE_BACKUP,Reporting,0,Sunday,11,13,4,61,316390,76,77,Delayed,Success
175,JOB012,DATABASE_BACKUP,Reporting,19,Thursday,10,5,7,28,179258,58,51,Ready,Failed
176,JOB011,EMPLOYEE_DATA_SYNC,Reporting,12,Thursday,10,5,3,23,384815,60,39,Ready,Success
177,JOB012,DATABASE_BACKUP,Data Transfer,8,Friday,29,3,4,110,393574,86,80,Ready,Failed
178,JOB001,DAILY_SALES,Synchronization,2,Thursday,6,11,6,21,179724,55,76,Ready,Success
179,JOB007,CUSTOMER_REPORT,Reporting,6,Tuesday,11,29,6,116,47558,23,71,Delayed,Failed
180,JOB016,WAREHOUSE_UPDATE,Backup,5,Sunday,15,17,6,73,32244,93,67,Delayed,Success
181,JOB012,DATABASE_BACKUP,Backup,7,Monday,4,9,7,65,157649,32,30,Ready,Success
182,JOB011,EMPLOYEE_DATA_SYNC,Reporting,8,Tuesday,30,2,4,8,480109,89,49,Ready,Failed
183,JOB012,DATABASE_BACKUP,Synchronization,4,Thursday,1,2,0,26,254504,26,79,Ready,Failed
184,JOB003,INVENTORY_UPDATE,Synchronization,0,Saturday,21,7,8,78,460165,47,37,Ready,Success
185,JOB001,DAILY_SALES,Synchronization,18,Monday,15,21,8,89,30386,78,93,Delayed,Failed
186,JOB013,LOG_CLEANUP,Backup,9,Tuesday,22,22,6,93,457883,56,66,Ready,Failed
187,JOB002,MONTHLY_PAYROLL,Data Transfer,11,Sunday,29,24,5,10,23312,34,31,Ready,Success
188,JOB010,ORDER_PROCESSING,Data Processing,23,Friday,14,0,4,34,478150,49,69,Not Ready,Failed
189,JOB012,DATABASE_BACKUP,Reporting,14,Tuesday,10,17,4,97,371127,93,59,Ready,Failed
190,JOB016,WAREHOUSE_UPDATE,Reporting,21,Saturday,28,14,2,79,255734,31,83,Not Ready,Failed
191,JOB020,ARCHIVE_JOB,Data Processing,23,Thursday,5,24,9,15,261996,49,38,Ready,Success
192,JOB010,ORDER_PROCESSING,Data Processing,8,Monday,12,20,0,52,9718,20,46,Ready,Success
193,JOB017,INVOICE_PROCESSING,Backup,19,Friday,29,19,5,50,66536,55,71,Delayed,Failed
194,JOB018,VENDOR_DATA_SYNC,Backup,16,Monday,18,16,7,31,369910,40,26,Ready,Success
195,JOB008,SALES_REPORT,Reporting,16,Friday,9,24,1,23,232907,51,82,Delayed,Success
196,JOB004,DATA_TRANSFER,Data Transfer,19,Sunday,23,10,7,90,262051,82,74,Ready,Failed
197,JOB008,SALES_REPORT,Reporting,11,Monday,18,12,7,96,149527,32,95,Not Ready,Failed
198,JOB002,MONTHLY_PAYROLL,Reporting,6,Thursday,29,24,9,63,255645,56,50,Ready,Success
199,JOB001,DAILY_SALES,Reporting,1,Sunday,4,19,7,72,48078,63,30,Not Ready,Failed
200,JOB014,MASTER_DATA_SYNC,Backup,2,Sunday,24,24,9,105,278686,40,36,Delayed,Failed
201,JOB004,DATA_TRANSFER,Reporting,16,Friday,26,9,2,58,380719,37,85,Ready,Failed
202,JOB018,VENDOR_DATA_SYNC,Data Transfer,4,Wednesday,20,12,9,87,122204,65,86,Ready,Failed
203,JOB014,MASTER_DATA_SYNC,Data Transfer,16,Monday,30,16,7,21,459453,66,51,Ready,Success
204,JOB005,BACKUP_JOB,Data Transfer,23,Monday,6,20,3,54,392706,45,43,Ready,Success
205,JOB001,DAILY_SALES,Reporting,16,Tuesday,10,0,2,44,405986,24,32,Not Ready,Success
206,JOB003,INVENTORY_UPDATE,Data Processing,16,Friday,13,19,8,104,385737,24,41,Ready,Success
207,JOB016,WAREHOUSE_UPDATE,Reporting,1,Saturday,22,15,7,91,101299,50,38,Ready,Failed
208,JOB004,DATA_TRANSFER,Data Processing,1,Wednesday,20,15,9,118,397793,47,72,Delayed,Failed
209,JOB014,MASTER_DATA_SYNC,Reporting,21,Thursday,15,27,1,96,376355,94,58,Ready,Success
210,JOB016,WAREHOUSE_UPDATE,Data Transfer,22,Tuesday,17,20,7,15,121897,84,40,Ready,Success
211,JOB007,CUSTOMER_REPORT,Data Processing,4,Wednesday,20,29,2,18,166549,32,35,Ready,Success
212,JOB011,EMPLOYEE_DATA_SYNC,Data Transfer,0,Friday,22,26,9,17,15322,37,26,Ready,Success
213,JOB003,INVENTORY_UPDATE,Reporting,0,Wednesday,22,2,5,92,170957,43,45,Ready,Success
214,JOB015,DAILY_ANALYTICS,Backup,18,Sunday,3,1,4,84,58813,48,95,Delayed,Failed
215,JOB008,SALES_REPORT,Data Processing,1,Monday,0,5,7,32,52442,47,50,Ready,Success
216,JOB020,ARCHIVE_JOB,Reporting,20,Sunday,21,10,8,98,402744,64,87,Delayed,Failed
217,JOB013,LOG_CLEANUP,Data Transfer,11,Monday,28,28,6,48,467722,30,59,Ready,Success
218,JOB018,VENDOR_DATA_SYNC,Synchronization,5,Tuesday,14,2,5,109,149211,70,46,Ready,Success
219,JOB002,MONTHLY_PAYROLL,Backup,22,Friday,13,25,5,67,229472,78,28,Ready,Success
220,JOB001,DAILY_SALES,Synchronization,3,Friday,18,0,0,107,372241,32,95,Ready,Success
221,JOB017,INVOICE_PROCESSING,Synchronization,22,Wednesday,26,10,4,110,76447,66,35,Ready,Failed
222,JOB017,INVOICE_PROCESSING,Backup,10,Tuesday,4,12,7,65,8212,62,91,Delayed,Failed
223,JOB009,STOCK_UPDATE,Data Transfer,23,Friday,3,4,5,95,298011,43,32,Ready,Success
224,JOB019,SYSTEM_MONITORING,Synchronization,16,Saturday,30,17,0,21,327806,67,79,Ready,Success
225,JOB007,CUSTOMER_REPORT,Synchronization,5,Saturday,12,14,4,54,99716,82,79,Ready,Failed
226,JOB012,DATABASE_BACKUP,Reporting,23,Sunday,17,17,4,30,225796,36,28,Ready,Success
227,JOB011,EMPLOYEE_DATA_SYNC,Backup,4,Monday,11,14,2,11,310816,88,72,Ready,Success
228,JOB012,DATABASE_BACKUP,Data Processing,19,Wednesday,30,19,7,103,82682,73,51,Ready,Success
229,JOB015,DAILY_ANALYTICS,Synchronization,1,Thursday,22,19,8,83,61624,33,74,Delayed,Success
230,JOB007,CUSTOMER_REPORT,Reporting,5,Monday,29,19,5,20,397209,34,44,Ready,Success
231,JOB013,LOG_CLEANUP,Backup,21,Tuesday,20,6,5,89,12654,92,60,Ready,Success
232,JOB014,MASTER_DATA_SYNC,Data Processing,10,Friday,14,16,1,21,1246,29,45,Delayed,Success
233,JOB011,EMPLOYEE_DATA_SYNC,Data Processing,15,Monday,29,28,9,113,319858,41,48,Ready,Failed
234,JOB017,INVOICE_PROCESSING,Synchronization,15,Thursday,22,7,1,94,307882,32,55,Ready,Failed
235,JOB015,DAILY_ANALYTICS,Data Transfer,0,Thursday,8,27,5,39,171817,84,22,Ready,Failed
236,JOB008,SALES_REPORT,Backup,8,Saturday,3,12,7,88,450874,33,78,Ready,Failed
237,JOB002,MONTHLY_PAYROLL,Reporting,5,Tuesday,4,25,1,88,484739,63,53,Not Ready,Failed
238,JOB015,DAILY_ANALYTICS,Backup,15,Monday,8,15,8,27,319391,58,25,Ready,Success
239,JOB015,DAILY_ANALYTICS,Reporting,2,Wednesday,12,24,8,73,227843,54,50,Ready,Success
240,JOB013,LOG_CLEANUP,Synchronization,19,Monday,9,9,3,13,211264,84,51,Ready,Success
241,JOB005,BACKUP_JOB,Backup,3,Saturday,26,28,3,91,147250,46,61,Ready,Success
242,JOB015,DAILY_ANALYTICS,Synchronization,18,Sunday,15,13,3,22,119055,64,76,Delayed,Failed
243,JOB003,INVENTORY_UPDATE,Data Transfer,2,Thursday,29,5,4,97,292050,76,92,Ready,Failed
244,JOB016,WAREHOUSE_UPDATE,Reporting,18,Tuesday,12,19,7,79,134761,41,65,Ready,Success
245,JOB010,ORDER_PROCESSING,Data Transfer,19,Tuesday,3,21,1,111,165427,53,75,Ready,Failed
246,JOB010,ORDER_PROCESSING,Reporting,6,Wednesday,20,25,4,52,330148,28,69,Ready,Success
247,JOB016,WAREHOUSE_UPDATE,Data Transfer,19,Tuesday,12,6,1,76,66768,69,49,Delayed,Failed
248,JOB017,INVOICE_PROCESSING,Backup,8,Saturday,20,5,7,95,171725,73,55,Not Ready,Failed
249,JOB008,SALES_REPORT,Reporting,0,Saturday,7,26,0,70,123699,77,45,Ready,Success
250,JOB018,VENDOR_DATA_SYNC,Synchronization,7,Saturday,30,16,6,27,129881,81,69,Delayed,Failed
251,JOB004,DATA_TRANSFER,Reporting,6,Tuesday,12,20,2,89,146304,57,21,Ready,Success
252,JOB003,INVENTORY_UPDATE,Data Processing,17,Tuesday,14,23,3,14,90060,46,26,Ready,Success
253,JOB020,ARCHIVE_JOB,Reporting,7,Saturday,19,7,7,42,101190,83,46,Delayed,Failed
254,JOB002,MONTHLY_PAYROLL,Reporting,0,Tuesday,19,11,2,63,17693,22,68,Ready,Success
255,JOB005,BACKUP_JOB,Data Processing,10,Tuesday,12,25,6,72,484216,30,65,Ready,Failed
256,JOB011,EMPLOYEE_DATA_SYNC,Data Transfer,17,Thursday,22,24,0,89,157591,43,45,Ready,Failed
257,JOB015,DAILY_ANALYTICS,Data Transfer,22,Monday,26,3,8,105,354163,48,84,Ready,Success
258,JOB019,SYSTEM_MONITORING,Reporting,9,Friday,4,9,5,47,462500,88,21,Not Ready,Failed
259,JOB017,INVOICE_PROCESSING,Data Transfer,2,Tuesday,21,5,2,16,437701,27,83,Delayed,Failed
260,JOB020,ARCHIVE_JOB,Data Processing,6,Friday,21,6,6,116,262633,38,83,Delayed,Failed
261,JOB018,VENDOR_DATA_SYNC,Synchronization,15,Sunday,27,20,4,120,330280,87,79,Ready,Failed
262,JOB015,DAILY_ANALYTICS,Data Transfer,15,Friday,5,26,7,57,257300,88,28,Delayed,Failed
263,JOB007,CUSTOMER_REPORT,Reporting,19,Thursday,29,7,7,114,201431,67,34,Ready,Failed
264,JOB018,VENDOR_DATA_SYNC,Synchronization,16,Tuesday,25,2,8,18,241256,59,56,Ready,Failed
265,JOB018,VENDOR_DATA_SYNC,Synchronization,1,Saturday,4,7,5,56,119002,86,25,Delayed,Success
266,JOB011,EMPLOYEE_DATA_SYNC,Synchronization,0,Friday,12,14,3,88,292171,35,62,Ready,Success
267,JOB008,SALES_REPORT,Reporting,15,Tuesday,28,29,1,115,327451,83,64,Delayed,Failed
268,JOB020,ARCHIVE_JOB,Synchronization,11,Wednesday,4,20,2,76,169770,27,95,Delayed,Success
269,JOB007,CUSTOMER_REPORT,Data Processing,4,Sunday,24,0,4,95,268873,24,90,Ready,Success
270,JOB008,SALES_REPORT,Synchronization,4,Saturday,12,12,7,105,261683,91,47,Ready,Failed
271,JOB014,MASTER_DATA_SYNC,Data Processing,22,Wednesday,23,21,9,65,58143,44,71,Ready,Failed
272,JOB002,MONTHLY_PAYROLL,Reporting,8,Wednesday,30,17,1,45,498081,72,95,Ready,Success
273,JOB010,ORDER_PROCESSING,Reporting,8,Friday,19,14,4,25,309076,68,54,Delayed,Success
274,JOB016,WAREHOUSE_UPDATE,Reporting,2,Wednesday,22,6,8,52,409282,91,85,Ready,Failed
275,JOB020,ARCHIVE_JOB,Synchronization,18,Thursday,7,14,1,60,117529,40,45,Ready,Success
276,JOB019,SYSTEM_MONITORING,Data Transfer,15,Thursday,27,24,7,39,412236,70,39,Ready,Failed
277,JOB006,FINANCE_REPORT,Data Transfer,15,Friday,8,2,2,48,211038,65,81,Ready,Success
278,JOB006,FINANCE_REPORT,Synchronization,2,Tuesday,20,29,7,43,117363,28,20,Ready,Failed
279,JOB008,SALES_REPORT,Backup,19,Monday,18,25,3,117,456392,83,72,Ready,Failed
280,JOB012,DATABASE_BACKUP,Backup,23,Tuesday,30,13,3,19,330470,42,49,Not Ready,Failed
281,JOB017,INVOICE_PROCESSING,Data Processing,21,Tuesday,28,19,6,115,200752,79,79,Delayed,Failed
282,JOB005,BACKUP_JOB,Data Transfer,23,Tuesday,19,3,4,16,373160,78,29,Ready,Success
283,JOB012,DATABASE_BACKUP,Synchronization,0,Tuesday,14,3,3,102,171807,27,41,Ready,Success
284,JOB003,INVENTORY_UPDATE,Reporting,23,Saturday,25,2,6,12,489918,83,48,Ready,Failed
285,JOB013,LOG_CLEANUP,Data Transfer,19,Monday,21,4,2,105,181379,73,88,Ready,Success
286,JOB009,STOCK_UPDATE,Synchronization,10,Saturday,9,24,8,98,417514,34,27,Ready,Success
287,JOB003,INVENTORY_UPDATE,Backup,16,Wednesday,10,10,4,71,42893,71,72,Ready,Success
288,JOB010,ORDER_PROCESSING,Backup,7,Sunday,4,7,2,98,222759,70,30,Ready,Failed
289,JOB012,DATABASE_BACKUP,Backup,3,Tuesday,8,25,1,97,125213,23,45,Not Ready,Failed
290,JOB006,FINANCE_REPORT,Data Processing,5,Sunday,28,1,6,5,365791,53,38,Delayed,Failed
291,JOB002,MONTHLY_PAYROLL,Synchronization,7,Thursday,10,27,6,84,43411,43,38,Ready,Success
292,JOB020,ARCHIVE_JOB,Synchronization,19,Friday,26,15,4,46,186387,40,49,Ready,Success
293,JOB018,VENDOR_DATA_SYNC,Reporting,2,Friday,29,24,3,35,415148,21,55,Not Ready,Failed
294,JOB009,STOCK_UPDATE,Synchronization,15,Saturday,18,27,1,78,432222,26,61,Ready,Failed
295,JOB014,MASTER_DATA_SYNC,Reporting,2,Saturday,1,9,1,34,450884,75,75,Ready,Success
296,JOB012,DATABASE_BACKUP,Backup,17,Thursday,5,17,6,47,499356,94,28,Ready,Failed
297,JOB016,WAREHOUSE_UPDATE,Data Transfer,13,Tuesday,28,6,9,30,79732,95,26,Ready,Failed
298,JOB018,VENDOR_DATA_SYNC,Backup,17,Sunday,22,4,6,16,395155,87,37,Ready,Failed
299,JOB004,DATA_TRANSFER,Synchronization,1,Sunday,20,28,3,108,405867,54,28,Ready,Failed
300,JOB015,DAILY_ANALYTICS,Reporting,21,Monday,0,6,3,63,272429,45,25,Delayed,Success
301,JOB018,VENDOR_DATA_SYNC,Backup,2,Wednesday,2,20,3,73,335770,37,89,Not Ready,Failed
302,JOB007,CUSTOMER_REPORT,Synchronization,15,Friday,2,27,1,77,185165,83,64,Delayed,Success
303,JOB011,EMPLOYEE_DATA_SYNC,Synchronization,8,Wednesday,27,5,8,15,290221,75,41,Ready,Success
304,JOB015,DAILY_ANALYTICS,Reporting,3,Monday,13,23,0,51,464114,74,92,Ready,Success
305,JOB014,MASTER_DATA_SYNC,Data Processing,0,Saturday,19,0,7,27,179906,31,89,Ready,Failed
306,JOB012,DATABASE_BACKUP,Data Transfer,3,Sunday,29,28,5,85,444829,56,51,Ready,Success
307,JOB020,ARCHIVE_JOB,Data Processing,0,Friday,25,10,9,47,60757,71,86,Ready,Success
308,JOB002,MONTHLY_PAYROLL,Backup,13,Wednesday,21,12,6,81,45733,38,35,Ready,Failed
309,JOB011,EMPLOYEE_DATA_SYNC,Data Processing,20,Saturday,4,11,4,85,418535,34,21,Ready,Failed
310,JOB008,SALES_REPORT,Reporting,15,Monday,16,0,5,91,26786,71,86,Ready,Failed
311,JOB001,DAILY_SALES,Data Transfer,19,Wednesday,14,20,5,43,151754,45,60,Ready,Success
312,JOB012,DATABASE_BACKUP,Data Processing,23,Sunday,5,14,8,77,246820,64,70,Delayed,Failed
313,JOB004,DATA_TRANSFER,Data Processing,7,Tuesday,13,0,9,86,199823,40,33,Delayed,Failed
314,JOB019,SYSTEM_MONITORING,Data Transfer,6,Saturday,13,2,3,59,269419,72,68,Ready,Failed
315,JOB009,STOCK_UPDATE,Backup,2,Monday,24,25,4,22,193666,48,68,Ready,Success
316,JOB020,ARCHIVE_JOB,Reporting,16,Wednesday,26,14,3,98,44791,67,46,Ready,Failed
317,JOB005,BACKUP_JOB,Data Transfer,0,Sunday,16,8,0,46,71353,38,58,Ready,Success
318,JOB003,INVENTORY_UPDATE,Backup,15,Tuesday,7,13,9,112,414702,73,92,Ready,Success
319,JOB011,EMPLOYEE_DATA_SYNC,Data Transfer,11,Tuesday,7,28,5,30,407026,21,55,Ready,Success
320,JOB002,MONTHLY_PAYROLL,Reporting,18,Monday,18,22,4,22,367279,51,29,Ready,Success
321,JOB008,SALES_REPORT,Reporting,21,Thursday,30,27,3,89,312546,81,23,Not Ready,Failed
322,JOB015,DAILY_ANALYTICS,Data Processing,22,Sunday,28,21,5,109,248359,26,21,Ready,Failed
323,JOB019,SYSTEM_MONITORING,Data Processing,21,Sunday,8,23,4,45,147099,87,47,Delayed,Success
324,JOB001,DAILY_SALES,Synchronization,13,Friday,10,7,2,46,162407,41,45,Ready,Success
325,JOB002,MONTHLY_PAYROLL,Synchronization,5,Monday,12,21,1,37,205037,48,92,Ready,Success
326,JOB012,DATABASE_BACKUP,Data Processing,5,Tuesday,12,3,5,47,478303,22,49,Ready,Failed
327,JOB011,EMPLOYEE_DATA_SYNC,Reporting,12,Tuesday,26,19,3,18,482327,41,28,Ready,Failed
328,JOB009,STOCK_UPDATE,Backup,18,Monday,23,19,9,59,340012,72,20,Not Ready,Failed
329,JOB002,MONTHLY_PAYROLL,Data Processing,21,Thursday,18,5,2,62,424800,76,75,Ready,Success
330,JOB006,FINANCE_REPORT,Synchronization,7,Friday,25,0,7,14,43245,29,75,Ready,Success
331,JOB014,MASTER_DATA_SYNC,Reporting,1,Wednesday,20,27,8,32,16077,59,95,Ready,Success
332,JOB020,ARCHIVE_JOB,Data Transfer,20,Monday,18,17,6,18,109283,39,80,Ready,Success
333,JOB014,MASTER_DATA_SYNC,Data Processing,0,Friday,4,5,1,87,412068,30,64,Delayed,Success
334,JOB005,BACKUP_JOB,Data Processing,14,Sunday,15,29,7,30,381865,27,32,Ready,Success
335,JOB011,EMPLOYEE_DATA_SYNC,Backup,0,Friday,8,13,4,78,51654,55,33,Ready,Failed
336,JOB008,SALES_REPORT,Reporting,4,Saturday,30,10,9,21,324807,44,29,Delayed,Failed
337,JOB005,BACKUP_JOB,Backup,15,Tuesday,27,16,6,38,269744,58,36,Delayed,Failed
338,JOB011,EMPLOYEE_DATA_SYNC,Data Transfer,18,Wednesday,19,8,4,18,202422,81,36,Ready,Failed
339,JOB020,ARCHIVE_JOB,Reporting,3,Monday,21,27,1,30,176469,40,50,Delayed,Success
340,JOB007,CUSTOMER_REPORT,Backup,2,Tuesday,2,21,3,118,333724,38,65,Not Ready,Success
341,JOB019,SYSTEM_MONITORING,Data Transfer,16,Saturday,18,6,4,38,279555,44,68,Ready,Success
342,JOB005,BACKUP_JOB,Data Transfer,16,Saturday,4,13,5,120,327508,24,94,Delayed,Failed
343,JOB015,DAILY_ANALYTICS,Data Processing,11,Tuesday,7,27,4,87,221890,31,37,Ready,Success
344,JOB016,WAREHOUSE_UPDATE,Reporting,13,Thursday,13,16,9,28,305004,44,94,Delayed,Failed
345,JOB009,STOCK_UPDATE,Data Transfer,20,Friday,23,7,0,99,436024,24,30,Not Ready,Failed
346,JOB017,INVOICE_PROCESSING,Backup,5,Monday,2,27,0,108,328780,95,92,Delayed,Failed
347,JOB009,STOCK_UPDATE,Reporting,2,Monday,23,15,2,74,453665,46,74,Ready,Failed
348,JOB019,SYSTEM_MONITORING,Data Transfer,8,Monday,12,11,8,24,16383,23,22,Ready,Failed
349,JOB004,DATA_TRANSFER,Data Processing,4,Tuesday,10,11,1,43,480646,64,35,Delayed,Failed
350,JOB005,BACKUP_JOB,Synchronization,23,Sunday,28,27,9,49,57546,66,28,Ready,Success
351,JOB010,ORDER_PROCESSING,Synchronization,16,Thursday,7,27,4,38,168080,47,87,Delayed,Success
352,JOB014,MASTER_DATA_SYNC,Synchronization,13,Wednesday,18,4,8,26,442832,54,64,Ready,Success
353,JOB005,BACKUP_JOB,Data Transfer,20,Saturday,9,4,6,75,405725,35,21,Not Ready,Failed
354,JOB010,ORDER_PROCESSING,Data Transfer,2,Tuesday,30,13,7,37,178987,31,41,Delayed,Success
355,JOB003,INVENTORY_UPDATE,Backup,0,Sunday,28,5,1,10,164838,94,88,Delayed,Success
356,JOB004,DATA_TRANSFER,Synchronization,19,Wednesday,30,6,4,20,131771,62,68,Ready,Failed
357,JOB006,FINANCE_REPORT,Synchronization,20,Saturday,25,22,8,76,130386,47,40,Delayed,Failed
358,JOB015,DAILY_ANALYTICS,Reporting,22,Saturday,17,20,0,113,461240,38,93,Ready,Failed
359,JOB011,EMPLOYEE_DATA_SYNC,Reporting,0,Thursday,25,16,0,27,35221,94,74,Ready,Success
360,JOB020,ARCHIVE_JOB,Data Transfer,2,Friday,17,26,9,22,183025,87,23,Not Ready,Failed
361,JOB018,VENDOR_DATA_SYNC,Data Transfer,17,Monday,24,8,7,18,193932,93,77,Ready,Failed
362,JOB014,MASTER_DATA_SYNC,Data Processing,9,Wednesday,6,21,1,54,467836,74,89,Ready,Failed
363,JOB001,DAILY_SALES,Synchronization,21,Tuesday,15,12,8,65,160764,55,78,Delayed,Success
364,JOB009,STOCK_UPDATE,Synchronization,2,Wednesday,5,8,9,40,95843,81,45,Ready,Failed
365,JOB006,FINANCE_REPORT,Data Transfer,7,Friday,15,26,8,19,176472,58,93,Not Ready,Failed
366,JOB014,MASTER_DATA_SYNC,Backup,13,Monday,15,15,3,9,103863,60,88,Ready,Failed
367,JOB007,CUSTOMER_REPORT,Reporting,23,Wednesday,22,3,1,57,465992,79,58,Ready,Success
368,JOB017,INVOICE_PROCESSING,Synchronization,17,Friday,23,1,2,114,74353,85,20,Not Ready,Failed
369,JOB006,FINANCE_REPORT,Backup,14,Tuesday,27,12,9,52,362963,78,76,Ready,Failed
370,JOB016,WAREHOUSE_UPDATE,Reporting,21,Thursday,0,12,0,83,111417,59,67,Ready,Success
371,JOB008,SALES_REPORT,Data Processing,22,Sunday,23,18,2,15,344392,38,91,Not Ready,Failed
372,JOB013,LOG_CLEANUP,Data Transfer,1,Saturday,18,11,4,6,279108,74,40,Ready,Failed
373,JOB018,VENDOR_DATA_SYNC,Backup,9,Tuesday,2,3,2,91,421958,65,50,Ready,Failed
374,JOB001,DAILY_SALES,Reporting,1,Monday,5,9,2,28,189439,23,77,Delayed,Success
375,JOB011,EMPLOYEE_DATA_SYNC,Data Transfer,16,Saturday,3,15,9,86,195939,81,66,Not Ready,Failed
376,JOB007,CUSTOMER_REPORT,Data Transfer,7,Sunday,3,27,5,72,189811,44,42,Delayed,Failed
377,JOB008,SALES_REPORT,Synchronization,0,Tuesday,3,23,2,83,297339,82,94,Ready,Success
378,JOB012,DATABASE_BACKUP,Reporting,8,Tuesday,9,18,2,16,465837,89,26,Ready,Success
379,JOB014,MASTER_DATA_SYNC,Data Transfer,10,Tuesday,8,7,8,63,229999,32,68,Ready,Success
380,JOB001,DAILY_SALES,Synchronization,21,Tuesday,7,5,1,71,228149,23,50,Ready,Success
381,JOB007,CUSTOMER_REPORT,Data Transfer,15,Saturday,18,3,0,36,438380,21,66,Ready,Success
382,JOB017,INVOICE_PROCESSING,Reporting,6,Monday,16,29,9,40,262411,86,87,Delayed,Failed
383,JOB002,MONTHLY_PAYROLL,Data Transfer,9,Sunday,16,6,7,25,411613,49,54,Ready,Failed
384,JOB012,DATABASE_BACKUP,Data Processing,22,Friday,0,13,2,116,434263,23,94,Ready,Success
385,JOB015,DAILY_ANALYTICS,Data Processing,2,Wednesday,19,26,6,74,496746,67,53,Not Ready,Failed
386,JOB006,FINANCE_REPORT,Data Processing,17,Thursday,13,12,1,70,238987,62,77,Ready,Success
387,JOB020,ARCHIVE_JOB,Data Processing,23,Sunday,21,20,7,13,332029,64,34,Ready,Success
388,JOB004,DATA_TRANSFER,Backup,12,Wednesday,19,4,8,80,442095,32,90,Ready,Failed
389,JOB004,DATA_TRANSFER,Data Transfer,6,Wednesday,26,8,7,48,236452,66,61,Ready,Success
390,JOB012,DATABASE_BACKUP,Data Transfer,3,Thursday,10,28,7,63,13157,47,37,Delayed,Success
391,JOB011,EMPLOYEE_DATA_SYNC,Data Transfer,12,Sunday,2,2,7,28,385589,56,57,Ready,Success
392,JOB010,ORDER_PROCESSING,Data Transfer,19,Saturday,23,9,6,67,63214,47,83,Ready,Failed
393,JOB005,BACKUP_JOB,Synchronization,0,Monday,29,14,1,82,235563,46,48,Delayed,Failed
394,JOB018,VENDOR_DATA_SYNC,Backup,7,Thursday,7,19,7,117,277029,49,29,Ready,Success
395,JOB004,DATA_TRANSFER,Data Transfer,13,Monday,21,20,4,45,108922,25,36,Delayed,Failed
396,JOB003,INVENTORY_UPDATE,Synchronization,15,Saturday,24,16,5,80,401234,28,51,Delayed,Failed
397,JOB017,INVOICE_PROCESSING,Backup,13,Wednesday,27,22,3,95,218262,25,80,Ready,Failed
398,JOB002,MONTHLY_PAYROLL,Synchronization,11,Monday,9,23,0,78,80127,48,65,Delayed,Success
399,JOB015,DAILY_ANALYTICS,Data Processing,18,Saturday,16,5,4,111,468407,89,90,Ready,Failed
400,JOB017,INVOICE_PROCESSING,Data Processing,22,Saturday,28,24,2,6,263533,85,75,Ready,Success
401,JOB002,MONTHLY_PAYROLL,Synchronization,14,Friday,7,2,8,99,171731,72,80,Ready,Success
402,JOB012,DATABASE_BACKUP,Data Transfer,1,Thursday,21,17,3,32,17519,89,63,Ready,Failed
403,JOB017,INVOICE_PROCESSING,Backup,1,Friday,0,4,9,20,36224,24,57,Ready,Failed
404,JOB017,INVOICE_PROCESSING,Reporting,22,Wednesday,19,12,1,63,478407,39,69,Ready,Success
405,JOB005,BACKUP_JOB,Synchronization,21,Thursday,20,24,3,5,321088,31,93,Ready,Success
406,JOB010,ORDER_PROCESSING,Synchronization,18,Wednesday,6,26,2,90,286641,27,51,Not Ready,Success
407,JOB011,EMPLOYEE_DATA_SYNC,Synchronization,21,Friday,23,0,2,5,419410,77,72,Ready,Failed
408,JOB015,DAILY_ANALYTICS,Data Transfer,21,Sunday,8,16,4,35,403984,68,67,Ready,Success
409,JOB014,MASTER_DATA_SYNC,Synchronization,16,Saturday,27,25,0,26,422561,83,20,Not Ready,Failed
410,JOB013,LOG_CLEANUP,Reporting,19,Wednesday,11,2,4,102,121784,69,49,Delayed,Success
411,JOB007,CUSTOMER_REPORT,Data Processing,9,Thursday,21,25,7,80,405333,58,28,Ready,Failed
412,JOB016,WAREHOUSE_UPDATE,Data Processing,5,Thursday,25,18,9,63,39274,59,52,Ready,Failed
413,JOB017,INVOICE_PROCESSING,Backup,14,Wednesday,8,20,8,91,451568,50,45,Not Ready,Failed
414,JOB016,WAREHOUSE_UPDATE,Backup,21,Thursday,19,19,0,32,75931,22,61,Ready,Success
415,JOB001,DAILY_SALES,Data Processing,10,Saturday,23,21,1,120,273057,91,93,Ready,Success
416,JOB019,SYSTEM_MONITORING,Reporting,4,Sunday,2,11,1,118,188835,49,61,Delayed,Success
417,JOB018,VENDOR_DATA_SYNC,Reporting,0,Saturday,3,7,5,80,403001,48,58,Ready,Failed
418,JOB016,WAREHOUSE_UPDATE,Data Transfer,7,Thursday,9,7,0,31,471704,89,80,Ready,Failed
419,JOB002,MONTHLY_PAYROLL,Data Processing,20,Wednesday,3,14,0,91,370245,75,66,Not Ready,Failed
420,JOB002,MONTHLY_PAYROLL,Data Processing,11,Friday,21,10,1,5,220012,85,61,Ready,Failed
421,JOB008,SALES_REPORT,Backup,11,Thursday,30,19,3,111,297381,82,67,Ready,Failed
422,JOB003,INVENTORY_UPDATE,Data Transfer,4,Thursday,8,0,1,6,80987,49,71,Ready,Failed
423,JOB020,ARCHIVE_JOB,Data Processing,6,Thursday,21,28,3,112,182919,72,52,Ready,Failed
424,JOB016,WAREHOUSE_UPDATE,Backup,3,Thursday,0,15,2,99,31964,65,46,Not Ready,Success
425,JOB004,DATA_TRANSFER,Backup,5,Wednesday,4,29,2,70,362754,28,62,Ready,Success
426,JOB004,DATA_TRANSFER,Backup,12,Friday,8,13,8,53,268476,26,48,Ready,Success
427,JOB001,DAILY_SALES,Backup,19,Friday,4,6,7,93,27263,82,38,Delayed,Failed
428,JOB001,DAILY_SALES,Reporting,14,Monday,5,5,9,106,236173,66,47,Ready,Success
429,JOB001,DAILY_SALES,Synchronization,2,Thursday,18,20,8,116,310698,63,29,Ready,Failed
430,JOB002,MONTHLY_PAYROLL,Backup,22,Thursday,7,3,0,23,152439,68,86,Ready,Success
431,JOB012,DATABASE_BACKUP,Reporting,7,Monday,9,21,4,32,143990,81,35,Not Ready,Failed
432,JOB015,DAILY_ANALYTICS,Synchronization,19,Friday,10,7,3,74,370688,78,20,Ready,Success
433,JOB007,CUSTOMER_REPORT,Reporting,15,Tuesday,12,21,8,43,215727,94,23,Delayed,Success
434,JOB003,INVENTORY_UPDATE,Synchronization,12,Saturday,19,18,2,23,316624,94,88,Ready,Success
435,JOB007,CUSTOMER_REPORT,Reporting,17,Tuesday,3,24,4,120,195051,32,23,Ready,Success
436,JOB013,LOG_CLEANUP,Data Transfer,9,Friday,10,2,7,68,151815,49,39,Not Ready,Failed
437,JOB007,CUSTOMER_REPORT,Reporting,18,Sunday,11,3,9,62,468628,62,82,Not Ready,Failed
438,JOB017,INVOICE_PROCESSING,Data Transfer,16,Thursday,4,12,4,21,72863,70,54,Delayed,Failed
439,JOB016,WAREHOUSE_UPDATE,Synchronization,23,Tuesday,29,20,8,74,310498,27,64,Not Ready,Failed
440,JOB015,DAILY_ANALYTICS,Data Processing,18,Wednesday,9,26,1,83,158986,56,76,Ready,Success
441,JOB003,INVENTORY_UPDATE,Data Processing,22,Wednesday,30,1,5,90,485276,83,43,Ready,Failed
442,JOB004,DATA_TRANSFER,Backup,4,Monday,24,10,4,45,40709,58,39,Ready,Success
443,JOB016,WAREHOUSE_UPDATE,Synchronization,20,Friday,28,15,8,102,487758,27,47,Not Ready,Failed
444,JOB017,INVOICE_PROCESSING,Reporting,22,Friday,23,9,6,9,470615,81,57,Not Ready,Failed
445,JOB008,SALES_REPORT,Backup,8,Tuesday,6,14,7,27,492824,58,43,Ready,Success
446,JOB016,WAREHOUSE_UPDATE,Reporting,11,Thursday,20,26,6,73,68933,33,43,Ready,Success
447,JOB006,FINANCE_REPORT,Data Processing,20,Friday,8,9,9,112,278842,71,89,Delayed,Failed
448,JOB009,STOCK_UPDATE,Backup,0,Tuesday,8,1,9,14,154523,76,44,Delayed,Success
449,JOB004,DATA_TRANSFER,Synchronization,0,Tuesday,9,5,4,72,495046,40,88,Delayed,Failed
450,JOB009,STOCK_UPDATE,Synchronization,14,Saturday,9,13,4,16,106463,42,36,Ready,Success
451,JOB012,DATABASE_BACKUP,Backup,1,Saturday,1,1,3,115,144489,23,77,Ready,Failed
452,JOB015,DAILY_ANALYTICS,Backup,21,Friday,3,9,1,14,296098,93,92,Ready,Failed
453,JOB006,FINANCE_REPORT,Reporting,15,Tuesday,7,16,8,64,326028,62,39,Ready,Success
454,JOB014,MASTER_DATA_SYNC,Reporting,7,Monday,28,7,9,34,426455,30,21,Ready,Success
455,JOB015,DAILY_ANALYTICS,Synchronization,12,Monday,13,25,9,118,330244,38,28,Ready,Failed
456,JOB012,DATABASE_BACKUP,Synchronization,20,Saturday,16,15,9,28,171653,84,82,Ready,Success
457,JOB014,MASTER_DATA_SYNC,Backup,0,Friday,12,13,9,73,363357,21,87,Ready,Failed
458,JOB002,MONTHLY_PAYROLL,Data Transfer,15,Thursday,30,9,2,17,486610,68,25,Ready,Success
459,JOB018,VENDOR_DATA_SYNC,Backup,6,Sunday,20,12,2,104,107773,88,30,Ready,Failed
460,JOB012,DATABASE_BACKUP,Backup,4,Monday,23,0,2,13,491597,53,40,Ready,Failed
461,JOB017,INVOICE_PROCESSING,Data Processing,21,Monday,17,9,7,22,149938,23,82,Ready,Failed
462,JOB012,DATABASE_BACKUP,Backup,22,Saturday,17,29,5,39,189128,58,49,Ready,Success
463,JOB011,EMPLOYEE_DATA_SYNC,Data Processing,2,Saturday,12,21,0,99,22266,68,40,Ready,Success
464,JOB006,FINANCE_REPORT,Reporting,11,Friday,7,11,2,92,220970,22,42,Ready,Success
465,JOB004,DATA_TRANSFER,Data Transfer,15,Saturday,25,29,3,111,374991,45,80,Ready,Success
466,JOB011,EMPLOYEE_DATA_SYNC,Backup,18,Wednesday,11,16,1,8,174909,60,49,Ready,Success
467,JOB005,BACKUP_JOB,Reporting,4,Sunday,24,23,5,45,244985,84,65,Ready,Success
468,JOB017,INVOICE_PROCESSING,Backup,21,Tuesday,22,13,9,30,144724,35,79,Ready,Success
469,JOB012,DATABASE_BACKUP,Backup,13,Monday,23,4,0,48,276933,77,37,Ready,Success
470,JOB016,WAREHOUSE_UPDATE,Reporting,4,Wednesday,20,18,0,46,115624,54,81,Ready,Success
471,JOB008,SALES_REPORT,Backup,14,Thursday,0,4,7,14,406971,35,64,Delayed,Failed
472,JOB011,EMPLOYEE_DATA_SYNC,Data Transfer,16,Wednesday,19,14,3,109,43608,52,80,Ready,Failed
473,JOB007,CUSTOMER_REPORT,Backup,13,Friday,30,12,0,110,166764,50,78,Ready,Success
474,JOB003,INVENTORY_UPDATE,Data Processing,19,Thursday,17,16,6,77,31667,41,54,Delayed,Failed
475,JOB013,LOG_CLEANUP,Reporting,4,Thursday,2,0,8,5,331378,80,41,Ready,Failed
476,JOB005,BACKUP_JOB,Data Processing,11,Saturday,11,27,9,58,48929,83,43,Ready,Failed
477,JOB009,STOCK_UPDATE,Data Transfer,15,Wednesday,18,13,6,20,387321,89,70,Ready,Failed
478,JOB003,INVENTORY_UPDATE,Backup,15,Friday,24,3,0,50,452911,54,84,Ready,Success
479,JOB004,DATA_TRANSFER,Reporting,20,Monday,12,24,0,17,241476,58,34,Ready,Success
480,JOB009,STOCK_UPDATE,Reporting,6,Sunday,30,29,0,106,224415,22,47,Ready,Success
481,JOB015,DAILY_ANALYTICS,Data Processing,3,Saturday,9,8,7,68,81789,32,61,Ready,Success
482,JOB009,STOCK_UPDATE,Data Transfer,0,Wednesday,14,16,6,82,80671,33,39,Delayed,Failed
483,JOB020,ARCHIVE_JOB,Data Processing,4,Monday,19,2,2,108,224212,60,62,Ready,Success
484,JOB001,DAILY_SALES,Synchronization,22,Wednesday,1,12,2,91,321705,27,88,Ready,Success
485,JOB005,BACKUP_JOB,Data Transfer,9,Saturday,18,11,2,59,459518,38,82,Ready,Success
486,JOB007,CUSTOMER_REPORT,Backup,21,Monday,2,15,1,67,345335,33,62,Delayed,Success
487,JOB006,FINANCE_REPORT,Synchronization,4,Saturday,13,3,3,22,117011,94,21,Ready,Failed
488,JOB008,SALES_REPORT,Data Processing,3,Wednesday,6,17,6,65,369199,69,42,Ready,Success
489,JOB012,DATABASE_BACKUP,Data Processing,1,Thursday,7,22,8,96,494763,80,31,Ready,Success
490,JOB003,INVENTORY_UPDATE,Data Transfer,19,Sunday,28,2,2,24,16117,55,65,Ready,Failed
491,JOB019,SYSTEM_MONITORING,Data Transfer,9,Tuesday,10,16,9,69,85872,86,52,Ready,Failed
492,JOB003,INVENTORY_UPDATE,Data Processing,18,Sunday,28,0,6,68,17714,64,63,Delayed,Failed
493,JOB008,SALES_REPORT,Reporting,0,Thursday,21,18,3,80,432855,93,44,Delayed,Success
494,JOB015,DAILY_ANALYTICS,Backup,23,Saturday,19,21,0,95,446925,91,54,Ready,Failed
495,JOB014,MASTER_DATA_SYNC,Data Transfer,4,Sunday,5,3,4,68,405075,26,54,Not Ready,Failed
496,JOB008,SALES_REPORT,Reporting,12,Saturday,28,16,7,111,208346,41,84,Not Ready,Failed
497,JOB012,DATABASE_BACKUP,Data Processing,3,Saturday,10,6,2,17,209271,28,62,Not Ready,Success
498,JOB008,SALES_REPORT,Data Processing,15,Monday,16,1,9,72,237940,79,87,Ready,Success
499,JOB007,CUSTOMER_REPORT,Reporting,23,Friday,28,11,3,93,461579,61,81,Ready,Failed
500,JOB006,FINANCE_REPORT,Data Processing,15,Saturday,9,4,2,74,404243,78,50,Ready,Success
501,JOB002,MONTHLY_PAYROLL,Backup,22,Sunday,23,15,9,61,491595,59,47,Delayed,Failed
502,JOB015,DAILY_ANALYTICS,Reporting,1,Sunday,16,7,7,49,257080,48,30,Ready,Success
503,JOB016,WAREHOUSE_UPDATE,Backup,16,Sunday,30,22,9,90,90869,74,51,Ready,Success
504,JOB007,CUSTOMER_REPORT,Data Transfer,19,Thursday,20,26,7,113,374596,83,85,Ready,Failed
505,JOB001,DAILY_SALES,Synchronization,23,Tuesday,1,27,3,42,131041,61,79,Ready,Success
506,JOB014,MASTER_DATA_SYNC,Backup,11,Saturday,30,7,1,58,8184,48,70,Ready,Success
507,JOB013,LOG_CLEANUP,Synchronization,17,Saturday,5,12,2,40,418472,40,78,Ready,Success
508,JOB017,INVOICE_PROCESSING,Data Processing,2,Saturday,24,25,2,71,311483,82,36,Not Ready,Failed
509,JOB016,WAREHOUSE_UPDATE,Backup,0,Monday,4,13,3,83,45896,82,87,Ready,Failed
510,JOB012,DATABASE_BACKUP,Backup,0,Saturday,3,10,1,15,19557,57,57,Ready,Success
511,JOB006,FINANCE_REPORT,Data Processing,18,Thursday,29,5,1,102,424733,85,83,Ready,Failed
512,JOB002,MONTHLY_PAYROLL,Backup,10,Wednesday,1,15,2,31,365157,31,22,Ready,Failed
513,JOB007,CUSTOMER_REPORT,Data Processing,4,Friday,11,22,0,91,197737,52,73,Ready,Success
514,JOB008,SALES_REPORT,Data Transfer,11,Sunday,2,24,7,21,213624,20,95,Ready,Success
515,JOB008,SALES_REPORT,Reporting,2,Saturday,5,21,5,91,56039,87,63,Ready,Success
516,JOB019,SYSTEM_MONITORING,Backup,0,Monday,23,24,2,102,461310,47,49,Ready,Success
517,JOB005,BACKUP_JOB,Data Transfer,0,Thursday,13,14,0,89,470205,81,94,Ready,Failed
518,JOB009,STOCK_UPDATE,Reporting,7,Saturday,7,15,2,37,348264,78,73,Ready,Success
519,JOB015,DAILY_ANALYTICS,Backup,9,Monday,20,12,0,9,408051,68,67,Delayed,Failed
520,JOB012,DATABASE_BACKUP,Data Transfer,10,Wednesday,20,11,2,120,37492,64,54,Ready,Success
521,JOB003,INVENTORY_UPDATE,Backup,11,Tuesday,25,17,3,85,53685,95,87,Not Ready,Failed
522,JOB011,EMPLOYEE_DATA_SYNC,Reporting,12,Saturday,13,28,5,66,382897,25,45,Ready,Success
523,JOB009,STOCK_UPDATE,Backup,11,Thursday,28,17,6,69,387827,39,91,Ready,Failed
524,JOB006,FINANCE_REPORT,Data Processing,13,Monday,2,13,6,75,5693,35,75,Delayed,Failed
525,JOB020,ARCHIVE_JOB,Data Transfer,1,Monday,15,1,8,71,49401,31,95,Ready,Success
526,JOB006,FINANCE_REPORT,Backup,18,Saturday,14,21,7,94,157262,71,88,Ready,Failed
527,JOB012,DATABASE_BACKUP,Data Processing,17,Monday,6,1,3,84,127290,39,83,Ready,Success
528,JOB016,WAREHOUSE_UPDATE,Reporting,2,Tuesday,14,2,5,84,164677,77,48,Ready,Success
529,JOB019,SYSTEM_MONITORING,Reporting,22,Monday,12,28,0,48,153718,64,78,Ready,Success
530,JOB011,EMPLOYEE_DATA_SYNC,Data Processing,16,Sunday,5,23,7,109,177550,21,44,Ready,Success
531,JOB001,DAILY_SALES,Reporting,7,Friday,14,7,5,18,290101,53,91,Ready,Failed
532,JOB007,CUSTOMER_REPORT,Data Processing,9,Sunday,16,10,1,112,117552,45,46,Delayed,Success
533,JOB012,DATABASE_BACKUP,Reporting,1,Friday,3,11,7,94,476076,52,41,Not Ready,Failed
534,JOB019,SYSTEM_MONITORING,Synchronization,18,Monday,21,3,3,95,453512,61,90,Ready,Failed
535,JOB015,DAILY_ANALYTICS,Synchronization,8,Saturday,26,8,8,61,221292,84,66,Ready,Failed
536,JOB018,VENDOR_DATA_SYNC,Backup,6,Friday,21,23,3,52,373567,27,95,Ready,Failed
537,JOB014,MASTER_DATA_SYNC,Reporting,3,Thursday,26,16,0,21,171247,84,74,Ready,Success
538,JOB007,CUSTOMER_REPORT,Synchronization,20,Friday,13,23,6,48,38010,29,28,Ready,Success
539,JOB020,ARCHIVE_JOB,Data Processing,17,Sunday,14,15,9,8,273395,51,73,Delayed,Success
540,JOB005,BACKUP_JOB,Reporting,12,Monday,27,16,4,85,23343,70,83,Ready,Failed
541,JOB010,ORDER_PROCESSING,Data Transfer,10,Saturday,11,14,9,101,351087,76,58,Ready,Failed
542,JOB006,FINANCE_REPORT,Data Processing,23,Wednesday,18,19,4,34,72734,59,27,Ready,Success
543,JOB004,DATA_TRANSFER,Synchronization,3,Saturday,21,25,3,89,97485,85,46,Ready,Failed
544,JOB006,FINANCE_REPORT,Synchronization,20,Saturday,27,21,5,85,115643,50,88,Delayed,Failed
545,JOB004,DATA_TRANSFER,Synchronization,3,Saturday,9,6,0,79,440417,82,52,Ready,Success
546,JOB020,ARCHIVE_JOB,Backup,9,Thursday,5,9,2,119,487236,87,29,Ready,Failed
547,JOB009,STOCK_UPDATE,Backup,4,Tuesday,27,28,6,59,487632,75,35,Ready,Success
548,JOB015,DAILY_ANALYTICS,Data Transfer,8,Sunday,24,3,7,34,470153,31,30,Ready,Success
549,JOB017,INVOICE_PROCESSING,Data Transfer,23,Monday,8,23,8,22,297529,50,38,Ready,Failed
550,JOB005,BACKUP_JOB,Data Processing,2,Tuesday,1,23,0,88,39848,42,83,Ready,Success
551,JOB005,BACKUP_JOB,Data Transfer,16,Wednesday,3,13,3,102,373682,52,71,Ready,Success
552,JOB001,DAILY_SALES,Data Processing,2,Tuesday,8,13,1,109,113174,27,34,Ready,Success
553,JOB020,ARCHIVE_JOB,Reporting,15,Monday,14,13,1,96,396115,81,61,Ready,Success
554,JOB018,VENDOR_DATA_SYNC,Backup,3,Sunday,29,24,0,77,212746,34,57,Ready,Success
555,JOB018,VENDOR_DATA_SYNC,Synchronization,17,Sunday,12,13,4,48,101338,60,68,Ready,Success
556,JOB002,MONTHLY_PAYROLL,Data Processing,16,Monday,19,21,1,66,242139,71,68,Delayed,Success
557,JOB012,DATABASE_BACKUP,Data Transfer,6,Wednesday,7,19,3,35,277127,45,90,Not Ready,Success
558,JOB010,ORDER_PROCESSING,Reporting,23,Monday,25,17,8,113,23706,31,74,Delayed,Success
559,JOB017,INVOICE_PROCESSING,Data Transfer,22,Wednesday,27,14,2,20,237905,46,41,Ready,Success
560,JOB009,STOCK_UPDATE,Synchronization,4,Wednesday,18,22,7,99,204983,87,62,Ready,Failed
561,JOB020,ARCHIVE_JOB,Reporting,11,Monday,18,25,9,97,21357,49,69,Delayed,Success
562,JOB010,ORDER_PROCESSING,Data Transfer,16,Friday,24,18,5,81,290672,23,38,Delayed,Success
563,JOB018,VENDOR_DATA_SYNC,Data Processing,22,Sunday,15,26,9,27,30223,73,91,Delayed,Failed
564,JOB005,BACKUP_JOB,Data Transfer,12,Wednesday,10,12,4,18,50877,53,37,Ready,Failed
565,JOB019,SYSTEM_MONITORING,Backup,22,Monday,9,11,1,107,233879,87,29,Ready,Success
566,JOB015,DAILY_ANALYTICS,Backup,2,Friday,7,18,2,6,45487,75,69,Ready,Success
567,JOB017,INVOICE_PROCESSING,Reporting,8,Sunday,0,18,7,16,377311,37,68,Ready,Failed
568,JOB002,MONTHLY_PAYROLL,Backup,16,Wednesday,9,19,8,62,140103,66,60,Ready,Success
569,JOB012,DATABASE_BACKUP,Data Transfer,16,Sunday,29,1,6,96,157825,91,34,Not Ready,Failed
570,JOB008,SALES_REPORT,Synchronization,19,Friday,17,28,0,100,357341,79,42,Ready,Success
571,JOB007,CUSTOMER_REPORT,Backup,15,Sunday,2,28,5,60,78137,78,95,Ready,Success
572,JOB013,LOG_CLEANUP,Data Processing,21,Thursday,29,20,6,117,216332,21,46,Ready,Success
573,JOB010,ORDER_PROCESSING,Data Transfer,12,Saturday,10,2,5,28,273819,92,25,Delayed,Failed
574,JOB013,LOG_CLEANUP,Backup,18,Thursday,17,9,9,41,433523,35,43,Ready,Failed
575,JOB018,VENDOR_DATA_SYNC,Reporting,16,Friday,2,4,1,33,46221,77,28,Delayed,Success
576,JOB018,VENDOR_DATA_SYNC,Synchronization,3,Wednesday,7,11,8,120,422315,31,93,Ready,Failed
577,JOB016,WAREHOUSE_UPDATE,Synchronization,11,Monday,26,28,2,46,227063,24,81,Delayed,Success
578,JOB014,MASTER_DATA_SYNC,Synchronization,8,Tuesday,26,6,5,22,90020,58,86,Delayed,Failed
579,JOB006,FINANCE_REPORT,Synchronization,18,Monday,27,8,5,7,313855,34,89,Ready,Success
580,JOB011,EMPLOYEE_DATA_SYNC,Data Processing,11,Sunday,13,1,7,81,181173,91,61,Not Ready,Failed
581,JOB018,VENDOR_DATA_SYNC,Backup,8,Tuesday,5,24,3,17,411000,38,79,Ready,Success
582,JOB009,STOCK_UPDATE,Synchronization,6,Tuesday,14,9,5,110,300122,68,67,Ready,Failed
583,JOB006,FINANCE_REPORT,Data Processing,13,Sunday,13,5,0,33,292166,58,75,Ready,Success
584,JOB006,FINANCE_REPORT,Data Processing,19,Sunday,6,11,8,70,86251,34,24,Delayed,Failed
585,JOB005,BACKUP_JOB,Synchronization,18,Wednesday,9,5,8,63,225049,74,73,Not Ready,Failed
586,JOB010,ORDER_PROCESSING,Synchronization,14,Friday,14,26,6,96,300883,86,57,Ready,Failed
587,JOB006,FINANCE_REPORT,Data Processing,15,Monday,30,2,0,52,346313,75,38,Ready,Success
588,JOB013,LOG_CLEANUP,Data Processing,20,Friday,28,29,2,8,246221,64,88,Ready,Success
589,JOB009,STOCK_UPDATE,Reporting,4,Thursday,9,9,4,55,5226,94,92,Ready,Failed
590,JOB006,FINANCE_REPORT,Data Processing,2,Wednesday,21,28,3,9,417007,76,90,Delayed,Failed
591,JOB016,WAREHOUSE_UPDATE,Reporting,11,Wednesday,16,8,4,43,219635,86,43,Ready,Failed
592,JOB017,INVOICE_PROCESSING,Data Transfer,19,Thursday,26,19,6,45,363402,25,29,Ready,Success
593,JOB004,DATA_TRANSFER,Data Transfer,20,Monday,18,4,8,9,352041,89,40,Delayed,Failed
594,JOB012,DATABASE_BACKUP,Reporting,3,Saturday,28,2,0,12,259228,50,34,Ready,Success
595,JOB019,SYSTEM_MONITORING,Data Transfer,20,Thursday,16,4,4,102,369988,41,83,Ready,Failed
596,JOB006,FINANCE_REPORT,Data Processing,22,Monday,11,7,2,60,306622,57,32,Delayed,Success
597,JOB004,DATA_TRANSFER,Data Processing,15,Tuesday,14,7,2,29,189576,77,90,Delayed,Success
598,JOB015,DAILY_ANALYTICS,Synchronization,6,Sunday,25,13,1,95,42073,89,59,Ready,Failed
599,JOB008,SALES_REPORT,Backup,12,Wednesday,11,23,5,56,269305,48,27,Ready,Success
600,JOB018,VENDOR_DATA_SYNC,Synchronization,20,Monday,24,21,5,56,360609,75,57,Ready,Success
601,JOB014,MASTER_DATA_SYNC,Synchronization,9,Friday,28,16,2,11,301373,30,71,Ready,Success
602,JOB015,DAILY_ANALYTICS,Backup,6,Sunday,8,10,0,65,469429,67,21,Delayed,Failed
603,JOB015,DAILY_ANALYTICS,Reporting,13,Friday,4,25,6,104,2628,79,41,Delayed,Failed
604,JOB003,INVENTORY_UPDATE,Data Processing,4,Sunday,3,15,1,100,336660,70,23,Ready,Success
605,JOB017,INVOICE_PROCESSING,Backup,2,Wednesday,11,27,7,89,365686,58,71,Ready,Success
606,JOB009,STOCK_UPDATE,Data Processing,22,Thursday,15,5,2,51,425590,25,26,Ready,Failed
607,JOB012,DATABASE_BACKUP,Reporting,10,Saturday,8,27,0,86,310036,49,20,Ready,Success
608,JOB011,EMPLOYEE_DATA_SYNC,Data Transfer,10,Thursday,24,10,9,70,78411,20,77,Ready,Success
609,JOB012,DATABASE_BACKUP,Synchronization,17,Monday,30,9,8,63,286124,28,81,Ready,Failed
610,JOB006,FINANCE_REPORT,Synchronization,14,Thursday,2,22,4,114,478634,64,85,Ready,Failed
611,JOB015,DAILY_ANALYTICS,Data Processing,11,Wednesday,20,29,0,110,166835,27,74,Ready,Failed
612,JOB019,SYSTEM_MONITORING,Backup,8,Monday,2,8,9,9,404517,53,32,Not Ready,Failed
613,JOB016,WAREHOUSE_UPDATE,Data Transfer,9,Tuesday,25,27,5,48,198203,27,47,Delayed,Failed
614,JOB005,BACKUP_JOB,Data Processing,11,Thursday,17,23,9,46,477075,31,33,Ready,Failed
615,JOB005,BACKUP_JOB,Synchronization,16,Thursday,16,26,2,65,313595,62,22,Ready,Success
616,JOB009,STOCK_UPDATE,Data Processing,5,Saturday,27,27,3,67,389774,75,35,Ready,Success
617,JOB002,MONTHLY_PAYROLL,Data Processing,6,Monday,9,23,7,54,284942,50,65,Ready,Success
618,JOB016,WAREHOUSE_UPDATE,Synchronization,13,Friday,1,14,4,42,190568,61,22,Ready,Success
619,JOB010,ORDER_PROCESSING,Data Transfer,12,Thursday,23,6,5,96,456019,52,22,Delayed,Failed
620,JOB010,ORDER_PROCESSING,Data Processing,7,Wednesday,10,17,9,99,243754,38,60,Ready,Success
621,JOB016,WAREHOUSE_UPDATE,Backup,9,Thursday,23,0,3,58,224278,74,48,Ready,Failed
622,JOB020,ARCHIVE_JOB,Backup,8,Saturday,2,14,5,48,102320,23,59,Delayed,Failed
623,JOB013,LOG_CLEANUP,Reporting,17,Tuesday,22,1,2,28,10589,31,38,Delayed,Success
624,JOB014,MASTER_DATA_SYNC,Reporting,1,Saturday,22,21,9,67,233245,47,39,Ready,Success
625,JOB017,INVOICE_PROCESSING,Reporting,4,Thursday,1,28,0,101,374395,77,40,Delayed,Failed
626,JOB020,ARCHIVE_JOB,Backup,4,Friday,8,1,5,43,343777,67,39,Ready,Success
627,JOB018,VENDOR_DATA_SYNC,Data Transfer,5,Sunday,18,9,0,16,108656,20,66,Not Ready,Success
628,JOB016,WAREHOUSE_UPDATE,Data Processing,18,Thursday,1,19,9,67,311366,94,63,Ready,Success
629,JOB011,EMPLOYEE_DATA_SYNC,Backup,7,Monday,27,14,2,107,7381,63,21,Ready,Success
630,JOB003,INVENTORY_UPDATE,Reporting,15,Thursday,18,9,7,13,91907,82,62,Ready,Success
631,JOB015,DAILY_ANALYTICS,Reporting,12,Friday,1,18,6,120,246567,57,76,Ready,Success
632,JOB018,VENDOR_DATA_SYNC,Data Processing,0,Monday,14,21,7,83,496650,28,38,Ready,Success
633,JOB013,LOG_CLEANUP,Reporting,21,Wednesday,23,27,9,91,319759,25,83,Ready,Failed
634,JOB017,INVOICE_PROCESSING,Synchronization,19,Monday,20,27,9,112,162660,89,65,Delayed,Failed
635,JOB012,DATABASE_BACKUP,Data Transfer,16,Saturday,2,12,1,113,69453,71,60,Ready,Success
636,JOB001,DAILY_SALES,Synchronization,6,Tuesday,4,29,9,26,28115,86,86,Not Ready,Failed
637,JOB005,BACKUP_JOB,Backup,12,Saturday,10,23,6,40,267497,35,33,Ready,Success
638,JOB019,SYSTEM_MONITORING,Data Processing,3,Sunday,26,10,3,78,77162,21,39,Ready,Success
639,JOB009,STOCK_UPDATE,Data Transfer,3,Monday,23,21,0,32,333045,55,54,Delayed,Success
640,JOB008,SALES_REPORT,Data Transfer,5,Wednesday,6,1,2,60,289720,90,44,Ready,Success
641,JOB020,ARCHIVE_JOB,Synchronization,18,Thursday,5,20,4,103,114506,54,23,Ready,Success
642,JOB013,LOG_CLEANUP,Reporting,11,Monday,13,26,9,33,348182,49,76,Delayed,Failed
643,JOB010,ORDER_PROCESSING,Backup,21,Saturday,28,12,7,9,417349,64,21,Ready,Success
644,JOB012,DATABASE_BACKUP,Reporting,6,Monday,0,21,1,8,306845,65,85,Delayed,Success
645,JOB018,VENDOR_DATA_SYNC,Data Transfer,9,Monday,25,24,1,55,468897,84,40,Ready,Failed
646,JOB008,SALES_REPORT,Reporting,18,Monday,16,21,7,19,92837,20,71,Not Ready,Failed
647,JOB006,FINANCE_REPORT,Backup,6,Wednesday,16,25,8,98,125390,76,94,Ready,Failed
648,JOB008,SALES_REPORT,Data Transfer,2,Friday,13,20,9,64,436762,90,34,Delayed,Failed
649,JOB011,EMPLOYEE_DATA_SYNC,Reporting,12,Friday,9,0,0,30,84661,86,65,Delayed,Failed
650,JOB013,LOG_CLEANUP,Data Processing,12,Monday,29,25,1,27,443159,50,50,Ready,Failed
651,JOB007,CUSTOMER_REPORT,Reporting,17,Wednesday,7,4,3,107,462210,44,81,Ready,Failed
652,JOB016,WAREHOUSE_UPDATE,Data Processing,19,Wednesday,7,20,2,33,28468,66,53,Ready,Failed
653,JOB013,LOG_CLEANUP,Synchronization,7,Sunday,13,21,0,90,387998,75,55,Ready,Success
654,JOB020,ARCHIVE_JOB,Backup,8,Monday,6,6,3,103,195684,20,63,Ready,Success
655,JOB003,INVENTORY_UPDATE,Data Processing,6,Saturday,5,12,1,61,302267,56,82,Ready,Success
656,JOB018,VENDOR_DATA_SYNC,Backup,0,Saturday,3,12,9,66,243608,94,37,Not Ready,Failed
657,JOB018,VENDOR_DATA_SYNC,Synchronization,2,Tuesday,0,19,4,63,73599,86,64,Ready,Success
658,JOB018,VENDOR_DATA_SYNC,Reporting,12,Monday,14,22,0,52,233713,31,58,Ready,Success
659,JOB019,SYSTEM_MONITORING,Reporting,16,Tuesday,30,20,7,115,253038,39,45,Delayed,Failed
660,JOB004,DATA_TRANSFER,Data Processing,23,Saturday,24,5,9,86,138075,49,94,Ready,Success
661,JOB005,BACKUP_JOB,Synchronization,0,Saturday,14,19,1,39,405240,93,43,Delayed,Success
662,JOB004,DATA_TRANSFER,Reporting,5,Monday,0,11,2,50,280317,83,77,Ready,Success
663,JOB020,ARCHIVE_JOB,Data Transfer,20,Tuesday,19,7,2,37,138530,83,69,Delayed,Success
664,JOB014,MASTER_DATA_SYNC,Synchronization,5,Tuesday,2,8,3,75,238867,37,91,Ready,Success
665,JOB019,SYSTEM_MONITORING,Data Transfer,11,Monday,22,17,6,102,324338,51,58,Delayed,Failed
666,JOB007,CUSTOMER_REPORT,Data Transfer,12,Sunday,4,27,8,14,477457,38,91,Ready,Success
667,JOB007,CUSTOMER_REPORT,Synchronization,12,Tuesday,4,10,2,92,122110,52,50,Delayed,Success
668,JOB020,ARCHIVE_JOB,Reporting,14,Sunday,3,19,0,93,54621,81,55,Not Ready,Failed
669,JOB013,LOG_CLEANUP,Synchronization,20,Thursday,16,10,9,52,65213,41,58,Delayed,Success
670,JOB001,DAILY_SALES,Reporting,15,Saturday,20,23,0,48,106959,48,40,Delayed,Failed
671,JOB002,MONTHLY_PAYROLL,Backup,21,Friday,19,23,5,95,134181,23,42,Ready,Success
672,JOB004,DATA_TRANSFER,Data Transfer,20,Sunday,13,14,4,118,122710,69,73,Ready,Failed
673,JOB004,DATA_TRANSFER,Data Processing,10,Sunday,25,8,9,74,407581,95,55,Ready,Failed
674,JOB002,MONTHLY_PAYROLL,Synchronization,4,Sunday,28,2,6,67,445753,23,34,Ready,Success
675,JOB001,DAILY_SALES,Data Processing,3,Wednesday,7,16,6,53,495966,24,21,Ready,Success
676,JOB011,EMPLOYEE_DATA_SYNC,Backup,2,Tuesday,1,24,2,76,212820,58,95,Ready,Success
677,JOB001,DAILY_SALES,Backup,18,Tuesday,7,16,6,89,30145,76,89,Ready,Failed
678,JOB006,FINANCE_REPORT,Data Transfer,19,Wednesday,0,2,8,45,341079,50,57,Not Ready,Failed
679,JOB016,WAREHOUSE_UPDATE,Data Processing,17,Tuesday,28,18,7,87,333765,26,84,Ready,Failed
680,JOB015,DAILY_ANALYTICS,Backup,14,Wednesday,3,8,2,102,418036,31,69,Ready,Failed
681,JOB009,STOCK_UPDATE,Data Transfer,8,Sunday,18,16,9,43,81195,29,20,Ready,Success
682,JOB014,MASTER_DATA_SYNC,Synchronization,16,Monday,4,22,4,111,165458,48,40,Ready,Success
683,JOB001,DAILY_SALES,Synchronization,13,Thursday,28,17,7,27,284418,32,76,Delayed,Failed
684,JOB010,ORDER_PROCESSING,Data Processing,14,Sunday,4,22,1,17,403290,89,38,Ready,Success
685,JOB002,MONTHLY_PAYROLL,Data Transfer,0,Thursday,20,14,6,110,199311,50,48,Delayed,Success
686,JOB019,SYSTEM_MONITORING,Data Transfer,20,Saturday,27,0,9,115,369201,28,69,Ready,Failed
687,JOB020,ARCHIVE_JOB,Data Transfer,21,Sunday,19,28,9,57,274131,70,53,Delayed,Success
688,JOB003,INVENTORY_UPDATE,Reporting,21,Friday,23,25,6,107,129603,35,73,Delayed,Success
689,JOB003,INVENTORY_UPDATE,Backup,2,Tuesday,18,9,7,96,161852,78,51,Ready,Failed
690,JOB019,SYSTEM_MONITORING,Data Transfer,15,Friday,11,7,0,74,183643,77,23,Delayed,Success
691,JOB015,DAILY_ANALYTICS,Reporting,22,Monday,19,9,7,61,325682,30,49,Delayed,Failed
692,JOB018,VENDOR_DATA_SYNC,Reporting,10,Thursday,0,28,0,80,390715,55,37,Ready,Failed
693,JOB017,INVOICE_PROCESSING,Synchronization,11,Sunday,6,25,2,71,373468,20,88,Not Ready,Failed
694,JOB011,EMPLOYEE_DATA_SYNC,Backup,9,Monday,16,1,8,52,484835,40,48,Ready,Failed
695,JOB002,MONTHLY_PAYROLL,Synchronization,15,Monday,30,18,3,24,89291,63,31,Ready,Failed
696,JOB010,ORDER_PROCESSING,Backup,7,Tuesday,1,13,9,109,65082,56,34,Ready,Success
697,JOB015,DAILY_ANALYTICS,Synchronization,5,Monday,10,7,8,110,142299,25,72,Ready,Failed
698,JOB017,INVOICE_PROCESSING,Reporting,11,Sunday,6,18,0,66,493937,33,54,Delayed,Success
699,JOB015,DAILY_ANALYTICS,Data Transfer,23,Sunday,16,0,7,49,170998,20,71,Ready,Failed
700,JOB014,MASTER_DATA_SYNC,Data Transfer,20,Thursday,26,15,2,67,270292,27,72,Ready,Failed
701,JOB003,INVENTORY_UPDATE,Backup,7,Sunday,2,24,6,12,167700,63,33,Ready,Success
702,JOB006,FINANCE_REPORT,Data Transfer,3,Friday,28,23,1,30,31900,94,37,Delayed,Failed
703,JOB019,SYSTEM_MONITORING,Synchronization,7,Thursday,21,14,6,42,274915,46,57,Ready,Success
704,JOB020,ARCHIVE_JOB,Synchronization,17,Tuesday,5,19,6,96,199993,55,57,Ready,Success
705,JOB009,STOCK_UPDATE,Data Processing,4,Thursday,21,23,8,103,329605,61,74,Ready,Success
706,JOB003,INVENTORY_UPDATE,Data Processing,8,Wednesday,10,29,1,112,302133,39,30,Delayed,Success
707,JOB015,DAILY_ANALYTICS,Data Transfer,3,Friday,28,4,7,109,33996,27,86,Ready,Failed
708,JOB006,FINANCE_REPORT,Backup,21,Wednesday,17,2,4,45,445136,65,72,Ready,Success
709,JOB010,ORDER_PROCESSING,Reporting,16,Wednesday,17,16,9,111,212997,71,63,Delayed,Success
710,JOB001,DAILY_SALES,Synchronization,8,Saturday,21,28,8,106,290141,45,44,Ready,Failed
711,JOB006,FINANCE_REPORT,Data Processing,0,Sunday,9,9,7,6,261250,54,81,Not Ready,Success
712,JOB013,LOG_CLEANUP,Backup,20,Tuesday,4,4,2,11,292632,79,33,Ready,Success
713,JOB016,WAREHOUSE_UPDATE,Reporting,19,Monday,29,10,2,109,372896,22,66,Delayed,Failed
714,JOB004,DATA_TRANSFER,Reporting,12,Wednesday,22,5,9,29,23975,23,74,Delayed,Failed
715,JOB012,DATABASE_BACKUP,Backup,15,Thursday,22,3,7,55,300454,81,31,Ready,Failed
716,JOB004,DATA_TRANSFER,Reporting,12,Monday,20,6,8,54,204183,83,26,Ready,Failed
717,JOB013,LOG_CLEANUP,Data Processing,13,Thursday,23,18,1,100,65254,69,68,Ready,Success
718,JOB016,WAREHOUSE_UPDATE,Data Transfer,2,Thursday,25,6,2,68,499856,38,33,Ready,Success
719,JOB001,DAILY_SALES,Synchronization,5,Monday,21,13,7,16,94264,62,48,Ready,Failed
720,JOB019,SYSTEM_MONITORING,Data Processing,17,Monday,14,16,1,57,104197,33,66,Delayed,Failed
721,JOB001,DAILY_SALES,Data Processing,18,Sunday,20,22,7,79,26809,33,33,Ready,Success
722,JOB013,LOG_CLEANUP,Synchronization,4,Thursday,19,16,4,14,368874,73,70,Delayed,Failed
723,JOB011,EMPLOYEE_DATA_SYNC,Data Transfer,14,Tuesday,22,12,5,65,307139,48,33,Ready,Failed
724,JOB017,INVOICE_PROCESSING,Data Transfer,1,Sunday,3,26,9,59,200204,22,27,Delayed,Success
725,JOB007,CUSTOMER_REPORT,Reporting,9,Friday,20,0,3,103,387333,92,84,Ready,Failed
726,JOB001,DAILY_SALES,Reporting,23,Saturday,20,1,2,112,466973,24,56,Not Ready,Success
727,JOB002,MONTHLY_PAYROLL,Reporting,17,Friday,0,17,7,72,58812,24,87,Ready,Success
728,JOB009,STOCK_UPDATE,Data Processing,12,Tuesday,14,3,8,46,60760,64,35,Ready,Success
729,JOB014,MASTER_DATA_SYNC,Reporting,4,Sunday,16,12,7,70,389819,83,39,Ready,Failed
730,JOB016,WAREHOUSE_UPDATE,Data Transfer,22,Saturday,18,0,8,48,223037,83,86,Ready,Failed
731,JOB018,VENDOR_DATA_SYNC,Backup,23,Sunday,30,3,0,32,367563,62,90,Ready,Success
732,JOB020,ARCHIVE_JOB,Data Processing,0,Monday,13,1,4,111,18507,62,51,Ready,Success
733,JOB007,CUSTOMER_REPORT,Data Processing,21,Saturday,26,3,6,114,35388,70,88,Ready,Success
734,JOB017,INVOICE_PROCESSING,Backup,0,Thursday,18,15,7,115,454591,32,49,Not Ready,Failed
735,JOB013,LOG_CLEANUP,Data Processing,17,Friday,17,3,1,82,63164,92,39,Ready,Failed
736,JOB002,MONTHLY_PAYROLL,Backup,14,Saturday,27,24,3,62,86894,87,77,Ready,Failed
737,JOB012,DATABASE_BACKUP,Data Processing,16,Thursday,1,8,6,112,320239,88,48,Delayed,Failed
738,JOB010,ORDER_PROCESSING,Backup,10,Sunday,5,16,4,97,446397,26,43,Ready,Failed
739,JOB002,MONTHLY_PAYROLL,Backup,20,Tuesday,12,20,0,6,343613,61,20,Ready,Success
740,JOB006,FINANCE_REPORT,Data Transfer,21,Saturday,16,22,1,59,178726,24,46,Ready,Success
741,JOB001,DAILY_SALES,Backup,16,Thursday,5,19,4,38,362918,66,40,Ready,Failed
742,JOB006,FINANCE_REPORT,Backup,12,Sunday,20,27,5,101,376999,67,36,Ready,Success
743,JOB009,STOCK_UPDATE,Synchronization,0,Sunday,21,20,0,24,339333,66,51,Not Ready,Failed
744,JOB010,ORDER_PROCESSING,Data Processing,1,Sunday,4,1,2,51,260553,27,63,Not Ready,Success
745,JOB010,ORDER_PROCESSING,Data Processing,8,Tuesday,6,2,5,98,255044,40,41,Ready,Success
746,JOB016,WAREHOUSE_UPDATE,Reporting,2,Monday,0,22,5,110,379108,43,61,Ready,Success
747,JOB016,WAREHOUSE_UPDATE,Backup,0,Tuesday,12,25,6,30,147372,32,81,Ready,Failed
748,JOB019,SYSTEM_MONITORING,Backup,20,Tuesday,18,28,9,88,423448,34,67,Ready,Success
749,JOB012,DATABASE_BACKUP,Data Processing,15,Friday,21,14,2,5,141920,72,27,Ready,Success
750,JOB020,ARCHIVE_JOB,Reporting,22,Sunday,0,6,0,69,200718,91,21,Ready,Success
751,JOB010,ORDER_PROCESSING,Data Transfer,5,Thursday,12,3,6,93,366089,50,24,Ready,Success
752,JOB001,DAILY_SALES,Backup,16,Saturday,10,11,2,101,217421,90,47,Ready,Failed
753,JOB015,DAILY_ANALYTICS,Synchronization,4,Friday,26,0,4,91,456433,70,23,Ready,Failed
754,JOB019,SYSTEM_MONITORING,Data Processing,4,Sunday,6,16,3,79,8176,66,72,Ready,Success
755,JOB011,EMPLOYEE_DATA_SYNC,Reporting,5,Wednesday,19,3,0,112,74915,58,20,Ready,Success
756,JOB010,ORDER_PROCESSING,Backup,2,Tuesday,2,3,6,19,46663,76,25,Ready,Failed
757,JOB001,DAILY_SALES,Reporting,20,Wednesday,25,21,3,18,269932,69,74,Ready,Success
758,JOB014,MASTER_DATA_SYNC,Synchronization,22,Sunday,24,22,0,59,194186,76,71,Delayed,Failed
759,JOB013,LOG_CLEANUP,Reporting,4,Friday,0,24,5,5,269426,54,43,Ready,Failed
760,JOB002,MONTHLY_PAYROLL,Data Processing,20,Thursday,7,8,3,37,257297,26,81,Not Ready,Success
761,JOB008,SALES_REPORT,Data Transfer,4,Friday,16,25,3,74,375362,72,75,Not Ready,Failed
762,JOB011,EMPLOYEE_DATA_SYNC,Data Transfer,9,Thursday,12,27,1,60,268519,29,43,Ready,Success
763,JOB019,SYSTEM_MONITORING,Data Transfer,9,Thursday,13,27,0,27,164475,58,95,Delayed,Success
764,JOB019,SYSTEM_MONITORING,Reporting,18,Sunday,4,20,2,58,281754,77,39,Ready,Success
765,JOB011,EMPLOYEE_DATA_SYNC,Backup,16,Monday,25,9,9,94,248040,54,53,Ready,Success
766,JOB005,BACKUP_JOB,Backup,20,Sunday,23,26,4,7,251073,78,34,Delayed,Success
767,JOB017,INVOICE_PROCESSING,Backup,13,Tuesday,21,18,8,50,119781,41,70,Ready,Success
768,JOB003,INVENTORY_UPDATE,Synchronization,8,Friday,22,18,6,10,126194,28,23,Ready,Success
769,JOB018,VENDOR_DATA_SYNC,Backup,13,Thursday,26,14,3,108,133412,27,72,Ready,Success
770,JOB018,VENDOR_DATA_SYNC,Data Processing,0,Sunday,23,21,7,120,173710,77,33,Ready,Success
771,JOB011,EMPLOYEE_DATA_SYNC,Reporting,18,Sunday,28,16,3,29,239183,41,84,Ready,Success
772,JOB013,LOG_CLEANUP,Data Processing,12,Friday,5,6,5,115,336663,59,52,Ready,Success
773,JOB013,LOG_CLEANUP,Data Transfer,12,Friday,26,2,0,21,370489,47,69,Ready,Failed
774,JOB003,INVENTORY_UPDATE,Data Processing,3,Thursday,21,4,5,32,494527,65,82,Delayed,Success
775,JOB016,WAREHOUSE_UPDATE,Data Processing,0,Saturday,26,15,9,36,442627,88,69,Delayed,Failed
776,JOB014,MASTER_DATA_SYNC,Data Processing,16,Wednesday,5,22,4,97,295232,71,93,Ready,Failed
777,JOB004,DATA_TRANSFER,Synchronization,7,Tuesday,20,6,1,27,112318,30,55,Ready,Success
778,JOB005,BACKUP_JOB,Reporting,1,Tuesday,7,15,0,109,159432,41,90,Ready,Failed
779,JOB006,FINANCE_REPORT,Backup,7,Saturday,12,8,5,20,75063,66,69,Ready,Failed
780,JOB015,DAILY_ANALYTICS,Data Processing,6,Monday,17,0,1,100,354059,32,60,Ready,Success
781,JOB009,STOCK_UPDATE,Data Transfer,1,Saturday,22,2,8,30,325438,64,89,Ready,Failed
782,JOB013,LOG_CLEANUP,Reporting,21,Monday,30,24,8,37,309805,94,46,Delayed,Success
783,JOB013,LOG_CLEANUP,Reporting,21,Monday,3,7,0,62,75090,88,49,Not Ready,Failed
784,JOB006,FINANCE_REPORT,Data Processing,2,Saturday,16,17,4,52,466085,41,51,Ready,Success
785,JOB018,VENDOR_DATA_SYNC,Reporting,17,Tuesday,28,23,7,87,238015,86,41,Ready,Failed
786,JOB016,WAREHOUSE_UPDATE,Reporting,11,Wednesday,4,23,3,59,412621,54,88,Ready,Success
787,JOB016,WAREHOUSE_UPDATE,Reporting,0,Tuesday,2,17,2,45,47185,51,40,Ready,Success
788,JOB016,WAREHOUSE_UPDATE,Reporting,21,Sunday,3,23,4,66,252973,57,75,Not Ready,Success
789,JOB011,EMPLOYEE_DATA_SYNC,Data Transfer,11,Tuesday,22,18,4,21,69105,77,50,Ready,Success
790,JOB009,STOCK_UPDATE,Data Transfer,4,Tuesday,4,6,7,106,352445,59,78,Ready,Failed
791,JOB001,DAILY_SALES,Data Transfer,16,Saturday,13,28,5,63,356286,40,89,Ready,Failed
792,JOB013,LOG_CLEANUP,Backup,15,Saturday,14,24,1,18,441836,68,62,Delayed,Failed
793,JOB001,DAILY_SALES,Data Transfer,14,Sunday,19,19,0,86,274722,58,73,Delayed,Success
794,JOB020,ARCHIVE_JOB,Backup,22,Sunday,16,26,2,25,190320,80,37,Delayed,Success
795,JOB016,WAREHOUSE_UPDATE,Data Processing,14,Saturday,5,5,1,67,105358,29,74,Delayed,Success
796,JOB007,CUSTOMER_REPORT,Reporting,4,Tuesday,26,24,3,50,180952,59,48,Delayed,Success
797,JOB014,MASTER_DATA_SYNC,Data Transfer,20,Wednesday,9,26,2,59,293346,77,80,Ready,Success
798,JOB009,STOCK_UPDATE,Data Processing,13,Monday,21,10,8,66,262355,64,70,Ready,Success
799,JOB018,VENDOR_DATA_SYNC,Reporting,1,Friday,22,4,4,43,343107,36,95,Delayed,Failed
800,JOB013,LOG_CLEANUP,Data Processing,10,Monday,15,11,3,46,25381,87,31,Delayed,Failed
801,JOB013,LOG_CLEANUP,Synchronization,18,Sunday,16,0,9,52,195392,29,80,Ready,Success
802,JOB004,DATA_TRANSFER,Reporting,6,Sunday,13,18,8,107,431442,81,90,Ready,Failed
803,JOB017,INVOICE_PROCESSING,Reporting,5,Monday,19,10,3,32,347149,51,35,Ready,Success
804,JOB005,BACKUP_JOB,Backup,1,Friday,11,14,5,88,391874,91,31,Ready,Failed
805,JOB017,INVOICE_PROCESSING,Reporting,5,Tuesday,8,24,9,10,151167,61,81,Ready,Success
806,JOB017,INVOICE_PROCESSING,Data Processing,17,Wednesday,14,15,0,63,40615,64,87,Ready,Failed
807,JOB010,ORDER_PROCESSING,Synchronization,1,Wednesday,11,2,1,94,447072,95,79,Not Ready,Failed
808,JOB016,WAREHOUSE_UPDATE,Synchronization,17,Monday,13,10,3,74,163282,40,47,Ready,Success
809,JOB014,MASTER_DATA_SYNC,Data Transfer,14,Friday,25,10,8,43,6802,46,83,Ready,Failed
810,JOB002,MONTHLY_PAYROLL,Data Transfer,18,Sunday,21,9,5,61,366677,49,91,Ready,Success
811,JOB015,DAILY_ANALYTICS,Data Processing,1,Thursday,17,1,5,58,115831,93,69,Ready,Success
812,JOB007,CUSTOMER_REPORT,Data Transfer,19,Tuesday,19,19,8,64,274985,20,45,Ready,Success
813,JOB003,INVENTORY_UPDATE,Synchronization,5,Monday,5,4,3,94,212777,28,59,Ready,Success
814,JOB018,VENDOR_DATA_SYNC,Synchronization,0,Wednesday,3,22,2,21,364716,22,74,Ready,Success
815,JOB015,DAILY_ANALYTICS,Backup,23,Sunday,30,22,6,44,239637,72,50,Delayed,Success
816,JOB011,EMPLOYEE_DATA_SYNC,Reporting,14,Saturday,25,24,6,70,65660,61,90,Delayed,Success
817,JOB007,CUSTOMER_REPORT,Reporting,22,Saturday,22,28,8,119,375331,38,24,Ready,Success
818,JOB009,STOCK_UPDATE,Data Transfer,9,Friday,11,7,5,89,363633,25,32,Ready,Failed
819,JOB009,STOCK_UPDATE,Data Processing,18,Friday,12,12,1,58,19921,26,37,Ready,Success
820,JOB001,DAILY_SALES,Reporting,16,Monday,18,14,5,75,441721,62,69,Ready,Failed
821,JOB002,MONTHLY_PAYROLL,Reporting,4,Thursday,21,1,7,48,400961,55,55,Not Ready,Failed
822,JOB013,LOG_CLEANUP,Synchronization,3,Wednesday,12,11,5,88,294587,87,71,Ready,Failed
823,JOB002,MONTHLY_PAYROLL,Data Transfer,9,Monday,30,23,8,71,278160,58,52,Delayed,Failed
824,JOB012,DATABASE_BACKUP,Data Processing,23,Thursday,11,7,3,61,79755,62,83,Delayed,Success
825,JOB009,STOCK_UPDATE,Backup,16,Sunday,19,20,2,40,376408,56,90,Ready,Success
826,JOB020,ARCHIVE_JOB,Data Processing,9,Friday,2,28,4,61,30012,47,88,Ready,Failed
827,JOB009,STOCK_UPDATE,Data Transfer,16,Saturday,27,18,2,47,88617,69,92,Ready,Failed
828,JOB015,DAILY_ANALYTICS,Data Processing,19,Tuesday,2,24,1,48,197909,58,49,Ready,Success
829,JOB011,EMPLOYEE_DATA_SYNC,Reporting,23,Sunday,13,27,1,66,150621,21,87,Ready,Failed
830,JOB008,SALES_REPORT,Data Processing,4,Saturday,17,22,3,119,101064,56,41,Ready,Failed
831,JOB004,DATA_TRANSFER,Data Transfer,1,Wednesday,26,0,2,87,78974,85,78,Ready,Success
832,JOB015,DAILY_ANALYTICS,Data Processing,5,Wednesday,18,7,8,65,202894,38,27,Ready,Failed
833,JOB005,BACKUP_JOB,Data Transfer,20,Saturday,28,9,6,98,167494,88,85,Ready,Failed
834,JOB002,MONTHLY_PAYROLL,Reporting,1,Sunday,27,12,5,15,284395,63,56,Ready,Failed
835,JOB008,SALES_REPORT,Synchronization,12,Saturday,29,4,9,81,256400,32,75,Delayed,Failed
836,JOB008,SALES_REPORT,Data Processing,10,Thursday,9,21,7,37,424682,41,80,Ready,Success
837,JOB010,ORDER_PROCESSING,Reporting,10,Monday,16,8,8,106,38860,26,84,Delayed,Failed
838,JOB006,FINANCE_REPORT,Synchronization,15,Friday,14,9,2,116,400796,21,61,Ready,Failed
839,JOB011,EMPLOYEE_DATA_SYNC,Reporting,10,Thursday,18,13,9,70,214623,81,68,Delayed,Failed
840,JOB002,MONTHLY_PAYROLL,Synchronization,18,Tuesday,8,23,6,114,311345,24,87,Ready,Success
841,JOB020,ARCHIVE_JOB,Synchronization,14,Saturday,3,29,8,27,451921,39,28,Ready,Success
842,JOB012,DATABASE_BACKUP,Backup,22,Tuesday,14,10,0,118,78919,73,27,Ready,Failed
843,JOB015,DAILY_ANALYTICS,Synchronization,22,Tuesday,18,13,9,53,95499,95,77,Ready,Failed
844,JOB018,VENDOR_DATA_SYNC,Synchronization,15,Thursday,15,29,8,24,409752,82,73,Ready,Failed
845,JOB002,MONTHLY_PAYROLL,Reporting,10,Friday,7,2,6,118,232450,55,67,Ready,Success
846,JOB016,WAREHOUSE_UPDATE,Data Transfer,21,Sunday,16,28,9,119,474908,35,73,Delayed,Failed
847,JOB009,STOCK_UPDATE,Synchronization,15,Wednesday,20,20,3,98,70936,76,47,Ready,Failed
848,JOB016,WAREHOUSE_UPDATE,Synchronization,7,Monday,0,15,5,19,52922,83,85,Delayed,Failed
849,JOB005,BACKUP_JOB,Data Transfer,3,Wednesday,6,19,5,70,241485,29,50,Ready,Success
850,JOB019,SYSTEM_MONITORING,Synchronization,7,Friday,20,29,5,34,288488,70,32,Ready,Success
851,JOB012,DATABASE_BACKUP,Data Processing,3,Wednesday,30,16,1,93,387009,46,78,Ready,Success
852,JOB004,DATA_TRANSFER,Data Processing,23,Saturday,17,4,4,8,114581,26,50,Not Ready,Failed
853,JOB012,DATABASE_BACKUP,Reporting,2,Saturday,11,25,6,68,164645,60,52,Ready,Success
854,JOB019,SYSTEM_MONITORING,Backup,2,Thursday,15,6,5,69,25780,95,72,Ready,Failed
855,JOB008,SALES_REPORT,Data Processing,17,Tuesday,29,16,2,12,321354,32,55,Ready,Failed
856,JOB006,FINANCE_REPORT,Data Processing,18,Friday,0,19,4,56,186334,85,88,Delayed,Failed
857,JOB015,DAILY_ANALYTICS,Synchronization,18,Friday,26,21,7,18,192041,22,94,Ready,Success
858,JOB004,DATA_TRANSFER,Synchronization,20,Wednesday,14,10,4,62,1661,30,53,Ready,Success
859,JOB009,STOCK_UPDATE,Data Processing,4,Thursday,6,11,9,15,329358,24,80,Delayed,Failed
860,JOB017,INVOICE_PROCESSING,Data Processing,17,Wednesday,27,24,2,63,203971,79,79,Ready,Success
861,JOB005,BACKUP_JOB,Synchronization,9,Wednesday,16,26,8,28,165139,21,22,Not Ready,Success
862,JOB019,SYSTEM_MONITORING,Data Transfer,21,Friday,2,23,2,92,476393,83,25,Ready,Success
863,JOB016,WAREHOUSE_UPDATE,Data Processing,20,Wednesday,10,1,1,36,216754,32,39,Ready,Success
864,JOB011,EMPLOYEE_DATA_SYNC,Backup,5,Tuesday,30,26,5,93,492759,73,23,Ready,Failed
865,JOB002,MONTHLY_PAYROLL,Data Transfer,0,Wednesday,5,18,7,50,58146,31,72,Ready,Success
866,JOB005,BACKUP_JOB,Backup,4,Tuesday,30,25,5,32,53452,37,90,Delayed,Failed
867,JOB003,INVENTORY_UPDATE,Backup,8,Friday,5,28,0,20,307649,37,81,Ready,Success
868,JOB017,INVOICE_PROCESSING,Reporting,11,Thursday,14,4,7,46,417923,36,57,Delayed,Success
869,JOB005,BACKUP_JOB,Synchronization,13,Saturday,6,10,0,107,380097,58,55,Delayed,Failed
870,JOB015,DAILY_ANALYTICS,Backup,1,Tuesday,10,22,8,20,224696,32,53,Not Ready,Failed
871,JOB011,EMPLOYEE_DATA_SYNC,Data Processing,16,Thursday,29,18,7,104,103594,64,25,Ready,Failed
872,JOB018,VENDOR_DATA_SYNC,Data Processing,13,Thursday,26,27,5,16,228597,38,85,Ready,Success
873,JOB005,BACKUP_JOB,Data Transfer,12,Tuesday,16,6,1,80,6647,38,37,Ready,Success
874,JOB003,INVENTORY_UPDATE,Data Processing,8,Friday,22,20,8,66,146136,40,46,Ready,Success
875,JOB002,MONTHLY_PAYROLL,Data Processing,14,Monday,17,25,7,38,58083,43,58,Not Ready,Failed
876,JOB002,MONTHLY_PAYROLL,Reporting,21,Thursday,21,21,3,42,106010,49,70,Delayed,Success
877,JOB020,ARCHIVE_JOB,Backup,14,Thursday,28,5,1,88,439627,67,38,Ready,Success
878,JOB008,SALES_REPORT,Synchronization,23,Friday,23,10,5,51,450051,54,53,Ready,Success
879,JOB013,LOG_CLEANUP,Data Transfer,10,Friday,28,26,0,83,425411,78,43,Delayed,Success
880,JOB011,EMPLOYEE_DATA_SYNC,Reporting,15,Wednesday,20,13,6,26,243228,36,44,Delayed,Failed
881,JOB009,STOCK_UPDATE,Backup,16,Friday,25,27,0,84,29979,67,95,Ready,Failed
882,JOB011,EMPLOYEE_DATA_SYNC,Backup,3,Thursday,18,3,5,92,171611,74,89,Delayed,Failed
883,JOB020,ARCHIVE_JOB,Data Processing,0,Tuesday,26,27,4,7,189824,28,49,Ready,Failed
884,JOB015,DAILY_ANALYTICS,Data Processing,7,Monday,7,7,9,5,156064,33,73,Ready,Failed
885,JOB017,INVOICE_PROCESSING,Data Transfer,16,Sunday,23,8,2,57,296432,45,44,Ready,Success
886,JOB012,DATABASE_BACKUP,Synchronization,2,Wednesday,19,1,5,68,137714,71,24,Delayed,Failed
887,JOB013,LOG_CLEANUP,Data Processing,19,Sunday,7,24,3,48,191948,63,21,Ready,Success
888,JOB020,ARCHIVE_JOB,Synchronization,14,Tuesday,20,10,5,51,309842,30,82,Ready,Failed
889,JOB006,FINANCE_REPORT,Data Processing,14,Monday,28,27,3,119,4884,70,73,Ready,Failed
890,JOB007,CUSTOMER_REPORT,Synchronization,23,Monday,10,19,0,42,379708,61,57,Ready,Success
891,JOB004,DATA_TRANSFER,Data Processing,21,Monday,20,21,4,67,180457,81,36,Ready,Failed
892,JOB017,INVOICE_PROCESSING,Data Processing,13,Saturday,2,29,7,119,298653,54,50,Delayed,Failed
893,JOB003,INVENTORY_UPDATE,Data Processing,22,Tuesday,30,6,5,85,32649,83,20,Ready,Failed
894,JOB019,SYSTEM_MONITORING,Data Processing,13,Wednesday,22,3,9,45,473233,37,25,Delayed,Failed
895,JOB001,DAILY_SALES,Synchronization,23,Wednesday,26,23,8,25,430516,33,89,Ready,Success
896,JOB020,ARCHIVE_JOB,Reporting,1,Monday,13,28,3,49,359212,68,55,Ready,Success
897,JOB019,SYSTEM_MONITORING,Data Transfer,12,Tuesday,26,13,9,115,362098,88,27,Ready,Failed
898,JOB018,VENDOR_DATA_SYNC,Reporting,13,Saturday,8,25,8,116,274180,36,92,Ready,Failed
899,JOB018,VENDOR_DATA_SYNC,Synchronization,23,Monday,24,23,7,17,461910,40,29,Delayed,Failed
900,JOB007,CUSTOMER_REPORT,Data Transfer,18,Friday,0,0,2,70,85571,33,43,Ready,Success
901,JOB014,MASTER_DATA_SYNC,Data Processing,6,Sunday,0,23,5,70,240835,22,82,Ready,Failed
902,JOB005,BACKUP_JOB,Reporting,2,Wednesday,25,25,3,47,206828,50,59,Ready,Success
903,JOB018,VENDOR_DATA_SYNC,Data Transfer,14,Sunday,27,29,0,66,10747,66,21,Ready,Success
904,JOB012,DATABASE_BACKUP,Reporting,22,Thursday,11,11,8,93,47692,63,39,Ready,Success
905,JOB004,DATA_TRANSFER,Synchronization,13,Monday,10,18,3,96,434446,36,52,Ready,Success
906,JOB020,ARCHIVE_JOB,Data Transfer,10,Friday,30,4,4,52,57777,75,33,Ready,Failed
907,JOB012,DATABASE_BACKUP,Data Processing,14,Wednesday,20,29,2,117,260999,46,73,Ready,Success
908,JOB018,VENDOR_DATA_SYNC,Backup,12,Sunday,0,25,3,30,63108,90,74,Ready,Success
909,JOB019,SYSTEM_MONITORING,Data Processing,17,Saturday,19,7,8,103,484265,88,56,Ready,Failed
910,JOB015,DAILY_ANALYTICS,Backup,5,Tuesday,11,10,6,96,434022,21,25,Ready,Failed
911,JOB020,ARCHIVE_JOB,Data Processing,2,Wednesday,16,21,7,65,370152,81,52,Ready,Success
912,JOB006,FINANCE_REPORT,Synchronization,18,Sunday,14,3,2,66,313531,94,69,Delayed,Failed
913,JOB019,SYSTEM_MONITORING,Data Transfer,14,Tuesday,1,14,2,101,214110,25,94,Delayed,Failed
914,JOB007,CUSTOMER_REPORT,Reporting,22,Sunday,17,19,6,86,193896,84,89,Ready,Failed
915,JOB004,DATA_TRANSFER,Data Processing,4,Tuesday,15,11,7,18,247019,37,91,Not Ready,Failed
916,JOB009,STOCK_UPDATE,Backup,9,Saturday,3,19,4,58,137590,74,70,Delayed,Failed
917,JOB003,INVENTORY_UPDATE,Data Transfer,6,Saturday,7,21,0,45,444566,86,85,Ready,Success
918,JOB016,WAREHOUSE_UPDATE,Reporting,16,Monday,1,22,2,64,269421,76,80,Ready,Success
919,JOB009,STOCK_UPDATE,Backup,6,Monday,13,28,4,13,76877,38,47,Delayed,Failed
920,JOB018,VENDOR_DATA_SYNC,Backup,21,Wednesday,24,20,2,48,380264,93,63,Ready,Success
921,JOB005,BACKUP_JOB,Data Transfer,11,Saturday,14,9,0,60,441774,30,31,Ready,Failed
922,JOB012,DATABASE_BACKUP,Synchronization,16,Friday,27,29,6,98,24613,74,76,Ready,Failed
923,JOB004,DATA_TRANSFER,Synchronization,12,Sunday,8,23,0,7,133031,56,45,Ready,Success
924,JOB011,EMPLOYEE_DATA_SYNC,Synchronization,19,Sunday,1,15,9,102,315244,23,44,Ready,Success
925,JOB012,DATABASE_BACKUP,Data Transfer,3,Sunday,16,22,5,101,443933,32,34,Ready,Success
926,JOB003,INVENTORY_UPDATE,Backup,9,Wednesday,25,7,5,95,400152,89,93,Ready,Failed
927,JOB020,ARCHIVE_JOB,Data Transfer,2,Sunday,30,19,6,63,422894,77,72,Delayed,Failed
928,JOB003,INVENTORY_UPDATE,Synchronization,8,Thursday,9,7,0,77,210763,21,84,Ready,Success
929,JOB001,DAILY_SALES,Data Processing,12,Tuesday,8,28,2,17,155114,79,73,Ready,Success
930,JOB002,MONTHLY_PAYROLL,Data Transfer,17,Sunday,30,5,8,34,478515,51,58,Ready,Success
931,JOB012,DATABASE_BACKUP,Data Processing,14,Tuesday,1,2,1,57,143714,82,70,Ready,Success
932,JOB011,EMPLOYEE_DATA_SYNC,Synchronization,3,Monday,23,28,4,84,107940,79,39,Ready,Failed
933,JOB005,BACKUP_JOB,Data Transfer,14,Sunday,29,7,2,55,253238,45,83,Delayed,Failed
934,JOB019,SYSTEM_MONITORING,Data Transfer,21,Friday,18,28,4,46,20923,41,30,Delayed,Failed
935,JOB005,BACKUP_JOB,Data Processing,1,Saturday,16,22,6,30,213904,93,71,Not Ready,Failed
936,JOB010,ORDER_PROCESSING,Reporting,14,Saturday,10,9,0,63,183932,23,73,Delayed,Success
937,JOB019,SYSTEM_MONITORING,Data Processing,7,Monday,16,4,2,73,216327,35,88,Not Ready,Success
938,JOB015,DAILY_ANALYTICS,Synchronization,7,Thursday,9,10,5,114,10227,82,26,Ready,Success
939,JOB008,SALES_REPORT,Data Processing,16,Wednesday,17,3,6,95,69580,61,31,Ready,Failed
940,JOB018,VENDOR_DATA_SYNC,Reporting,11,Wednesday,22,16,9,83,376911,52,21,Delayed,Failed
941,JOB008,SALES_REPORT,Synchronization,18,Friday,27,25,2,96,385622,32,40,Not Ready,Failed
942,JOB013,LOG_CLEANUP,Data Transfer,9,Monday,5,2,3,7,100590,65,88,Ready,Failed
943,JOB001,DAILY_SALES,Data Transfer,8,Monday,15,17,5,45,338330,32,95,Ready,Success
944,JOB009,STOCK_UPDATE,Reporting,4,Thursday,27,7,4,5,142484,52,55,Ready,Failed
945,JOB001,DAILY_SALES,Synchronization,5,Sunday,26,29,8,69,100934,33,40,Ready,Success
946,JOB009,STOCK_UPDATE,Synchronization,19,Wednesday,17,23,0,119,425256,27,72,Ready,Success
947,JOB018,VENDOR_DATA_SYNC,Data Transfer,1,Sunday,19,11,4,74,349091,65,38,Ready,Success
948,JOB016,WAREHOUSE_UPDATE,Data Processing,23,Monday,17,20,0,79,180914,20,22,Not Ready,Failed
949,JOB009,STOCK_UPDATE,Data Processing,12,Sunday,0,15,7,54,282644,78,79,Ready,Success
950,JOB006,FINANCE_REPORT,Synchronization,5,Saturday,27,13,6,114,432649,79,92,Ready,Failed
951,JOB003,INVENTORY_UPDATE,Reporting,4,Friday,2,20,4,84,212154,68,53,Ready,Success
952,JOB018,VENDOR_DATA_SYNC,Reporting,0,Wednesday,14,15,5,101,94066,80,48,Ready,Success
953,JOB005,BACKUP_JOB,Data Transfer,20,Thursday,19,26,3,92,276168,42,93,Not Ready,Failed
954,JOB007,CUSTOMER_REPORT,Backup,21,Friday,9,3,8,63,292232,24,76,Ready,Failed
955,JOB011,EMPLOYEE_DATA_SYNC,Reporting,20,Tuesday,20,0,2,100,154900,69,92,Delayed,Failed
956,JOB014,MASTER_DATA_SYNC,Backup,5,Saturday,4,0,1,78,498095,55,59,Ready,Failed
957,JOB017,INVOICE_PROCESSING,Data Processing,5,Thursday,14,28,6,67,483529,39,69,Ready,Failed
958,JOB003,INVENTORY_UPDATE,Data Transfer,22,Friday,22,21,1,29,169039,62,94,Ready,Failed
959,JOB014,MASTER_DATA_SYNC,Data Processing,15,Monday,13,14,5,14,120770,27,38,Ready,Success
960,JOB010,ORDER_PROCESSING,Reporting,3,Tuesday,14,19,7,81,206020,60,41,Delayed,Success
961,JOB018,VENDOR_DATA_SYNC,Data Processing,10,Thursday,9,19,2,5,443701,44,70,Delayed,Success
962,JOB005,BACKUP_JOB,Synchronization,23,Monday,23,2,2,103,128393,26,68,Delayed,Success
963,JOB001,DAILY_SALES,Data Processing,22,Saturday,8,13,2,18,43440,80,71,Delayed,Success
964,JOB009,STOCK_UPDATE,Backup,8,Tuesday,11,8,0,25,99739,52,41,Delayed,Success
965,JOB012,DATABASE_BACKUP,Backup,22,Wednesday,6,18,8,116,249201,88,81,Ready,Failed
966,JOB006,FINANCE_REPORT,Data Processing,2,Monday,4,7,4,62,351941,57,79,Not Ready,Failed
967,JOB008,SALES_REPORT,Reporting,18,Friday,24,1,8,120,197650,31,26,Ready,Success
968,JOB013,LOG_CLEANUP,Backup,7,Sunday,23,3,4,42,179385,63,72,Ready,Success
969,JOB015,DAILY_ANALYTICS,Data Transfer,4,Thursday,9,0,6,5,129848,72,50,Ready,Success
970,JOB006,FINANCE_REPORT,Synchronization,3,Tuesday,24,10,0,88,18349,33,23,Ready,Success
971,JOB007,CUSTOMER_REPORT,Reporting,23,Monday,25,4,8,9,226290,90,26,Ready,Failed
972,JOB011,EMPLOYEE_DATA_SYNC,Data Transfer,5,Wednesday,7,1,0,108,394431,71,22,Ready,Success
973,JOB008,SALES_REPORT,Reporting,1,Sunday,21,26,3,48,405643,71,44,Delayed,Failed
974,JOB009,STOCK_UPDATE,Backup,19,Thursday,19,12,6,100,21704,65,53,Ready,Success
975,JOB004,DATA_TRANSFER,Reporting,10,Thursday,24,16,8,69,424648,60,52,Ready,Success
976,JOB014,MASTER_DATA_SYNC,Data Transfer,3,Monday,15,16,0,113,129245,21,57,Delayed,Success
977,JOB014,MASTER_DATA_SYNC,Reporting,14,Wednesday,11,17,5,109,134777,68,23,Not Ready,Failed
978,JOB019,SYSTEM_MONITORING,Backup,5,Saturday,8,20,9,120,344742,47,67,Ready,Success
979,JOB010,ORDER_PROCESSING,Data Processing,21,Sunday,9,27,4,61,304876,51,93,Ready,Success
980,JOB010,ORDER_PROCESSING,Data Transfer,16,Saturday,15,8,2,108,152567,95,80,Ready,Failed
981,JOB013,LOG_CLEANUP,Data Processing,23,Tuesday,9,5,9,49,131241,41,84,Ready,Success
982,JOB018,VENDOR_DATA_SYNC,Backup,5,Monday,8,27,1,64,227312,61,90,Ready,Success
983,JOB018,VENDOR_DATA_SYNC,Data Transfer,18,Sunday,29,19,0,70,32233,48,80,Ready,Success
984,JOB020,ARCHIVE_JOB,Data Processing,1,Tuesday,25,2,1,99,122124,87,20,Ready,Failed
985,JOB016,WAREHOUSE_UPDATE,Data Transfer,14,Saturday,2,7,3,51,94267,52,25,Delayed,Success
986,JOB011,EMPLOYEE_DATA_SYNC,Synchronization,10,Sunday,26,2,5,114,336802,65,93,Ready,Success
987,JOB019,SYSTEM_MONITORING,Data Processing,7,Thursday,27,0,4,119,127160,28,40,Ready,Failed
988,JOB004,DATA_TRANSFER,Data Processing,18,Tuesday,30,19,3,30,74785,57,86,Delayed,Success
989,JOB016,WAREHOUSE_UPDATE,Synchronization,12,Wednesday,18,26,7,13,161728,45,47,Not Ready,Failed
990,JOB003,INVENTORY_UPDATE,Backup,11,Friday,10,12,6,55,137018,62,85,Ready,Success
991,JOB014,MASTER_DATA_SYNC,Synchronization,4,Saturday,5,20,3,98,424423,72,46,Ready,Success
992,JOB003,INVENTORY_UPDATE,Data Transfer,5,Saturday,5,4,9,114,471633,46,51,Ready,Success
993,JOB013,LOG_CLEANUP,Data Transfer,21,Wednesday,14,15,4,12,5743,30,31,Ready,Success
994,JOB009,STOCK_UPDATE,Data Transfer,3,Sunday,28,20,9,9,412443,45,84,Ready,Failed
995,JOB019,SYSTEM_MONITORING,Backup,18,Sunday,14,23,4,43,383282,76,65,Ready,Failed
996,JOB011,EMPLOYEE_DATA_SYNC,Synchronization,19,Sunday,12,15,2,72,50612,20,59,Ready,Success
997,JOB002,MONTHLY_PAYROLL,Reporting,0,Tuesday,21,23,8,44,337840,30,28,Delayed,Success
998,JOB013,LOG_CLEANUP,Data Processing,19,Monday,4,11,4,40,295212,49,81,Ready,Success
999,JOB014,MASTER_DATA_SYNC,Synchronization,16,Thursday,13,12,9,25,407737,23,35,Not Ready,Failed
1000,JOB002,MONTHLY_PAYROLL,Data Transfer,11,Friday,20,3,1,101,447183,91,87,Ready,Failed
1001,JOB012,DATABASE_BACKUP,Synchronization,14,Monday,1,8,3,30,139364,52,59,Ready,Success
1002,JOB013,LOG_CLEANUP,Synchronization,0,Monday,29,15,3,108,270773,52,54,Ready,Success
1003,JOB014,MASTER_DATA_SYNC,Backup,13,Wednesday,22,0,4,107,132361,93,79,Ready,Failed
1004,JOB013,LOG_CLEANUP,Data Processing,5,Tuesday,11,4,7,79,94397,85,89,Ready,Success
1005,JOB019,SYSTEM_MONITORING,Backup,4,Saturday,19,20,4,89,16791,23,22,Ready,Failed
1006,JOB014,MASTER_DATA_SYNC,Backup,10,Saturday,13,4,0,116,174152,70,72,Not Ready,Failed
1007,JOB010,ORDER_PROCESSING,Data Transfer,3,Wednesday,18,23,1,90,65407,46,78,Not Ready,Failed
1008,JOB010,ORDER_PROCESSING,Backup,12,Tuesday,23,24,2,117,351456,52,55,Delayed,Success
1009,JOB011,EMPLOYEE_DATA_SYNC,Data Processing,10,Wednesday,19,18,2,60,164318,94,85,Ready,Success
1010,JOB003,INVENTORY_UPDATE,Data Transfer,2,Saturday,14,8,9,61,26308,51,56,Ready,Success
1011,JOB010,ORDER_PROCESSING,Backup,0,Monday,26,28,5,63,384500,86,63,Ready,Success
1012,JOB002,MONTHLY_PAYROLL,Data Transfer,5,Thursday,19,26,8,105,152032,47,83,Delayed,Failed
1013,JOB008,SALES_REPORT,Synchronization,17,Sunday,23,7,9,11,385817,76,70,Ready,Failed
1014,JOB004,DATA_TRANSFER,Data Processing,23,Tuesday,16,18,0,46,81986,38,25,Ready,Success
1015,JOB016,WAREHOUSE_UPDATE,Reporting,9,Friday,24,17,5,17,106152,50,88,Ready,Failed
1016,JOB001,DAILY_SALES,Reporting,4,Friday,13,14,8,88,201390,72,40,Not Ready,Success
1017,JOB010,ORDER_PROCESSING,Reporting,22,Monday,22,3,3,83,433899,51,76,Delayed,Failed
1018,JOB006,FINANCE_REPORT,Synchronization,9,Wednesday,30,14,9,106,177703,28,47,Not Ready,Failed
1019,JOB013,LOG_CLEANUP,Backup,11,Wednesday,27,12,2,38,5937,70,43,Delayed,Failed
1020,JOB008,SALES_REPORT,Synchronization,1,Saturday,17,27,5,104,339663,42,94,Delayed,Failed
1021,JOB007,CUSTOMER_REPORT,Reporting,12,Monday,26,17,5,57,228042,44,82,Delayed,Failed
1022,JOB012,DATABASE_BACKUP,Backup,7,Saturday,27,19,1,50,142302,65,41,Ready,Success
1023,JOB018,VENDOR_DATA_SYNC,Synchronization,1,Saturday,21,4,4,61,97422,63,53,Ready,Failed
1024,JOB003,INVENTORY_UPDATE,Backup,19,Friday,23,17,0,65,32994,85,56,Delayed,Failed
1025,JOB017,INVOICE_PROCESSING,Reporting,0,Saturday,26,27,8,93,143782,86,60,Ready,Failed
1026,JOB004,DATA_TRANSFER,Data Processing,4,Sunday,4,7,8,60,243873,47,62,Ready,Success
1027,JOB009,STOCK_UPDATE,Reporting,8,Saturday,21,0,2,33,392416,43,41,Not Ready,Failed
1028,JOB017,INVOICE_PROCESSING,Reporting,16,Friday,11,18,4,115,258807,75,34,Delayed,Failed
1029,JOB012,DATABASE_BACKUP,Data Transfer,8,Sunday,9,22,2,96,480194,69,40,Not Ready,Failed
1030,JOB015,DAILY_ANALYTICS,Backup,10,Wednesday,7,25,6,18,455995,22,71,Not Ready,Failed
1031,JOB004,DATA_TRANSFER,Data Transfer,14,Tuesday,28,16,0,72,45477,42,23,Ready,Success
1032,JOB002,MONTHLY_PAYROLL,Synchronization,23,Thursday,5,28,4,106,295025,53,66,Ready,Success
1033,JOB018,VENDOR_DATA_SYNC,Synchronization,5,Saturday,27,26,5,75,478292,28,37,Delayed,Failed
1034,JOB002,MONTHLY_PAYROLL,Reporting,22,Sunday,24,1,6,17,249637,78,90,Ready,Success
1035,JOB007,CUSTOMER_REPORT,Data Transfer,2,Tuesday,14,18,2,21,458120,85,54,Ready,Success
1036,JOB020,ARCHIVE_JOB,Data Transfer,16,Friday,11,29,6,33,123822,41,95,Ready,Success
1037,JOB012,DATABASE_BACKUP,Data Processing,4,Tuesday,24,15,3,85,441745,54,26,Ready,Failed
1038,JOB016,WAREHOUSE_UPDATE,Data Processing,11,Thursday,24,29,9,104,190483,50,60,Ready,Success
1039,JOB014,MASTER_DATA_SYNC,Reporting,17,Tuesday,5,17,5,87,392085,67,29,Delayed,Success
1040,JOB015,DAILY_ANALYTICS,Synchronization,13,Sunday,11,1,4,94,5437,72,81,Delayed,Success
1041,JOB018,VENDOR_DATA_SYNC,Data Processing,20,Tuesday,14,27,3,120,70456,94,84,Ready,Failed
1042,JOB016,WAREHOUSE_UPDATE,Data Transfer,23,Tuesday,11,26,5,113,146785,51,31,Delayed,Failed
1043,JOB015,DAILY_ANALYTICS,Data Transfer,10,Tuesday,8,5,2,77,329807,31,47,Delayed,Success
1044,JOB007,CUSTOMER_REPORT,Reporting,8,Monday,18,6,2,6,318897,81,77,Ready,Failed
1045,JOB017,INVOICE_PROCESSING,Backup,1,Saturday,20,5,4,66,250827,22,75,Ready,Success
1046,JOB017,INVOICE_PROCESSING,Backup,11,Friday,1,26,4,24,337862,25,37,Ready,Success
1047,JOB007,CUSTOMER_REPORT,Synchronization,2,Thursday,27,5,8,91,348550,31,84,Ready,Failed
1048,JOB005,BACKUP_JOB,Reporting,2,Friday,12,8,3,86,65388,72,76,Delayed,Success
1049,JOB001,DAILY_SALES,Data Processing,0,Monday,12,7,4,60,38495,39,69,Ready,Failed
1050,JOB018,VENDOR_DATA_SYNC,Synchronization,7,Monday,7,29,8,94,436601,25,64,Ready,Success
1051,JOB011,EMPLOYEE_DATA_SYNC,Data Processing,21,Sunday,26,23,3,56,137581,33,81,Ready,Success
1052,JOB004,DATA_TRANSFER,Reporting,7,Monday,12,21,2,29,203089,75,84,Ready,Success
1053,JOB005,BACKUP_JOB,Synchronization,10,Saturday,3,20,6,66,158105,60,74,Not Ready,Failed
1054,JOB009,STOCK_UPDATE,Synchronization,8,Monday,5,8,6,21,168294,68,57,Ready,Success
1055,JOB020,ARCHIVE_JOB,Data Processing,4,Tuesday,5,11,7,43,313347,84,23,Delayed,Failed
1056,JOB020,ARCHIVE_JOB,Backup,13,Friday,20,17,3,117,221266,50,34,Ready,Success
1057,JOB005,BACKUP_JOB,Backup,2,Wednesday,11,22,3,14,293631,47,40,Ready,Success
1058,JOB017,INVOICE_PROCESSING,Data Processing,20,Thursday,11,5,8,63,195500,31,40,Ready,Success
1059,JOB009,STOCK_UPDATE,Data Transfer,4,Monday,16,22,9,29,118275,35,70,Delayed,Failed
1060,JOB017,INVOICE_PROCESSING,Data Transfer,4,Friday,26,27,6,114,151713,54,54,Delayed,Failed
1061,JOB020,ARCHIVE_JOB,Synchronization,18,Sunday,6,3,2,32,232618,63,23,Ready,Success
1062,JOB009,STOCK_UPDATE,Data Processing,13,Monday,25,24,8,94,196729,87,51,Ready,Failed
1063,JOB017,INVOICE_PROCESSING,Backup,3,Saturday,14,6,4,80,5867,29,31,Ready,Success
1064,JOB020,ARCHIVE_JOB,Reporting,12,Monday,23,17,3,65,75599,22,73,Ready,Success
1065,JOB018,VENDOR_DATA_SYNC,Data Transfer,9,Monday,16,28,0,62,56984,50,49,Ready,Success
1066,JOB012,DATABASE_BACKUP,Reporting,17,Monday,9,19,8,48,214119,71,28,Delayed,Success
1067,JOB007,CUSTOMER_REPORT,Backup,7,Sunday,22,4,5,117,498535,84,38,Not Ready,Failed
1068,JOB015,DAILY_ANALYTICS,Data Processing,7,Monday,19,17,1,87,418897,24,49,Delayed,Success
1069,JOB012,DATABASE_BACKUP,Data Transfer,6,Thursday,5,9,6,27,489863,24,84,Ready,Failed
1070,JOB019,SYSTEM_MONITORING,Synchronization,7,Friday,8,7,2,82,48455,85,64,Not Ready,Success
1071,JOB008,SALES_REPORT,Reporting,13,Saturday,14,0,5,21,493926,34,42,Ready,Success
1072,JOB013,LOG_CLEANUP,Data Transfer,18,Monday,15,14,7,83,324282,84,95,Ready,Failed
1073,JOB004,DATA_TRANSFER,Backup,5,Monday,20,2,2,89,119108,40,24,Ready,Success
1074,JOB005,BACKUP_JOB,Data Transfer,0,Monday,7,14,4,42,416200,90,86,Ready,Success
1075,JOB015,DAILY_ANALYTICS,Data Transfer,22,Monday,15,13,5,34,458537,30,85,Ready,Failed
1076,JOB007,CUSTOMER_REPORT,Data Processing,14,Tuesday,4,0,0,23,486689,61,62,Ready,Success
1077,JOB016,WAREHOUSE_UPDATE,Data Processing,0,Tuesday,17,20,9,36,438770,85,21,Ready,Success
1078,JOB017,INVOICE_PROCESSING,Synchronization,16,Wednesday,19,7,6,97,82774,80,67,Ready,Failed
1079,JOB010,ORDER_PROCESSING,Data Processing,0,Monday,13,6,3,90,271326,79,77,Delayed,Success
1080,JOB011,EMPLOYEE_DATA_SYNC,Backup,14,Wednesday,1,8,9,24,361416,33,59,Ready,Failed
1081,JOB014,MASTER_DATA_SYNC,Synchronization,22,Thursday,22,17,6,106,272336,24,72,Ready,Success
1082,JOB013,LOG_CLEANUP,Reporting,1,Wednesday,22,11,6,106,78159,50,78,Ready,Failed
1083,JOB018,VENDOR_DATA_SYNC,Synchronization,13,Friday,29,7,4,68,41256,67,87,Ready,Failed
1084,JOB017,INVOICE_PROCESSING,Data Processing,20,Tuesday,30,7,7,40,210279,51,82,Ready,Failed
1085,JOB009,STOCK_UPDATE,Synchronization,7,Tuesday,2,29,7,69,268241,76,55,Not Ready,Failed
1086,JOB016,WAREHOUSE_UPDATE,Synchronization,7,Monday,13,5,4,87,168952,53,59,Delayed,Success
1087,JOB009,STOCK_UPDATE,Data Transfer,18,Monday,28,2,4,47,117081,93,25,Ready,Failed
1088,JOB011,EMPLOYEE_DATA_SYNC,Data Transfer,6,Thursday,6,1,6,30,330551,46,33,Ready,Success
1089,JOB014,MASTER_DATA_SYNC,Data Transfer,18,Saturday,14,13,5,11,411689,24,52,Ready,Success
1090,JOB014,MASTER_DATA_SYNC,Synchronization,5,Thursday,16,7,3,38,79709,36,38,Ready,Failed
1091,JOB011,EMPLOYEE_DATA_SYNC,Data Processing,5,Friday,0,5,1,40,161880,94,95,Delayed,Success
1092,JOB015,DAILY_ANALYTICS,Backup,2,Monday,8,3,7,10,148075,88,62,Ready,Success
1093,JOB012,DATABASE_BACKUP,Backup,6,Monday,21,4,2,41,203143,75,73,Delayed,Failed
1094,JOB014,MASTER_DATA_SYNC,Reporting,18,Thursday,28,20,1,66,381998,57,92,Ready,Failed
1095,JOB003,INVENTORY_UPDATE,Backup,7,Thursday,13,12,9,90,179076,73,80,Ready,Failed
1096,JOB012,DATABASE_BACKUP,Data Processing,9,Thursday,15,8,6,77,290852,67,32,Not Ready,Failed
1097,JOB014,MASTER_DATA_SYNC,Backup,19,Tuesday,27,12,9,111,38307,68,61,Delayed,Failed
1098,JOB009,STOCK_UPDATE,Synchronization,14,Wednesday,20,28,5,64,491809,60,37,Ready,Success
1099,JOB017,INVOICE_PROCESSING,Synchronization,14,Wednesday,12,8,7,97,470474,41,91,Ready,Failed
1100,JOB017,INVOICE_PROCESSING,Data Transfer,0,Monday,5,23,5,68,200923,76,84,Ready,Success
1101,JOB016,WAREHOUSE_UPDATE,Reporting,19,Tuesday,21,23,6,54,185116,85,67,Ready,Failed
1102,JOB002,MONTHLY_PAYROLL,Backup,6,Thursday,0,15,1,56,44524,38,55,Ready,Success
1103,JOB004,DATA_TRANSFER,Synchronization,3,Monday,20,11,9,21,330073,21,64,Ready,Failed
1104,JOB008,SALES_REPORT,Backup,5,Tuesday,24,1,1,64,326948,94,29,Ready,Success
1105,JOB009,STOCK_UPDATE,Data Transfer,0,Friday,3,29,5,81,290812,52,28,Delayed,Success
1106,JOB016,WAREHOUSE_UPDATE,Reporting,4,Saturday,2,18,8,85,11937,92,65,Ready,Failed
1107,JOB011,EMPLOYEE_DATA_SYNC,Data Transfer,22,Tuesday,16,29,2,58,18104,78,36,Ready,Success
1108,JOB010,ORDER_PROCESSING,Backup,0,Sunday,29,15,9,14,5326,25,86,Ready,Success
1109,JOB002,MONTHLY_PAYROLL,Backup,3,Monday,30,23,7,29,70133,30,52,Ready,Failed
1110,JOB001,DAILY_SALES,Data Transfer,21,Wednesday,1,12,4,22,38727,46,84,Delayed,Failed
1111,JOB019,SYSTEM_MONITORING,Data Processing,1,Sunday,18,4,5,68,303670,91,39,Ready,Success
1112,JOB007,CUSTOMER_REPORT,Data Transfer,9,Thursday,19,22,5,117,221628,64,85,Ready,Failed
1113,JOB008,SALES_REPORT,Synchronization,4,Saturday,22,29,9,112,29341,50,35,Delayed,Failed
1114,JOB002,MONTHLY_PAYROLL,Data Processing,9,Friday,21,23,2,83,323637,82,92,Ready,Failed
1115,JOB003,INVENTORY_UPDATE,Data Processing,0,Saturday,26,5,4,63,201488,63,33,Ready,Failed
1116,JOB016,WAREHOUSE_UPDATE,Backup,21,Saturday,7,20,0,31,66295,60,20,Ready,Success
1117,JOB007,CUSTOMER_REPORT,Data Transfer,5,Tuesday,29,23,1,62,210458,66,54,Ready,Success
1118,JOB013,LOG_CLEANUP,Data Transfer,12,Monday,24,16,9,65,153320,88,20,Ready,Failed
1119,JOB003,INVENTORY_UPDATE,Synchronization,14,Monday,14,16,2,87,212751,21,62,Ready,Success
1120,JOB007,CUSTOMER_REPORT,Backup,3,Saturday,5,16,3,83,155129,34,88,Delayed,Success
1121,JOB012,DATABASE_BACKUP,Synchronization,12,Thursday,22,2,8,113,206089,39,94,Ready,Success
1122,JOB005,BACKUP_JOB,Data Processing,23,Monday,19,25,0,75,374977,22,74,Ready,Success
1123,JOB002,MONTHLY_PAYROLL,Backup,19,Saturday,1,12,2,47,295844,58,35,Ready,Success
1124,JOB016,WAREHOUSE_UPDATE,Backup,23,Monday,24,11,2,108,269387,93,86,Ready,Failed
1125,JOB004,DATA_TRANSFER,Backup,14,Thursday,24,5,5,120,40060,29,82,Ready,Success
1126,JOB010,ORDER_PROCESSING,Data Transfer,7,Friday,14,21,4,84,82280,59,91,Ready,Success
1127,JOB006,FINANCE_REPORT,Backup,4,Sunday,19,20,2,92,393346,32,41,Ready,Failed
1128,JOB019,SYSTEM_MONITORING,Synchronization,14,Saturday,11,28,3,91,242586,63,75,Ready,Success
1129,JOB014,MASTER_DATA_SYNC,Synchronization,3,Wednesday,2,12,6,15,25970,51,71,Not Ready,Failed
1130,JOB014,MASTER_DATA_SYNC,Synchronization,11,Wednesday,9,13,2,92,1375,92,46,Ready,Success
1131,JOB015,DAILY_ANALYTICS,Data Processing,12,Saturday,13,6,8,9,498765,49,83,Delayed,Failed
1132,JOB011,EMPLOYEE_DATA_SYNC,Data Processing,1,Tuesday,26,4,7,62,367194,20,64,Ready,Success
1133,JOB006,FINANCE_REPORT,Data Processing,18,Friday,21,13,1,43,415477,72,86,Delayed,Failed
1134,JOB012,DATABASE_BACKUP,Data Transfer,18,Tuesday,29,17,4,52,150595,95,45,Delayed,Failed
1135,JOB014,MASTER_DATA_SYNC,Backup,3,Sunday,13,3,3,98,215966,63,32,Delayed,Failed
1136,JOB006,FINANCE_REPORT,Data Transfer,3,Wednesday,2,0,4,84,175490,54,49,Ready,Failed
1137,JOB019,SYSTEM_MONITORING,Data Processing,10,Thursday,0,6,2,24,202109,59,49,Not Ready,Success
1138,JOB014,MASTER_DATA_SYNC,Data Transfer,4,Saturday,19,19,9,97,220156,64,63,Not Ready,Failed
1139,JOB017,INVOICE_PROCESSING,Backup,19,Sunday,0,12,0,85,437855,79,67,Ready,Failed
1140,JOB014,MASTER_DATA_SYNC,Synchronization,10,Monday,1,3,7,23,154618,82,28,Ready,Failed
1141,JOB001,DAILY_SALES,Synchronization,9,Wednesday,18,12,8,64,178687,29,67,Ready,Success
1142,JOB010,ORDER_PROCESSING,Data Processing,7,Friday,23,3,7,30,93312,66,75,Ready,Failed
1143,JOB017,INVOICE_PROCESSING,Data Transfer,5,Wednesday,9,2,3,83,424787,43,87,Ready,Success
1144,JOB009,STOCK_UPDATE,Synchronization,5,Friday,3,7,1,29,91524,76,25,Ready,Success
1145,JOB010,ORDER_PROCESSING,Data Transfer,7,Friday,3,19,3,19,138417,37,84,Ready,Failed
1146,JOB018,VENDOR_DATA_SYNC,Synchronization,22,Saturday,12,7,8,88,449498,76,86,Delayed,Success
1147,JOB011,EMPLOYEE_DATA_SYNC,Data Transfer,14,Friday,25,24,9,98,343154,91,40,Delayed,Failed
1148,JOB017,INVOICE_PROCESSING,Synchronization,13,Tuesday,8,16,8,25,326399,65,49,Delayed,Failed
1149,JOB012,DATABASE_BACKUP,Data Transfer,10,Sunday,6,14,4,51,441343,62,76,Not Ready,Failed
1150,JOB005,BACKUP_JOB,Reporting,11,Thursday,15,3,4,39,39923,35,74,Ready,Success
1151,JOB005,BACKUP_JOB,Backup,12,Wednesday,17,5,9,48,351342,33,21,Delayed,Failed
1152,JOB010,ORDER_PROCESSING,Data Transfer,7,Thursday,2,23,2,10,16271,28,67,Ready,Success
1153,JOB002,MONTHLY_PAYROLL,Data Transfer,17,Sunday,19,29,5,120,392248,92,41,Ready,Failed
1154,JOB001,DAILY_SALES,Data Processing,0,Monday,19,21,6,105,411978,88,32,Ready,Failed
1155,JOB018,VENDOR_DATA_SYNC,Data Transfer,14,Sunday,9,27,9,79,378925,80,62,Ready,Success
1156,JOB016,WAREHOUSE_UPDATE,Data Transfer,7,Wednesday,23,5,8,27,243891,30,94,Ready,Failed
1157,JOB016,WAREHOUSE_UPDATE,Data Processing,10,Thursday,25,9,6,112,63030,38,93,Ready,Failed
1158,JOB005,BACKUP_JOB,Reporting,11,Thursday,29,3,2,43,24519,83,68,Ready,Failed
1159,JOB019,SYSTEM_MONITORING,Data Transfer,11,Saturday,25,8,6,77,229630,57,56,Delayed,Failed
1160,JOB008,SALES_REPORT,Data Processing,3,Saturday,21,15,0,22,394926,29,54,Ready,Success
1161,JOB001,DAILY_SALES,Backup,15,Sunday,15,6,1,114,29026,35,38,Delayed,Failed
1162,JOB011,EMPLOYEE_DATA_SYNC,Synchronization,3,Sunday,2,13,3,104,90381,88,47,Delayed,Failed
1163,JOB019,SYSTEM_MONITORING,Backup,4,Monday,10,26,6,44,381318,61,76,Ready,Success
1164,JOB008,SALES_REPORT,Reporting,23,Friday,24,5,8,116,5892,63,80,Ready,Success
1165,JOB019,SYSTEM_MONITORING,Backup,4,Wednesday,9,0,4,40,381331,72,62,Delayed,Success
1166,JOB005,BACKUP_JOB,Synchronization,7,Saturday,15,17,7,32,36995,54,79,Ready,Success
1167,JOB020,ARCHIVE_JOB,Reporting,9,Wednesday,7,11,6,68,256563,55,29,Delayed,Failed
1168,JOB018,VENDOR_DATA_SYNC,Backup,16,Monday,8,21,4,87,149186,41,86,Ready,Success
1169,JOB002,MONTHLY_PAYROLL,Backup,8,Saturday,14,26,2,98,391979,43,43,Ready,Success
1170,JOB019,SYSTEM_MONITORING,Data Transfer,21,Saturday,20,14,2,62,89340,95,93,Ready,Failed
1171,JOB010,ORDER_PROCESSING,Reporting,18,Friday,2,0,5,42,368880,31,63,Ready,Failed
1172,JOB018,VENDOR_DATA_SYNC,Backup,13,Wednesday,3,14,9,119,433176,54,49,Ready,Failed
1173,JOB016,WAREHOUSE_UPDATE,Synchronization,7,Wednesday,29,14,3,83,239177,69,64,Ready,Success
1174,JOB005,BACKUP_JOB,Backup,8,Wednesday,12,26,2,48,126220,59,79,Ready,Success
1175,JOB013,LOG_CLEANUP,Data Transfer,21,Friday,11,15,3,80,450556,41,72,Ready,Success
1176,JOB002,MONTHLY_PAYROLL,Synchronization,10,Saturday,20,20,2,6,18851,66,44,Ready,Success
1177,JOB011,EMPLOYEE_DATA_SYNC,Data Processing,22,Monday,8,0,9,77,297470,94,95,Delayed,Failed
1178,JOB012,DATABASE_BACKUP,Data Transfer,0,Wednesday,24,28,5,39,44479,85,23,Ready,Success
1179,JOB008,SALES_REPORT,Backup,13,Thursday,13,2,6,5,301169,29,93,Not Ready,Failed
1180,JOB012,DATABASE_BACKUP,Data Transfer,4,Friday,18,11,3,50,476365,62,50,Ready,Success
1181,JOB015,DAILY_ANALYTICS,Data Transfer,20,Tuesday,6,27,2,64,286509,88,38,Ready,Failed
1182,JOB015,DAILY_ANALYTICS,Synchronization,13,Monday,15,27,2,67,72060,44,21,Ready,Success
1183,JOB017,INVOICE_PROCESSING,Reporting,3,Thursday,21,6,2,99,374092,66,23,Ready,Success
1184,JOB010,ORDER_PROCESSING,Data Processing,21,Wednesday,30,4,8,96,435716,26,57,Ready,Failed
1185,JOB007,CUSTOMER_REPORT,Data Processing,22,Tuesday,19,27,2,49,331554,47,52,Ready,Success
1186,JOB020,ARCHIVE_JOB,Reporting,0,Monday,4,25,2,61,452495,64,37,Ready,Success
1187,JOB020,ARCHIVE_JOB,Data Transfer,21,Friday,29,0,7,41,107325,86,51,Ready,Failed
1188,JOB010,ORDER_PROCESSING,Data Processing,22,Tuesday,30,0,3,11,252490,31,52,Ready,Failed
1189,JOB018,VENDOR_DATA_SYNC,Synchronization,18,Saturday,9,14,6,114,389670,30,53,Ready,Failed
1190,JOB014,MASTER_DATA_SYNC,Backup,7,Sunday,17,7,2,20,73493,22,70,Ready,Success
1191,JOB016,WAREHOUSE_UPDATE,Synchronization,14,Tuesday,10,10,7,54,20076,80,82,Delayed,Failed
1192,JOB013,LOG_CLEANUP,Synchronization,20,Sunday,6,13,2,18,226806,85,66,Ready,Success
1193,JOB011,EMPLOYEE_DATA_SYNC,Backup,14,Thursday,13,28,4,101,12261,75,85,Delayed,Failed
1194,JOB003,INVENTORY_UPDATE,Backup,8,Monday,19,24,0,10,432208,45,32,Ready,Success
1195,JOB017,INVOICE_PROCESSING,Synchronization,20,Thursday,17,22,4,65,456278,53,71,Delayed,Failed
1196,JOB005,BACKUP_JOB,Data Processing,8,Thursday,10,12,5,25,421690,74,71,Not Ready,Failed
1197,JOB007,CUSTOMER_REPORT,Data Processing,9,Wednesday,21,18,6,14,225591,95,62,Ready,Success
1198,JOB006,FINANCE_REPORT,Synchronization,19,Friday,26,11,1,36,341391,35,80,Delayed,Success
1199,JOB006,FINANCE_REPORT,Backup,20,Tuesday,11,21,1,10,302678,58,22,Not Ready,Failed
1200,JOB006,FINANCE_REPORT,Synchronization,8,Monday,17,18,8,6,11090,25,87,Ready,Failed
1201,JOB020,ARCHIVE_JOB,Data Transfer,2,Saturday,25,25,9,43,195390,91,78,Ready,Failed
1202,JOB007,CUSTOMER_REPORT,Data Transfer,19,Friday,1,3,0,53,295915,71,73,Ready,Success
1203,JOB006,FINANCE_REPORT,Data Transfer,10,Friday,22,27,1,31,79292,44,88,Ready,Failed
1204,JOB005,BACKUP_JOB,Data Transfer,5,Monday,0,3,1,60,333439,75,21,Ready,Success
1205,JOB007,CUSTOMER_REPORT,Backup,1,Friday,22,2,9,18,356881,38,87,Ready,Failed
1206,JOB015,DAILY_ANALYTICS,Data Transfer,6,Wednesday,9,25,6,27,249694,95,63,Ready,Failed
1207,JOB018,VENDOR_DATA_SYNC,Data Transfer,17,Friday,20,5,5,107,431617,92,57,Ready,Success
1208,JOB005,BACKUP_JOB,Backup,1,Wednesday,0,4,8,89,401577,46,79,Ready,Success
1209,JOB011,EMPLOYEE_DATA_SYNC,Reporting,16,Tuesday,5,10,6,109,314703,24,46,Not Ready,Failed
1210,JOB020,ARCHIVE_JOB,Data Processing,10,Tuesday,6,24,2,55,134639,45,34,Ready,Success
1211,JOB014,MASTER_DATA_SYNC,Data Processing,11,Thursday,16,8,2,98,190512,49,58,Ready,Success
1212,JOB008,SALES_REPORT,Data Transfer,18,Wednesday,8,2,0,29,338857,54,57,Delayed,Success
1213,JOB008,SALES_REPORT,Data Transfer,21,Saturday,30,28,7,57,36917,94,73,Not Ready,Failed
1214,JOB002,MONTHLY_PAYROLL,Data Transfer,23,Tuesday,6,8,0,92,156283,72,82,Ready,Success
1215,JOB016,WAREHOUSE_UPDATE,Reporting,6,Friday,16,28,1,15,492329,87,77,Ready,Failed
1216,JOB017,INVOICE_PROCESSING,Synchronization,19,Monday,2,11,6,39,244779,52,81,Ready,Failed
1217,JOB010,ORDER_PROCESSING,Reporting,5,Monday,15,2,0,59,244554,89,37,Not Ready,Success
1218,JOB014,MASTER_DATA_SYNC,Backup,20,Sunday,4,19,3,62,106142,47,48,Not Ready,Failed
1219,JOB012,DATABASE_BACKUP,Data Processing,23,Wednesday,19,16,8,72,461109,93,90,Delayed,Failed
1220,JOB020,ARCHIVE_JOB,Data Transfer,0,Saturday,17,20,7,41,351292,55,76,Ready,Success
1221,JOB011,EMPLOYEE_DATA_SYNC,Data Processing,16,Thursday,30,11,7,104,88535,68,43,Ready,Failed
1222,JOB002,MONTHLY_PAYROLL,Reporting,10,Friday,0,24,2,81,123958,72,57,Ready,Failed
1223,JOB015,DAILY_ANALYTICS,Data Transfer,21,Wednesday,3,17,4,13,420366,88,25,Delayed,Success
1224,JOB015,DAILY_ANALYTICS,Data Processing,17,Sunday,22,3,3,32,123161,21,39,Ready,Success
1225,JOB003,INVENTORY_UPDATE,Synchronization,20,Monday,10,9,7,59,457723,90,61,Ready,Failed
1226,JOB018,VENDOR_DATA_SYNC,Backup,16,Wednesday,19,17,6,50,264749,83,93,Ready,Failed
1227,JOB020,ARCHIVE_JOB,Data Transfer,6,Friday,8,29,6,84,373891,40,41,Ready,Success
1228,JOB016,WAREHOUSE_UPDATE,Data Transfer,16,Saturday,29,7,9,74,73820,54,52,Ready,Failed
1229,JOB009,STOCK_UPDATE,Synchronization,19,Saturday,7,8,9,31,186199,65,65,Ready,Success
1230,JOB018,VENDOR_DATA_SYNC,Data Transfer,8,Tuesday,7,18,6,14,487314,67,73,Ready,Failed
1231,JOB007,CUSTOMER_REPORT,Data Processing,16,Friday,4,12,0,27,317865,41,61,Delayed,Success
1232,JOB010,ORDER_PROCESSING,Data Transfer,19,Sunday,11,24,6,25,181251,25,70,Ready,Failed
1233,JOB020,ARCHIVE_JOB,Data Transfer,21,Tuesday,30,5,3,94,243273,52,87,Not Ready,Failed
1234,JOB017,INVOICE_PROCESSING,Synchronization,21,Tuesday,0,21,2,49,309173,58,75,Ready,Failed
1235,JOB016,WAREHOUSE_UPDATE,Data Transfer,7,Tuesday,14,6,4,7,280880,62,61,Ready,Success
1236,JOB010,ORDER_PROCESSING,Data Transfer,16,Wednesday,24,27,1,63,135806,44,32,Ready,Success
1237,JOB017,INVOICE_PROCESSING,Data Transfer,6,Sunday,17,20,7,47,270675,37,73,Delayed,Failed
1238,JOB012,DATABASE_BACKUP,Synchronization,0,Monday,5,5,8,103,296330,60,31,Ready,Success
1239,JOB007,CUSTOMER_REPORT,Synchronization,12,Saturday,9,10,4,11,308221,54,54,Delayed,Success
1240,JOB001,DAILY_SALES,Data Processing,22,Wednesday,13,16,2,31,304364,43,28,Delayed,Success
1241,JOB012,DATABASE_BACKUP,Synchronization,18,Monday,20,18,9,66,85027,74,32,Not Ready,Failed
1242,JOB018,VENDOR_DATA_SYNC,Synchronization,23,Saturday,25,27,6,46,176016,59,41,Ready,Success
1243,JOB016,WAREHOUSE_UPDATE,Data Transfer,18,Sunday,28,24,0,101,457092,48,59,Ready,Failed
1244,JOB012,DATABASE_BACKUP,Data Processing,16,Sunday,30,11,9,8,72842,29,55,Ready,Failed
1245,JOB010,ORDER_PROCESSING,Data Transfer,12,Friday,7,20,2,94,311385,29,60,Not Ready,Failed
1246,JOB011,EMPLOYEE_DATA_SYNC,Data Processing,15,Saturday,26,20,8,66,458057,83,26,Not Ready,Failed
1247,JOB012,DATABASE_BACKUP,Backup,7,Saturday,2,23,1,12,136363,48,74,Ready,Success
1248,JOB004,DATA_TRANSFER,Data Transfer,18,Sunday,21,26,8,88,81496,37,94,Ready,Failed
1249,JOB004,DATA_TRANSFER,Data Processing,17,Saturday,21,26,0,21,337776,21,32,Ready,Success
1250,JOB010,ORDER_PROCESSING,Backup,0,Thursday,25,12,3,9,363674,44,39,Ready,Failed
1251,JOB006,FINANCE_REPORT,Backup,13,Friday,18,17,9,67,303572,70,77,Delayed,Failed
1252,JOB005,BACKUP_JOB,Reporting,18,Wednesday,11,28,5,117,13612,41,42,Ready,Failed
1253,JOB013,LOG_CLEANUP,Reporting,14,Wednesday,11,6,6,13,189983,28,72,Ready,Success
1254,JOB011,EMPLOYEE_DATA_SYNC,Reporting,17,Monday,14,24,2,12,262466,93,56,Ready,Success
1255,JOB009,STOCK_UPDATE,Backup,1,Wednesday,27,22,8,11,214770,23,39,Ready,Failed
1256,JOB003,INVENTORY_UPDATE,Data Processing,21,Tuesday,6,27,3,41,321413,40,38,Ready,Success
1257,JOB016,WAREHOUSE_UPDATE,Data Processing,16,Saturday,26,4,4,104,482394,49,37,Ready,Success
1258,JOB016,WAREHOUSE_UPDATE,Synchronization,17,Wednesday,3,28,7,59,228684,52,87,Ready,Failed
1259,JOB017,INVOICE_PROCESSING,Data Transfer,5,Monday,20,15,2,71,159886,62,80,Ready,Success
1260,JOB007,CUSTOMER_REPORT,Backup,18,Monday,8,21,7,12,57673,21,91,Ready,Success
1261,JOB008,SALES_REPORT,Synchronization,3,Tuesday,21,3,0,73,212058,50,65,Ready,Success
1262,JOB011,EMPLOYEE_DATA_SYNC,Backup,0,Monday,15,29,7,9,78207,23,67,Delayed,Failed
1263,JOB012,DATABASE_BACKUP,Reporting,7,Sunday,25,27,9,21,51767,66,39,Ready,Success
1264,JOB016,WAREHOUSE_UPDATE,Backup,22,Thursday,30,22,7,115,461601,64,91,Ready,Success
1265,JOB017,INVOICE_PROCESSING,Reporting,6,Sunday,12,0,5,62,311045,84,88,Ready,Failed
1266,JOB001,DAILY_SALES,Reporting,2,Saturday,3,3,4,67,297855,85,53,Delayed,Failed
1267,JOB013,LOG_CLEANUP,Data Processing,9,Saturday,23,2,8,31,314666,25,26,Ready,Failed
1268,JOB008,SALES_REPORT,Reporting,9,Saturday,8,28,5,108,434692,26,69,Ready,Failed
1269,JOB002,MONTHLY_PAYROLL,Synchronization,18,Friday,25,3,0,107,107537,70,72,Ready,Failed
1270,JOB016,WAREHOUSE_UPDATE,Data Transfer,13,Wednesday,20,0,5,117,260531,87,92,Delayed,Failed
1271,JOB008,SALES_REPORT,Data Processing,1,Thursday,17,11,0,80,249950,37,30,Ready,Success
1272,JOB007,CUSTOMER_REPORT,Data Processing,0,Wednesday,14,12,5,96,144933,60,95,Ready,Success
1273,JOB001,DAILY_SALES,Data Processing,22,Thursday,14,1,2,72,287362,88,27,Ready,Success
1274,JOB002,MONTHLY_PAYROLL,Data Transfer,22,Wednesday,5,27,5,120,199428,44,51,Ready,Success
1275,JOB018,VENDOR_DATA_SYNC,Backup,17,Tuesday,10,26,5,32,129449,75,82,Not Ready,Failed
1276,JOB017,INVOICE_PROCESSING,Data Processing,6,Sunday,30,28,0,93,9632,20,74,Ready,Failed
1277,JOB016,WAREHOUSE_UPDATE,Reporting,7,Monday,27,8,8,62,30884,74,78,Ready,Failed
1278,JOB019,SYSTEM_MONITORING,Backup,0,Monday,7,6,7,54,48388,22,82,Not Ready,Success
1279,JOB015,DAILY_ANALYTICS,Data Processing,22,Sunday,28,12,1,104,304207,73,36,Ready,Failed
1280,JOB014,MASTER_DATA_SYNC,Data Processing,2,Tuesday,20,21,1,110,460320,51,45,Ready,Success
1281,JOB002,MONTHLY_PAYROLL,Synchronization,23,Thursday,16,1,4,71,239024,21,70,Ready,Success
1282,JOB011,EMPLOYEE_DATA_SYNC,Synchronization,22,Sunday,23,0,9,35,132382,84,52,Not Ready,Failed
1283,JOB015,DAILY_ANALYTICS,Synchronization,7,Friday,24,17,1,105,297819,27,45,Ready,Failed
1284,JOB014,MASTER_DATA_SYNC,Data Processing,21,Thursday,16,6,0,16,10899,77,41,Ready,Success
1285,JOB003,INVENTORY_UPDATE,Data Processing,14,Monday,23,17,1,59,463207,72,86,Ready,Success
1286,JOB011,EMPLOYEE_DATA_SYNC,Synchronization,4,Friday,25,18,4,105,379523,63,82,Ready,Failed
1287,JOB009,STOCK_UPDATE,Reporting,2,Wednesday,27,7,9,105,106636,92,36,Delayed,Failed
1288,JOB002,MONTHLY_PAYROLL,Synchronization,18,Friday,17,22,6,8,5502,47,60,Ready,Failed
1289,JOB012,DATABASE_BACKUP,Data Processing,0,Thursday,3,11,4,98,411180,38,95,Ready,Failed
1290,JOB009,STOCK_UPDATE,Data Processing,14,Tuesday,28,10,0,106,314311,75,58,Not Ready,Failed
1291,JOB015,DAILY_ANALYTICS,Data Transfer,7,Wednesday,30,26,6,46,451011,39,52,Delayed,Failed
1292,JOB009,STOCK_UPDATE,Reporting,1,Thursday,14,29,5,106,391201,90,51,Not Ready,Failed
1293,JOB003,INVENTORY_UPDATE,Backup,2,Wednesday,1,26,6,95,335542,75,40,Delayed,Success
1294,JOB013,LOG_CLEANUP,Reporting,23,Friday,1,8,1,58,267199,54,72,Delayed,Success
1295,JOB002,MONTHLY_PAYROLL,Synchronization,13,Monday,9,27,4,26,486972,38,83,Ready,Success
1296,JOB001,DAILY_SALES,Synchronization,23,Thursday,2,3,7,5,150316,82,85,Ready,Failed
1297,JOB003,INVENTORY_UPDATE,Reporting,13,Tuesday,29,6,6,52,12876,26,68,Ready,Failed
1298,JOB008,SALES_REPORT,Data Transfer,10,Sunday,7,16,5,47,106722,46,90,Ready,Success
1299,JOB018,VENDOR_DATA_SYNC,Data Transfer,15,Friday,19,10,5,106,463043,58,50,Ready,Failed
1300,JOB005,BACKUP_JOB,Backup,3,Thursday,6,26,0,24,159879,49,60,Delayed,Success
1301,JOB014,MASTER_DATA_SYNC,Synchronization,19,Tuesday,11,1,0,22,386210,42,91,Not Ready,Success
1302,JOB020,ARCHIVE_JOB,Data Processing,4,Thursday,25,22,6,74,462695,42,90,Ready,Success
1303,JOB014,MASTER_DATA_SYNC,Backup,21,Friday,18,17,2,53,275363,66,55,Delayed,Success
1304,JOB009,STOCK_UPDATE,Reporting,20,Thursday,25,21,5,80,109118,67,93,Ready,Success
1305,JOB010,ORDER_PROCESSING,Data Transfer,13,Wednesday,27,28,4,21,445879,82,58,Delayed,Success
1306,JOB013,LOG_CLEANUP,Backup,22,Friday,29,25,2,57,260569,28,60,Not Ready,Failed
1307,JOB001,DAILY_SALES,Data Processing,15,Thursday,14,11,5,26,421169,42,60,Delayed,Success
1308,JOB008,SALES_REPORT,Data Transfer,17,Sunday,13,8,2,86,449860,82,24,Ready,Success
1309,JOB009,STOCK_UPDATE,Data Processing,6,Monday,15,10,7,14,155099,93,25,Not Ready,Failed
1310,JOB011,EMPLOYEE_DATA_SYNC,Data Processing,9,Thursday,28,4,6,28,254594,66,81,Not Ready,Failed
1311,JOB005,BACKUP_JOB,Data Transfer,6,Wednesday,26,25,8,88,150346,93,35,Delayed,Failed
1312,JOB019,SYSTEM_MONITORING,Data Processing,0,Tuesday,13,6,4,16,357841,85,38,Ready,Failed
1313,JOB020,ARCHIVE_JOB,Backup,22,Sunday,2,28,0,8,311252,56,56,Delayed,Success
1314,JOB020,ARCHIVE_JOB,Data Transfer,20,Tuesday,17,0,9,46,75007,57,83,Ready,Success
1315,JOB016,WAREHOUSE_UPDATE,Data Transfer,18,Sunday,28,23,7,9,296766,20,78,Ready,Failed
1316,JOB009,STOCK_UPDATE,Data Transfer,15,Tuesday,27,24,1,30,359210,67,88,Ready,Success
1317,JOB014,MASTER_DATA_SYNC,Synchronization,18,Monday,21,28,5,104,202891,54,92,Ready,Failed
1318,JOB018,VENDOR_DATA_SYNC,Synchronization,3,Wednesday,5,4,0,63,30676,90,26,Ready,Failed
1319,JOB016,WAREHOUSE_UPDATE,Data Transfer,17,Friday,16,5,5,66,279925,72,61,Ready,Failed
1320,JOB018,VENDOR_DATA_SYNC,Backup,1,Tuesday,22,12,3,84,344107,44,44,Delayed,Success
1321,JOB020,ARCHIVE_JOB,Data Processing,0,Sunday,27,10,4,9,423315,61,75,Ready,Success
1322,JOB016,WAREHOUSE_UPDATE,Backup,14,Wednesday,13,7,9,30,4503,42,66,Delayed,Failed
1323,JOB016,WAREHOUSE_UPDATE,Synchronization,4,Thursday,13,19,6,87,295761,28,69,Ready,Failed
1324,JOB017,INVOICE_PROCESSING,Data Processing,19,Monday,19,1,5,10,152926,46,93,Ready,Success
1325,JOB006,FINANCE_REPORT,Synchronization,10,Wednesday,12,14,0,28,340743,94,52,Ready,Success
1326,JOB017,INVOICE_PROCESSING,Data Processing,9,Wednesday,26,9,8,99,417759,70,45,Not Ready,Failed
1327,JOB019,SYSTEM_MONITORING,Data Transfer,1,Friday,27,7,5,99,316091,76,36,Ready,Failed
1328,JOB017,INVOICE_PROCESSING,Data Transfer,2,Wednesday,2,1,5,57,34399,55,40,Ready,Success
1329,JOB004,DATA_TRANSFER,Data Transfer,22,Friday,12,20,8,11,82808,53,21,Delayed,Failed
1330,JOB010,ORDER_PROCESSING,Data Processing,22,Monday,28,14,9,14,118724,32,63,Ready,Success
1331,JOB015,DAILY_ANALYTICS,Reporting,11,Monday,23,28,4,43,13984,74,85,Ready,Failed
1332,JOB020,ARCHIVE_JOB,Data Transfer,19,Thursday,1,5,5,90,63886,65,90,Ready,Failed
1333,JOB008,SALES_REPORT,Backup,4,Friday,8,4,5,82,1927,71,55,Delayed,Success
1334,JOB016,WAREHOUSE_UPDATE,Data Transfer,4,Friday,12,21,6,32,195499,47,65,Delayed,Success
1335,JOB016,WAREHOUSE_UPDATE,Synchronization,5,Tuesday,7,21,8,46,475839,49,69,Ready,Failed
1336,JOB019,SYSTEM_MONITORING,Data Transfer,8,Tuesday,15,2,4,66,322515,64,86,Ready,Success
1337,JOB020,ARCHIVE_JOB,Data Transfer,1,Thursday,23,10,4,56,263121,57,22,Ready,Success
1338,JOB006,FINANCE_REPORT,Reporting,20,Monday,28,10,3,26,92777,39,52,Not Ready,Failed
1339,JOB005,BACKUP_JOB,Reporting,11,Saturday,2,15,9,61,107573,89,64,Ready,Failed
1340,JOB015,DAILY_ANALYTICS,Synchronization,2,Tuesday,12,2,3,100,497103,66,44,Ready,Failed
1341,JOB008,SALES_REPORT,Backup,19,Wednesday,3,8,7,15,94353,78,56,Delayed,Success
1342,JOB010,ORDER_PROCESSING,Backup,21,Monday,17,2,1,18,149517,33,55,Ready,Success
1343,JOB011,EMPLOYEE_DATA_SYNC,Data Processing,11,Saturday,1,18,9,35,368158,61,54,Ready,Success
1344,JOB002,MONTHLY_PAYROLL,Reporting,23,Wednesday,19,10,7,112,409502,80,38,Delayed,Failed
1345,JOB012,DATABASE_BACKUP,Synchronization,16,Sunday,21,13,1,8,200969,78,64,Delayed,Success
1346,JOB017,INVOICE_PROCESSING,Data Transfer,9,Friday,20,1,0,113,228885,27,37,Delayed,Success
1347,JOB018,VENDOR_DATA_SYNC,Backup,23,Monday,14,6,9,26,95378,76,46,Not Ready,Failed
1348,JOB008,SALES_REPORT,Data Processing,13,Sunday,16,9,8,97,284265,41,50,Ready,Failed
1349,JOB008,SALES_REPORT,Data Processing,22,Thursday,28,9,7,103,313995,40,58,Ready,Success
1350,JOB014,MASTER_DATA_SYNC,Data Transfer,16,Friday,9,19,5,68,465453,47,86,Not Ready,Failed
1351,JOB002,MONTHLY_PAYROLL,Data Processing,17,Friday,0,0,3,81,115979,68,41,Ready,Success
1352,JOB008,SALES_REPORT,Reporting,18,Wednesday,30,5,1,88,17964,42,71,Ready,Success
1353,JOB020,ARCHIVE_JOB,Synchronization,16,Sunday,5,20,7,87,488845,73,29,Delayed,Success
1354,JOB002,MONTHLY_PAYROLL,Reporting,13,Friday,2,13,2,83,5200,42,27,Ready,Success
1355,JOB019,SYSTEM_MONITORING,Synchronization,8,Tuesday,18,26,9,119,228893,87,53,Ready,Success
1356,JOB014,MASTER_DATA_SYNC,Data Transfer,7,Monday,6,1,3,94,489853,65,72,Ready,Failed
1357,JOB012,DATABASE_BACKUP,Reporting,1,Tuesday,12,5,4,88,198487,87,37,Ready,Success
1358,JOB005,BACKUP_JOB,Data Transfer,12,Wednesday,12,0,3,65,461234,47,31,Ready,Success
1359,JOB020,ARCHIVE_JOB,Backup,6,Saturday,16,2,7,104,360274,69,83,Delayed,Failed
1360,JOB020,ARCHIVE_JOB,Data Processing,8,Wednesday,0,3,8,10,142559,82,76,Ready,Failed
1361,JOB011,EMPLOYEE_DATA_SYNC,Synchronization,21,Monday,13,12,0,83,139142,29,21,Ready,Success
1362,JOB020,ARCHIVE_JOB,Data Processing,21,Friday,28,2,1,72,466204,56,36,Ready,Failed
1363,JOB011,EMPLOYEE_DATA_SYNC,Data Transfer,10,Sunday,25,14,3,10,422236,32,71,Ready,Success
1364,JOB018,VENDOR_DATA_SYNC,Data Processing,13,Sunday,2,12,0,70,387153,89,95,Delayed,Failed
1365,JOB010,ORDER_PROCESSING,Synchronization,3,Thursday,13,21,5,40,72516,49,90,Ready,Failed
1366,JOB016,WAREHOUSE_UPDATE,Data Transfer,12,Wednesday,23,10,4,118,247074,91,21,Ready,Failed
1367,JOB018,VENDOR_DATA_SYNC,Synchronization,1,Monday,0,3,6,19,468552,30,46,Ready,Failed
1368,JOB009,STOCK_UPDATE,Backup,22,Thursday,15,29,5,80,365373,20,45,Ready,Success
1369,JOB006,FINANCE_REPORT,Synchronization,4,Friday,9,16,2,44,44952,37,44,Not Ready,Success
1370,JOB012,DATABASE_BACKUP,Data Processing,10,Saturday,12,4,4,112,216578,30,31,Delayed,Success
1371,JOB001,DAILY_SALES,Reporting,5,Wednesday,3,20,2,45,199727,29,36,Ready,Success
1372,JOB010,ORDER_PROCESSING,Data Transfer,17,Saturday,8,24,8,11,484705,67,84,Ready,Success
1373,JOB002,MONTHLY_PAYROLL,Backup,20,Monday,13,23,1,26,63959,80,59,Ready,Success
1374,JOB013,LOG_CLEANUP,Reporting,9,Saturday,3,7,5,76,385184,29,24,Delayed,Failed
1375,JOB009,STOCK_UPDATE,Reporting,3,Saturday,9,20,8,120,418925,79,47,Ready,Failed
1376,JOB008,SALES_REPORT,Reporting,8,Monday,7,23,9,110,69781,41,91,Ready,Failed
1377,JOB012,DATABASE_BACKUP,Data Transfer,5,Monday,22,29,6,15,27392,94,71,Ready,Success
1378,JOB013,LOG_CLEANUP,Data Transfer,1,Wednesday,2,9,4,6,451145,28,33,Ready,Success
1379,JOB006,FINANCE_REPORT,Reporting,16,Saturday,22,6,1,34,38256,34,25,Ready,Success
1380,JOB019,SYSTEM_MONITORING,Synchronization,4,Thursday,30,16,1,72,102439,56,37,Ready,Success
1381,JOB020,ARCHIVE_JOB,Synchronization,5,Monday,6,27,3,57,294859,89,56,Ready,Success
1382,JOB014,MASTER_DATA_SYNC,Reporting,11,Friday,9,6,9,93,120198,63,93,Delayed,Failed
1383,JOB013,LOG_CLEANUP,Synchronization,22,Saturday,2,26,1,25,7546,88,83,Ready,Success
1384,JOB016,WAREHOUSE_UPDATE,Reporting,20,Monday,1,23,7,29,395352,22,54,Ready,Success
1385,JOB015,DAILY_ANALYTICS,Data Transfer,9,Thursday,14,18,9,77,89128,29,36,Ready,Success
1386,JOB010,ORDER_PROCESSING,Synchronization,21,Sunday,8,8,6,76,150207,23,29,Delayed,Success
1387,JOB014,MASTER_DATA_SYNC,Backup,20,Wednesday,14,23,6,9,202569,75,70,Ready,Success
1388,JOB009,STOCK_UPDATE,Data Transfer,5,Saturday,16,1,2,114,302456,59,71,Ready,Success
1389,JOB010,ORDER_PROCESSING,Reporting,7,Sunday,29,21,6,96,434571,52,83,Ready,Success
1390,JOB008,SALES_REPORT,Backup,1,Monday,6,19,7,70,80756,52,52,Ready,Success
1391,JOB018,VENDOR_DATA_SYNC,Backup,11,Monday,19,18,4,89,485666,79,36,Ready,Failed
1392,JOB018,VENDOR_DATA_SYNC,Data Transfer,12,Friday,17,26,0,53,278592,40,68,Not Ready,Failed
1393,JOB012,DATABASE_BACKUP,Backup,20,Friday,14,5,0,12,376542,88,26,Ready,Success
1394,JOB018,VENDOR_DATA_SYNC,Synchronization,6,Saturday,17,9,3,102,306995,64,84,Ready,Success
1395,JOB017,INVOICE_PROCESSING,Backup,9,Sunday,23,12,1,91,81532,76,81,Ready,Success
1396,JOB011,EMPLOYEE_DATA_SYNC,Backup,12,Sunday,22,24,6,83,40268,59,94,Ready,Failed
1397,JOB011,EMPLOYEE_DATA_SYNC,Data Processing,16,Monday,11,1,2,31,300885,83,29,Ready,Success
1398,JOB020,ARCHIVE_JOB,Backup,20,Saturday,22,9,3,6,256936,29,50,Ready,Success
1399,JOB014,MASTER_DATA_SYNC,Backup,13,Monday,20,9,8,32,149207,93,44,Ready,Success
1400,JOB001,DAILY_SALES,Synchronization,1,Friday,29,25,1,15,233965,85,76,Ready,Success
1401,JOB020,ARCHIVE_JOB,Backup,21,Thursday,25,4,7,50,1748,84,84,Ready,Failed
1402,JOB015,DAILY_ANALYTICS,Backup,10,Tuesday,7,21,0,25,83186,49,62,Delayed,Success
1403,JOB020,ARCHIVE_JOB,Data Transfer,0,Tuesday,29,3,2,46,394039,54,22,Not Ready,Success
1404,JOB006,FINANCE_REPORT,Data Processing,18,Monday,1,22,3,36,111997,72,74,Not Ready,Success
1405,JOB005,BACKUP_JOB,Backup,20,Sunday,1,1,5,36,479957,58,67,Ready,Success
1406,JOB013,LOG_CLEANUP,Reporting,3,Friday,4,6,0,75,480370,41,84,Ready,Success
1407,JOB009,STOCK_UPDATE,Data Processing,18,Wednesday,30,17,7,26,43148,86,90,Ready,Failed
1408,JOB010,ORDER_PROCESSING,Synchronization,20,Wednesday,0,16,1,82,23297,89,79,Delayed,Success
1409,JOB008,SALES_REPORT,Backup,10,Tuesday,21,10,4,81,64160,86,33,Ready,Success
1410,JOB006,FINANCE_REPORT,Data Transfer,7,Thursday,3,20,5,25,40577,94,33,Ready,Success
1411,JOB013,LOG_CLEANUP,Data Transfer,10,Tuesday,5,17,7,26,430161,36,28,Not Ready,Success
1412,JOB006,FINANCE_REPORT,Synchronization,3,Monday,22,7,2,38,315516,38,64,Delayed,Failed
1413,JOB020,ARCHIVE_JOB,Synchronization,16,Thursday,12,27,8,14,261280,79,21,Ready,Failed
1414,JOB014,MASTER_DATA_SYNC,Reporting,6,Wednesday,18,27,4,69,317825,91,51,Ready,Failed
1415,JOB004,DATA_TRANSFER,Synchronization,7,Sunday,10,11,7,69,421622,70,27,Ready,Failed
1416,JOB002,MONTHLY_PAYROLL,Synchronization,2,Friday,12,23,3,92,149158,67,55,Ready,Failed
1417,JOB001,DAILY_SALES,Data Processing,21,Friday,7,0,8,71,10890,76,56,Not Ready,Success
1418,JOB014,MASTER_DATA_SYNC,Backup,1,Monday,6,19,7,99,376690,29,34,Not Ready,Failed
1419,JOB016,WAREHOUSE_UPDATE,Reporting,22,Tuesday,12,29,4,47,33968,51,53,Ready,Success
1420,JOB014,MASTER_DATA_SYNC,Reporting,14,Monday,0,24,2,119,456273,87,40,Ready,Failed
1421,JOB009,STOCK_UPDATE,Reporting,23,Friday,5,20,0,45,160446,47,28,Delayed,Success
1422,JOB009,STOCK_UPDATE,Backup,21,Wednesday,6,11,4,17,148267,23,59,Ready,Success
1423,JOB002,MONTHLY_PAYROLL,Synchronization,21,Friday,15,26,4,8,48323,80,45,Ready,Success
1424,JOB011,EMPLOYEE_DATA_SYNC,Synchronization,4,Thursday,29,25,3,120,341824,31,41,Delayed,Failed
1425,JOB019,SYSTEM_MONITORING,Data Processing,23,Sunday,26,28,9,27,430525,34,32,Ready,Success
1426,JOB018,VENDOR_DATA_SYNC,Data Processing,0,Sunday,14,5,9,74,473792,48,44,Not Ready,Success
1427,JOB012,DATABASE_BACKUP,Reporting,3,Saturday,19,2,7,38,73691,32,90,Ready,Failed
1428,JOB006,FINANCE_REPORT,Backup,14,Friday,29,4,2,45,338881,57,34,Ready,Success
1429,JOB009,STOCK_UPDATE,Synchronization,19,Friday,1,13,9,22,135577,77,95,Delayed,Failed
1430,JOB007,CUSTOMER_REPORT,Backup,18,Sunday,25,11,8,104,61444,54,64,Ready,Success
1431,JOB003,INVENTORY_UPDATE,Synchronization,2,Saturday,24,12,2,94,475861,59,40,Ready,Success
1432,JOB008,SALES_REPORT,Backup,19,Thursday,22,12,3,101,168999,95,59,Ready,Success
1433,JOB009,STOCK_UPDATE,Backup,10,Tuesday,15,28,5,37,8080,24,66,Not Ready,Failed
1434,JOB015,DAILY_ANALYTICS,Reporting,16,Friday,16,16,8,29,407623,21,80,Ready,Failed
1435,JOB008,SALES_REPORT,Data Processing,12,Sunday,23,23,9,56,160385,49,33,Ready,Success
1436,JOB017,INVOICE_PROCESSING,Data Transfer,10,Monday,14,26,1,21,220675,29,91,Ready,Failed
1437,JOB018,VENDOR_DATA_SYNC,Backup,1,Friday,2,14,1,55,73189,92,86,Ready,Failed
1438,JOB001,DAILY_SALES,Data Transfer,8,Monday,3,5,1,7,325947,57,95,Ready,Failed
1439,JOB014,MASTER_DATA_SYNC,Reporting,1,Thursday,11,11,4,59,125591,78,66,Not Ready,Failed
1440,JOB004,DATA_TRANSFER,Backup,20,Friday,4,1,5,90,439522,54,35,Delayed,Failed
1441,JOB007,CUSTOMER_REPORT,Reporting,8,Sunday,16,3,2,60,486057,90,90,Ready,Success
1442,JOB014,MASTER_DATA_SYNC,Data Transfer,8,Thursday,30,19,2,117,127230,31,37,Not Ready,Success
1443,JOB010,ORDER_PROCESSING,Synchronization,7,Thursday,5,24,1,39,46094,61,64,Ready,Success
1444,JOB002,MONTHLY_PAYROLL,Backup,16,Tuesday,9,24,5,72,148524,68,42,Ready,Failed
1445,JOB003,INVENTORY_UPDATE,Reporting,0,Friday,21,20,0,63,496892,86,45,Delayed,Failed
1446,JOB008,SALES_REPORT,Data Transfer,10,Monday,17,11,8,96,274527,52,85,Ready,Success
1447,JOB016,WAREHOUSE_UPDATE,Backup,7,Monday,26,2,9,63,452669,32,21,Ready,Failed
1448,JOB001,DAILY_SALES,Data Transfer,9,Friday,9,16,3,17,318616,94,41,Ready,Failed
1449,JOB012,DATABASE_BACKUP,Synchronization,6,Saturday,5,5,1,66,397234,39,57,Ready,Success
1450,JOB013,LOG_CLEANUP,Backup,2,Tuesday,23,23,5,98,3653,52,61,Ready,Failed
1451,JOB015,DAILY_ANALYTICS,Reporting,2,Tuesday,5,16,4,51,243779,53,47,Ready,Success
1452,JOB003,INVENTORY_UPDATE,Reporting,17,Tuesday,19,26,2,80,326712,69,82,Ready,Failed
1453,JOB009,STOCK_UPDATE,Reporting,4,Monday,14,16,2,7,25916,69,36,Ready,Failed
1454,JOB006,FINANCE_REPORT,Reporting,11,Thursday,3,10,4,25,402828,28,78,Ready,Failed
1455,JOB005,BACKUP_JOB,Backup,11,Sunday,24,22,3,108,347339,26,21,Delayed,Success
1456,JOB003,INVENTORY_UPDATE,Synchronization,18,Saturday,15,6,4,69,494438,28,69,Ready,Success
1457,JOB020,ARCHIVE_JOB,Synchronization,5,Tuesday,21,1,1,22,99776,45,34,Ready,Success
1458,JOB012,DATABASE_BACKUP,Reporting,1,Monday,23,18,0,17,240703,21,37,Ready,Success
1459,JOB008,SALES_REPORT,Reporting,11,Monday,7,1,4,75,201029,24,57,Not Ready,Failed
1460,JOB014,MASTER_DATA_SYNC,Reporting,18,Thursday,6,21,0,81,344679,85,27,Ready,Success
1461,JOB017,INVOICE_PROCESSING,Reporting,4,Friday,18,28,2,85,416529,29,39,Ready,Failed
1462,JOB014,MASTER_DATA_SYNC,Backup,11,Friday,25,12,7,113,375973,50,79,Ready,Success
1463,JOB017,INVOICE_PROCESSING,Synchronization,16,Sunday,16,23,7,100,112458,52,45,Ready,Failed
1464,JOB001,DAILY_SALES,Data Processing,16,Sunday,20,23,8,97,257980,25,54,Delayed,Failed
1465,JOB004,DATA_TRANSFER,Data Processing,9,Tuesday,12,15,0,49,449133,33,45,Ready,Success
1466,JOB018,VENDOR_DATA_SYNC,Synchronization,22,Sunday,14,16,3,66,128956,34,37,Delayed,Success
1467,JOB001,DAILY_SALES,Reporting,16,Tuesday,25,10,5,34,212079,62,63,Ready,Success
1468,JOB010,ORDER_PROCESSING,Data Processing,14,Saturday,25,8,6,79,246060,39,26,Ready,Failed
1469,JOB007,CUSTOMER_REPORT,Backup,11,Sunday,30,26,4,18,166927,40,54,Ready,Failed
1470,JOB018,VENDOR_DATA_SYNC,Reporting,15,Thursday,1,23,6,57,41585,83,31,Ready,Failed
1471,JOB010,ORDER_PROCESSING,Synchronization,23,Tuesday,27,8,9,14,160006,48,63,Ready,Failed
1472,JOB006,FINANCE_REPORT,Synchronization,18,Thursday,9,28,7,76,287713,78,60,Ready,Success
1473,JOB003,INVENTORY_UPDATE,Data Transfer,7,Monday,12,13,9,35,414469,92,73,Delayed,Failed
1474,JOB005,BACKUP_JOB,Backup,20,Tuesday,17,12,5,10,360346,83,20,Ready,Failed
1475,JOB009,STOCK_UPDATE,Backup,16,Monday,29,24,3,87,55868,63,44,Ready,Success
1476,JOB003,INVENTORY_UPDATE,Data Transfer,22,Wednesday,22,10,0,23,420235,53,34,Ready,Failed
1477,JOB015,DAILY_ANALYTICS,Data Transfer,4,Thursday,10,11,4,16,8996,66,94,Ready,Success
1478,JOB016,WAREHOUSE_UPDATE,Data Transfer,21,Wednesday,12,21,9,68,293581,28,22,Delayed,Success
1479,JOB008,SALES_REPORT,Backup,15,Tuesday,18,2,9,107,327946,79,64,Delayed,Success
1480,JOB010,ORDER_PROCESSING,Data Transfer,5,Monday,28,0,9,118,282915,49,64,Ready,Failed
1481,JOB011,EMPLOYEE_DATA_SYNC,Backup,7,Tuesday,23,26,3,120,191239,36,70,Ready,Success
1482,JOB018,VENDOR_DATA_SYNC,Data Transfer,17,Wednesday,24,7,4,86,51009,71,61,Ready,Failed
1483,JOB004,DATA_TRANSFER,Data Processing,11,Tuesday,29,25,3,59,394347,78,58,Ready,Failed
1484,JOB003,INVENTORY_UPDATE,Synchronization,14,Saturday,28,18,8,71,20299,23,39,Delayed,Failed
1485,JOB008,SALES_REPORT,Backup,8,Friday,23,12,2,13,210636,59,37,Ready,Success
1486,JOB012,DATABASE_BACKUP,Reporting,12,Wednesday,21,6,2,10,249346,26,58,Ready,Success
1487,JOB002,MONTHLY_PAYROLL,Reporting,14,Tuesday,4,12,9,5,495894,57,48,Ready,Failed
1488,JOB004,DATA_TRANSFER,Data Transfer,9,Monday,2,25,6,46,429015,51,39,Delayed,Failed
1489,JOB012,DATABASE_BACKUP,Data Transfer,15,Tuesday,18,5,1,108,35693,88,61,Ready,Success
1490,JOB017,INVOICE_PROCESSING,Backup,6,Monday,22,2,8,97,166841,86,31,Delayed,Failed
1491,JOB015,DAILY_ANALYTICS,Data Processing,16,Friday,12,5,7,59,398593,75,75,Ready,Success
1492,JOB005,BACKUP_JOB,Reporting,22,Tuesday,4,27,5,53,286163,39,31,Delayed,Failed
1493,JOB016,WAREHOUSE_UPDATE,Backup,20,Sunday,11,2,8,103,158975,83,72,Ready,Success
1494,JOB019,SYSTEM_MONITORING,Reporting,21,Sunday,13,12,2,103,12763,36,27,Ready,Success
1495,JOB017,INVOICE_PROCESSING,Synchronization,6,Friday,5,12,3,34,254126,35,77,Ready,Success
1496,JOB010,ORDER_PROCESSING,Data Transfer,13,Wednesday,29,29,6,39,6494,30,43,Ready,Failed
1497,JOB006,FINANCE_REPORT,Backup,14,Monday,21,24,0,67,274707,32,80,Ready,Failed
1498,JOB020,ARCHIVE_JOB,Data Transfer,20,Sunday,8,12,0,107,488309,37,20,Ready,Failed
1499,JOB005,BACKUP_JOB,Backup,6,Saturday,16,0,0,26,227188,33,89,Ready,Success
1500,JOB003,INVENTORY_UPDATE,Data Transfer,8,Wednesday,7,28,7,47,34433,53,64,Ready,Success
1501,JOB004,DATA_TRANSFER,Data Transfer,18,Monday,25,7,5,32,293138,95,28,Ready,Failed
1502,JOB010,ORDER_PROCESSING,Backup,15,Friday,12,4,2,22,351762,45,20,Delayed,Failed
1503,JOB003,INVENTORY_UPDATE,Synchronization,7,Sunday,28,19,9,36,383273,61,92,Ready,Success
1504,JOB012,DATABASE_BACKUP,Reporting,17,Thursday,4,16,6,73,325717,80,43,Ready,Failed
1505,JOB015,DAILY_ANALYTICS,Backup,22,Tuesday,28,8,5,58,281174,58,79,Delayed,Failed
1506,JOB013,LOG_CLEANUP,Synchronization,17,Friday,21,12,4,38,341438,21,67,Ready,Failed
1507,JOB004,DATA_TRANSFER,Data Processing,19,Monday,21,24,2,35,464259,76,58,Delayed,Failed
1508,JOB008,SALES_REPORT,Data Transfer,6,Monday,16,12,3,114,325096,69,37,Ready,Failed
1509,JOB008,SALES_REPORT,Data Transfer,2,Monday,2,4,0,101,448967,35,71,Ready,Success
1510,JOB012,DATABASE_BACKUP,Reporting,17,Monday,27,13,8,8,2163,81,21,Not Ready,Failed
1511,JOB014,MASTER_DATA_SYNC,Reporting,9,Tuesday,5,10,4,18,200533,30,55,Ready,Failed
1512,JOB009,STOCK_UPDATE,Data Transfer,6,Wednesday,13,24,1,19,24217,82,67,Ready,Success
1513,JOB006,FINANCE_REPORT,Data Transfer,16,Saturday,14,25,8,64,491420,49,54,Ready,Success
1514,JOB009,STOCK_UPDATE,Backup,13,Thursday,13,13,6,24,418271,73,89,Delayed,Failed
1515,JOB008,SALES_REPORT,Reporting,23,Tuesday,10,24,7,24,343075,90,91,Delayed,Failed
1516,JOB007,CUSTOMER_REPORT,Backup,2,Monday,10,6,2,53,342174,46,61,Ready,Success
1517,JOB008,SALES_REPORT,Backup,11,Tuesday,8,23,6,103,423306,83,93,Ready,Failed
1518,JOB004,DATA_TRANSFER,Data Transfer,12,Friday,5,16,0,72,38820,28,57,Ready,Success
1519,JOB018,VENDOR_DATA_SYNC,Reporting,1,Saturday,14,3,5,22,367361,95,45,Ready,Failed
1520,JOB003,INVENTORY_UPDATE,Synchronization,2,Monday,11,9,9,28,275334,91,50,Ready,Success
1521,JOB019,SYSTEM_MONITORING,Reporting,4,Thursday,28,9,5,31,190240,21,71,Delayed,Failed
1522,JOB004,DATA_TRANSFER,Backup,10,Monday,5,14,9,37,309107,68,79,Ready,Failed
1523,JOB017,INVOICE_PROCESSING,Backup,7,Saturday,0,19,5,68,468676,67,27,Ready,Failed
1524,JOB011,EMPLOYEE_DATA_SYNC,Data Transfer,22,Thursday,24,11,2,29,277356,74,80,Ready,Failed
1525,JOB002,MONTHLY_PAYROLL,Data Processing,22,Saturday,15,8,5,73,491722,86,54,Ready,Failed
1526,JOB008,SALES_REPORT,Reporting,11,Thursday,19,2,2,22,316782,50,53,Ready,Success
1527,JOB020,ARCHIVE_JOB,Synchronization,6,Wednesday,14,14,9,49,172151,45,29,Ready,Success
1528,JOB016,WAREHOUSE_UPDATE,Reporting,14,Sunday,1,11,8,114,450247,85,59,Delayed,Success
1529,JOB010,ORDER_PROCESSING,Reporting,23,Wednesday,16,25,6,24,453147,49,71,Delayed,Success
1530,JOB004,DATA_TRANSFER,Backup,16,Tuesday,2,14,3,39,210556,20,31,Ready,Success
1531,JOB020,ARCHIVE_JOB,Data Transfer,3,Tuesday,2,25,2,10,33794,89,46,Ready,Success
1532,JOB006,FINANCE_REPORT,Synchronization,21,Thursday,4,0,5,95,352975,41,38,Delayed,Failed
1533,JOB015,DAILY_ANALYTICS,Synchronization,12,Monday,16,14,8,96,85590,94,76,Ready,Success
1534,JOB016,WAREHOUSE_UPDATE,Reporting,17,Sunday,22,10,2,79,203235,73,73,Ready,Failed
1535,JOB013,LOG_CLEANUP,Reporting,0,Friday,28,4,7,13,493403,33,34,Ready,Success
1536,JOB018,VENDOR_DATA_SYNC,Synchronization,15,Friday,16,6,5,56,262710,33,56,Ready,Success
1537,JOB016,WAREHOUSE_UPDATE,Synchronization,12,Monday,19,11,3,32,334590,90,80,Ready,Failed
1538,JOB001,DAILY_SALES,Data Processing,9,Monday,5,19,4,23,312422,38,37,Ready,Success
1539,JOB015,DAILY_ANALYTICS,Data Processing,11,Wednesday,30,24,2,107,346543,45,63,Ready,Success
1540,JOB012,DATABASE_BACKUP,Synchronization,1,Friday,0,5,1,89,126208,78,40,Ready,Success
1541,JOB012,DATABASE_BACKUP,Data Transfer,22,Thursday,6,21,8,67,309618,41,48,Ready,Failed
1542,JOB003,INVENTORY_UPDATE,Data Processing,2,Saturday,25,2,2,99,156966,25,34,Ready,Success
1543,JOB001,DAILY_SALES,Backup,9,Tuesday,14,9,5,110,413088,82,87,Delayed,Failed
1544,JOB008,SALES_REPORT,Backup,1,Saturday,6,25,4,11,230716,93,83,Ready,Failed
1545,JOB018,VENDOR_DATA_SYNC,Backup,22,Wednesday,18,20,9,41,308893,73,33,Not Ready,Failed
1546,JOB012,DATABASE_BACKUP,Reporting,12,Friday,19,25,7,93,275550,38,56,Ready,Success
1547,JOB011,EMPLOYEE_DATA_SYNC,Data Processing,12,Sunday,21,21,4,96,333553,29,73,Delayed,Success
1548,JOB010,ORDER_PROCESSING,Reporting,17,Monday,29,29,7,40,343705,56,78,Ready,Failed
1549,JOB004,DATA_TRANSFER,Data Transfer,2,Sunday,10,3,4,21,422887,36,78,Not Ready,Failed
1550,JOB011,EMPLOYEE_DATA_SYNC,Synchronization,6,Sunday,22,12,9,94,391511,74,74,Ready,Success
1551,JOB015,DAILY_ANALYTICS,Synchronization,13,Friday,13,18,5,96,374120,24,62,Ready,Success
1552,JOB003,INVENTORY_UPDATE,Data Transfer,19,Thursday,12,4,4,41,490981,40,71,Ready,Failed
1553,JOB017,INVOICE_PROCESSING,Data Processing,16,Wednesday,19,22,1,85,334781,58,58,Not Ready,Success
1554,JOB008,SALES_REPORT,Data Transfer,20,Monday,25,26,9,64,363053,39,38,Ready,Failed
1555,JOB001,DAILY_SALES,Synchronization,11,Saturday,26,21,9,53,350341,90,75,Ready,Failed
1556,JOB007,CUSTOMER_REPORT,Synchronization,15,Thursday,24,17,5,85,410398,34,55,Ready,Success
1557,JOB019,SYSTEM_MONITORING,Data Transfer,23,Saturday,8,0,6,101,260681,72,71,Ready,Failed
1558,JOB003,INVENTORY_UPDATE,Reporting,11,Tuesday,8,20,2,60,432820,52,63,Ready,Success
1559,JOB009,STOCK_UPDATE,Data Transfer,14,Wednesday,15,20,2,38,62525,63,65,Delayed,Failed
1560,JOB013,LOG_CLEANUP,Reporting,9,Thursday,11,27,6,91,195437,85,59,Ready,Failed
1561,JOB008,SALES_REPORT,Data Processing,6,Thursday,9,15,9,34,298320,69,72,Ready,Failed
1562,JOB019,SYSTEM_MONITORING,Synchronization,19,Saturday,5,15,3,31,389077,51,76,Delayed,Success
1563,JOB012,DATABASE_BACKUP,Backup,4,Monday,17,15,1,55,397055,90,38,Ready,Success
1564,JOB009,STOCK_UPDATE,Backup,0,Tuesday,1,27,8,13,493628,92,63,Ready,Success
1565,JOB006,FINANCE_REPORT,Synchronization,16,Saturday,26,21,8,24,333134,74,39,Ready,Failed
1566,JOB003,INVENTORY_UPDATE,Data Transfer,2,Thursday,19,18,5,91,384702,47,63,Not Ready,Failed
1567,JOB007,CUSTOMER_REPORT,Synchronization,12,Wednesday,8,15,1,51,225388,22,62,Ready,Success
1568,JOB004,DATA_TRANSFER,Data Transfer,13,Thursday,18,0,2,23,146286,72,26,Delayed,Success
1569,JOB006,FINANCE_REPORT,Data Transfer,23,Friday,5,19,4,105,156010,61,61,Ready,Success
1570,JOB002,MONTHLY_PAYROLL,Synchronization,17,Wednesday,1,19,4,113,467166,21,81,Ready,Failed
1571,JOB019,SYSTEM_MONITORING,Backup,3,Wednesday,14,9,8,72,94324,41,21,Ready,Success
1572,JOB016,WAREHOUSE_UPDATE,Synchronization,17,Thursday,16,1,9,81,195485,44,65,Ready,Success
1573,JOB010,ORDER_PROCESSING,Data Transfer,4,Monday,15,13,2,106,243110,51,57,Ready,Success
1574,JOB004,DATA_TRANSFER,Data Processing,15,Wednesday,27,7,1,16,262195,26,20,Ready,Success
1575,JOB014,MASTER_DATA_SYNC,Backup,0,Friday,20,5,9,77,166765,81,66,Not Ready,Failed
1576,JOB007,CUSTOMER_REPORT,Data Transfer,20,Saturday,7,27,7,83,147529,50,32,Ready,Success
1577,JOB002,MONTHLY_PAYROLL,Backup,13,Monday,9,2,6,89,39862,82,79,Ready,Success
1578,JOB017,INVOICE_PROCESSING,Reporting,14,Monday,9,15,8,83,90553,56,83,Ready,Success
1579,JOB016,WAREHOUSE_UPDATE,Synchronization,8,Monday,17,16,2,117,223262,87,87,Ready,Failed
1580,JOB007,CUSTOMER_REPORT,Synchronization,14,Wednesday,9,11,5,9,120088,28,74,Ready,Success
1581,JOB018,VENDOR_DATA_SYNC,Backup,16,Monday,8,26,4,73,134048,89,50,Ready,Failed
1582,JOB015,DAILY_ANALYTICS,Reporting,23,Thursday,27,18,4,29,257770,65,33,Not Ready,Failed
1583,JOB014,MASTER_DATA_SYNC,Data Processing,3,Monday,23,23,9,92,447997,53,24,Not Ready,Failed
1584,JOB006,FINANCE_REPORT,Data Processing,11,Friday,18,19,7,105,183306,79,73,Delayed,Failed
1585,JOB013,LOG_CLEANUP,Data Processing,4,Tuesday,0,2,0,35,225744,32,72,Ready,Failed
1586,JOB006,FINANCE_REPORT,Backup,4,Friday,3,12,0,50,274065,55,56,Not Ready,Success
1587,JOB002,MONTHLY_PAYROLL,Data Transfer,10,Wednesday,23,15,2,38,190579,67,76,Ready,Success
1588,JOB014,MASTER_DATA_SYNC,Synchronization,5,Monday,2,10,1,45,387038,94,22,Ready,Success
1589,JOB009,STOCK_UPDATE,Reporting,6,Monday,9,19,1,82,357992,25,30,Ready,Success
1590,JOB017,INVOICE_PROCESSING,Reporting,23,Thursday,11,26,1,95,325707,24,61,Delayed,Success
1591,JOB010,ORDER_PROCESSING,Data Processing,13,Saturday,17,15,3,115,32709,84,74,Ready,Failed
1592,JOB017,INVOICE_PROCESSING,Data Processing,23,Monday,22,19,0,72,266588,69,57,Ready,Success
1593,JOB002,MONTHLY_PAYROLL,Reporting,10,Sunday,19,1,9,91,296670,93,43,Ready,Success
1594,JOB014,MASTER_DATA_SYNC,Synchronization,12,Friday,5,3,8,42,282622,93,28,Ready,Success
1595,JOB003,INVENTORY_UPDATE,Reporting,1,Wednesday,20,26,4,50,64332,43,32,Ready,Success
1596,JOB020,ARCHIVE_JOB,Data Processing,6,Tuesday,1,27,4,73,5379,26,37,Ready,Success
1597,JOB004,DATA_TRANSFER,Data Processing,19,Monday,9,24,8,31,148568,77,29,Delayed,Failed
1598,JOB009,STOCK_UPDATE,Backup,3,Tuesday,1,3,4,47,314716,40,31,Ready,Success
1599,JOB013,LOG_CLEANUP,Data Processing,7,Monday,29,27,7,82,160940,52,66,Ready,Failed
1600,JOB020,ARCHIVE_JOB,Backup,19,Wednesday,8,16,0,75,6283,63,29,Ready,Success
1601,JOB007,CUSTOMER_REPORT,Synchronization,21,Saturday,26,0,0,114,472932,44,20,Delayed,Failed
1602,JOB013,LOG_CLEANUP,Data Processing,20,Friday,9,0,3,49,280349,34,76,Ready,Success
1603,JOB018,VENDOR_DATA_SYNC,Data Processing,18,Wednesday,1,29,7,22,489878,48,90,Ready,Success
1604,JOB020,ARCHIVE_JOB,Reporting,12,Tuesday,7,4,2,36,244721,71,30,Ready,Success
1605,JOB019,SYSTEM_MONITORING,Data Processing,13,Monday,23,21,0,6,186988,36,72,Ready,Success
1606,JOB002,MONTHLY_PAYROLL,Synchronization,9,Tuesday,16,11,8,45,208245,55,23,Ready,Success
1607,JOB006,FINANCE_REPORT,Data Transfer,10,Friday,16,5,8,111,308390,54,80,Delayed,Failed
1608,JOB001,DAILY_SALES,Reporting,1,Sunday,28,5,8,24,314115,59,29,Ready,Success
1609,JOB010,ORDER_PROCESSING,Synchronization,8,Wednesday,3,24,8,97,492796,42,24,Delayed,Failed
1610,JOB014,MASTER_DATA_SYNC,Backup,16,Tuesday,17,16,1,62,48596,92,80,Not Ready,Failed
1611,JOB003,INVENTORY_UPDATE,Reporting,2,Tuesday,11,25,3,111,157914,53,95,Ready,Failed
1612,JOB012,DATABASE_BACKUP,Data Processing,23,Friday,30,21,1,94,286159,77,49,Ready,Success
1613,JOB005,BACKUP_JOB,Reporting,5,Sunday,16,12,6,42,156467,80,76,Delayed,Failed
1614,JOB020,ARCHIVE_JOB,Backup,4,Monday,8,7,2,5,476411,47,52,Ready,Success
1615,JOB001,DAILY_SALES,Data Transfer,4,Sunday,28,23,8,73,253093,79,56,Ready,Success
1616,JOB004,DATA_TRANSFER,Data Processing,21,Tuesday,18,11,6,58,195162,51,87,Not Ready,Failed
1617,JOB016,WAREHOUSE_UPDATE,Synchronization,14,Friday,13,14,7,18,159559,77,42,Ready,Success
1618,JOB020,ARCHIVE_JOB,Data Transfer,22,Monday,13,18,8,29,420122,63,89,Ready,Failed
1619,JOB004,DATA_TRANSFER,Backup,16,Sunday,29,28,7,116,117581,53,26,Delayed,Failed
1620,JOB019,SYSTEM_MONITORING,Data Transfer,8,Sunday,16,20,6,13,404751,40,38,Ready,Success
1621,JOB012,DATABASE_BACKUP,Synchronization,2,Sunday,1,25,8,98,258257,20,34,Ready,Failed
1622,JOB003,INVENTORY_UPDATE,Synchronization,19,Saturday,7,19,0,87,93500,74,51,Ready,Success
1623,JOB015,DAILY_ANALYTICS,Reporting,16,Monday,4,27,3,65,99896,68,78,Ready,Failed
1624,JOB017,INVOICE_PROCESSING,Data Transfer,9,Sunday,26,16,3,56,213160,40,89,Not Ready,Success
1625,JOB011,EMPLOYEE_DATA_SYNC,Reporting,2,Saturday,6,8,4,108,259930,74,89,Ready,Failed
1626,JOB016,WAREHOUSE_UPDATE,Data Processing,17,Wednesday,21,20,7,12,51539,46,25,Not Ready,Failed
1627,JOB019,SYSTEM_MONITORING,Backup,17,Friday,28,17,9,20,201603,39,95,Delayed,Failed
1628,JOB015,DAILY_ANALYTICS,Data Processing,16,Sunday,15,27,0,118,417693,35,85,Ready,Success
1629,JOB007,CUSTOMER_REPORT,Synchronization,23,Monday,15,1,5,12,425193,67,23,Ready,Success
1630,JOB009,STOCK_UPDATE,Synchronization,2,Saturday,16,10,8,27,366520,51,89,Ready,Failed
1631,JOB011,EMPLOYEE_DATA_SYNC,Synchronization,2,Saturday,21,22,9,77,354790,51,76,Ready,Failed
1632,JOB020,ARCHIVE_JOB,Synchronization,5,Wednesday,26,19,7,100,227534,72,80,Delayed,Failed
1633,JOB015,DAILY_ANALYTICS,Data Transfer,12,Thursday,6,16,1,105,78837,72,75,Ready,Success
1634,JOB001,DAILY_SALES,Data Transfer,23,Friday,19,20,6,38,382965,21,33,Not Ready,Failed
1635,JOB008,SALES_REPORT,Synchronization,14,Thursday,7,17,4,114,220691,76,26,Not Ready,Failed
1636,JOB019,SYSTEM_MONITORING,Data Processing,8,Monday,7,14,1,22,14295,41,73,Ready,Success
1637,JOB009,STOCK_UPDATE,Backup,3,Friday,22,6,0,113,195769,71,77,Delayed,Success
1638,JOB020,ARCHIVE_JOB,Backup,13,Wednesday,10,15,1,48,43023,77,80,Delayed,Failed
1639,JOB014,MASTER_DATA_SYNC,Data Processing,4,Monday,14,24,9,19,364553,53,91,Ready,Failed
1640,JOB011,EMPLOYEE_DATA_SYNC,Data Processing,1,Friday,17,28,5,19,483026,90,47,Ready,Success
1641,JOB007,CUSTOMER_REPORT,Data Processing,10,Friday,5,0,7,97,242472,36,74,Ready,Success
1642,JOB006,FINANCE_REPORT,Backup,8,Thursday,21,27,2,27,45265,91,93,Ready,Failed
1643,JOB001,DAILY_SALES,Backup,23,Monday,11,17,4,91,432889,42,72,Ready,Failed
1644,JOB016,WAREHOUSE_UPDATE,Synchronization,2,Wednesday,14,26,1,69,52055,52,63,Ready,Success
1645,JOB004,DATA_TRANSFER,Synchronization,8,Wednesday,27,21,7,90,266505,48,47,Ready,Success
1646,JOB017,INVOICE_PROCESSING,Data Processing,2,Monday,22,7,3,75,452414,38,65,Ready,Failed
1647,JOB013,LOG_CLEANUP,Data Transfer,1,Monday,5,6,9,113,487832,88,68,Ready,Failed
1648,JOB004,DATA_TRANSFER,Data Transfer,11,Saturday,17,24,5,36,470839,56,86,Ready,Failed
1649,JOB013,LOG_CLEANUP,Reporting,9,Tuesday,23,29,2,96,29626,45,46,Ready,Failed
1650,JOB017,INVOICE_PROCESSING,Backup,8,Thursday,30,1,7,118,29388,43,58,Not Ready,Failed
1651,JOB015,DAILY_ANALYTICS,Data Transfer,14,Monday,19,11,7,36,207715,73,46,Ready,Success
1652,JOB017,INVOICE_PROCESSING,Reporting,7,Monday,8,15,2,37,85918,40,54,Ready,Success
1653,JOB011,EMPLOYEE_DATA_SYNC,Backup,4,Tuesday,7,8,8,47,280869,29,66,Ready,Success
1654,JOB020,ARCHIVE_JOB,Data Processing,10,Tuesday,13,19,9,17,101165,61,71,Delayed,Failed
1655,JOB010,ORDER_PROCESSING,Data Processing,1,Friday,18,10,4,120,134527,48,88,Ready,Success
1656,JOB019,SYSTEM_MONITORING,Synchronization,23,Sunday,18,14,9,96,266936,76,85,Ready,Failed
1657,JOB002,MONTHLY_PAYROLL,Reporting,14,Wednesday,7,2,8,13,487191,54,60,Ready,Failed
1658,JOB012,DATABASE_BACKUP,Reporting,5,Thursday,1,22,6,66,421943,47,69,Ready,Success
1659,JOB002,MONTHLY_PAYROLL,Reporting,7,Friday,24,20,9,61,439054,31,64,Ready,Failed
1660,JOB003,INVENTORY_UPDATE,Reporting,4,Monday,3,12,2,52,170704,77,39,Ready,Success
1661,JOB005,BACKUP_JOB,Synchronization,15,Tuesday,30,20,5,47,344877,63,90,Ready,Failed
1662,JOB013,LOG_CLEANUP,Synchronization,17,Saturday,5,27,9,71,483127,26,55,Ready,Failed
1663,JOB002,MONTHLY_PAYROLL,Data Processing,5,Wednesday,2,12,1,85,219888,35,91,Delayed,Failed
1664,JOB014,MASTER_DATA_SYNC,Data Processing,4,Friday,2,1,5,102,395524,54,89,Ready,Failed
1665,JOB018,VENDOR_DATA_SYNC,Data Transfer,15,Saturday,18,5,4,36,369579,26,43,Ready,Success
1666,JOB011,EMPLOYEE_DATA_SYNC,Reporting,12,Wednesday,10,5,2,77,410531,33,55,Ready,Failed
1667,JOB015,DAILY_ANALYTICS,Reporting,4,Sunday,28,11,6,109,41857,78,24,Ready,Failed
1668,JOB005,BACKUP_JOB,Reporting,12,Sunday,9,3,3,116,90717,81,39,Ready,Success
1669,JOB003,INVENTORY_UPDATE,Synchronization,16,Saturday,11,4,5,64,141965,93,72,Ready,Success
1670,JOB018,VENDOR_DATA_SYNC,Reporting,17,Tuesday,13,22,8,5,128293,85,59,Delayed,Failed
1671,JOB008,SALES_REPORT,Reporting,7,Friday,29,29,5,61,341377,41,69,Ready,Failed
1672,JOB006,FINANCE_REPORT,Data Processing,12,Friday,29,7,3,117,462965,35,93,Delayed,Failed
1673,JOB013,LOG_CLEANUP,Data Transfer,18,Sunday,27,5,9,110,240586,94,86,Ready,Failed
1674,JOB019,SYSTEM_MONITORING,Synchronization,2,Wednesday,17,20,1,88,9438,62,54,Delayed,Failed
1675,JOB010,ORDER_PROCESSING,Synchronization,23,Saturday,23,27,8,73,298136,39,83,Ready,Failed
1676,JOB001,DAILY_SALES,Backup,7,Tuesday,8,2,3,108,200466,29,56,Not Ready,Success
1677,JOB010,ORDER_PROCESSING,Reporting,1,Monday,14,22,3,113,477503,38,64,Not Ready,Failed
1678,JOB011,EMPLOYEE_DATA_SYNC,Reporting,7,Friday,23,7,1,89,161007,31,57,Not Ready,Failed
1679,JOB005,BACKUP_JOB,Reporting,12,Monday,30,18,4,73,472207,29,46,Ready,Success
1680,JOB001,DAILY_SALES,Data Transfer,12,Tuesday,25,20,5,72,235520,90,84,Ready,Failed
1681,JOB001,DAILY_SALES,Reporting,0,Sunday,2,10,9,65,181926,75,92,Ready,Failed
1682,JOB019,SYSTEM_MONITORING,Synchronization,5,Friday,22,17,5,12,338795,30,22,Delayed,Failed
1683,JOB018,VENDOR_DATA_SYNC,Data Processing,23,Friday,10,9,2,93,444918,80,78,Ready,Failed
1684,JOB005,BACKUP_JOB,Data Processing,18,Saturday,9,25,8,11,187895,57,49,Ready,Success
1685,JOB012,DATABASE_BACKUP,Backup,15,Monday,17,27,6,41,346397,36,35,Ready,Failed
1686,JOB005,BACKUP_JOB,Data Transfer,7,Sunday,3,19,2,46,195174,73,48,Ready,Success
1687,JOB005,BACKUP_JOB,Data Transfer,0,Saturday,27,11,3,36,230130,64,89,Ready,Success
1688,JOB017,INVOICE_PROCESSING,Reporting,15,Thursday,12,19,6,21,97283,44,93,Delayed,Success
1689,JOB004,DATA_TRANSFER,Backup,8,Monday,29,27,7,32,51950,50,43,Delayed,Failed
1690,JOB017,INVOICE_PROCESSING,Data Processing,12,Monday,28,28,5,74,184679,84,26,Ready,Failed
1691,JOB012,DATABASE_BACKUP,Reporting,10,Thursday,5,7,3,110,332045,58,68,Ready,Failed
1692,JOB020,ARCHIVE_JOB,Data Transfer,12,Tuesday,26,18,1,52,239231,39,82,Delayed,Failed
1693,JOB017,INVOICE_PROCESSING,Reporting,20,Tuesday,20,20,9,58,131526,92,65,Ready,Success
1694,JOB014,MASTER_DATA_SYNC,Data Processing,9,Friday,12,15,7,46,183851,62,67,Ready,Success
1695,JOB017,INVOICE_PROCESSING,Backup,3,Wednesday,24,26,0,40,166924,85,44,Delayed,Success
1696,JOB020,ARCHIVE_JOB,Synchronization,5,Saturday,25,20,8,70,126815,20,62,Delayed,Success
1697,JOB014,MASTER_DATA_SYNC,Reporting,6,Wednesday,19,17,7,35,325130,74,74,Ready,Failed
1698,JOB017,INVOICE_PROCESSING,Data Transfer,4,Friday,4,8,2,69,357997,70,53,Ready,Success
1699,JOB014,MASTER_DATA_SYNC,Backup,10,Wednesday,19,3,9,7,464725,24,84,Ready,Success
1700,JOB015,DAILY_ANALYTICS,Reporting,12,Monday,13,8,3,17,128648,31,47,Ready,Success
1701,JOB019,SYSTEM_MONITORING,Data Transfer,18,Monday,12,24,9,35,308571,33,60,Ready,Success
1702,JOB005,BACKUP_JOB,Data Transfer,22,Thursday,13,1,3,33,243399,79,48,Ready,Success
1703,JOB017,INVOICE_PROCESSING,Backup,9,Thursday,7,8,1,61,113237,59,51,Not Ready,Success
1704,JOB001,DAILY_SALES,Data Transfer,9,Friday,15,8,9,112,117837,28,88,Ready,Failed
1705,JOB007,CUSTOMER_REPORT,Data Transfer,10,Friday,12,17,4,37,37194,61,53,Delayed,Success
1706,JOB006,FINANCE_REPORT,Data Processing,20,Sunday,23,10,2,57,253368,61,78,Ready,Success
1707,JOB015,DAILY_ANALYTICS,Synchronization,6,Friday,14,12,0,14,188061,52,80,Not Ready,Failed
1708,JOB017,INVOICE_PROCESSING,Backup,17,Monday,18,5,1,106,280007,44,71,Delayed,Failed
1709,JOB001,DAILY_SALES,Data Processing,3,Wednesday,0,8,6,67,421749,28,82,Ready,Failed
1710,JOB011,EMPLOYEE_DATA_SYNC,Synchronization,1,Saturday,21,15,0,77,348794,63,45,Ready,Failed
1711,JOB001,DAILY_SALES,Reporting,13,Sunday,1,3,1,69,56511,77,31,Ready,Success
1712,JOB010,ORDER_PROCESSING,Data Processing,12,Sunday,17,1,9,112,90062,44,41,Ready,Failed
1713,JOB009,STOCK_UPDATE,Synchronization,11,Sunday,18,6,6,105,213618,51,92,Ready,Failed
1714,JOB005,BACKUP_JOB,Data Transfer,6,Friday,7,14,0,100,379182,41,75,Ready,Success
1715,JOB014,MASTER_DATA_SYNC,Backup,1,Friday,2,24,6,101,471956,74,25,Ready,Failed
1716,JOB003,INVENTORY_UPDATE,Data Processing,12,Monday,22,5,7,6,419491,80,55,Delayed,Failed
1717,JOB017,INVOICE_PROCESSING,Reporting,13,Saturday,25,10,1,114,36415,76,93,Ready,Failed
1718,JOB012,DATABASE_BACKUP,Data Processing,16,Monday,13,26,3,6,22750,80,78,Ready,Success
1719,JOB007,CUSTOMER_REPORT,Data Transfer,8,Saturday,25,29,6,73,38876,86,78,Ready,Success
1720,JOB012,DATABASE_BACKUP,Backup,16,Monday,8,19,0,78,35489,94,87,Ready,Failed
1721,JOB007,CUSTOMER_REPORT,Data Processing,7,Wednesday,28,16,5,120,462911,21,71,Ready,Failed
1722,JOB013,LOG_CLEANUP,Data Processing,1,Friday,7,3,4,106,83253,76,87,Ready,Success
1723,JOB014,MASTER_DATA_SYNC,Data Transfer,23,Tuesday,16,18,5,41,140927,92,70,Delayed,Failed
1724,JOB017,INVOICE_PROCESSING,Backup,12,Tuesday,22,6,7,6,354034,52,87,Ready,Failed
1725,JOB016,WAREHOUSE_UPDATE,Data Transfer,2,Friday,22,10,0,109,329903,82,45,Ready,Success
1726,JOB008,SALES_REPORT,Data Transfer,15,Sunday,23,12,2,65,201062,35,92,Ready,Success
1727,JOB009,STOCK_UPDATE,Synchronization,5,Friday,15,26,8,110,45459,20,60,Delayed,Failed
1728,JOB018,VENDOR_DATA_SYNC,Synchronization,18,Friday,9,25,7,44,309558,83,94,Ready,Failed
1729,JOB004,DATA_TRANSFER,Synchronization,6,Friday,20,20,3,67,229329,88,24,Delayed,Failed
1730,JOB008,SALES_REPORT,Synchronization,9,Sunday,9,27,9,29,383709,36,72,Ready,Failed
1731,JOB019,SYSTEM_MONITORING,Data Processing,8,Saturday,24,2,8,42,28073,59,57,Not Ready,Failed
1732,JOB017,INVOICE_PROCESSING,Data Processing,1,Wednesday,24,13,6,41,449727,20,72,Delayed,Failed
1733,JOB001,DAILY_SALES,Data Transfer,14,Tuesday,23,1,1,86,173972,32,75,Ready,Success
1734,JOB007,CUSTOMER_REPORT,Backup,4,Thursday,5,28,0,31,364081,37,38,Ready,Success
1735,JOB019,SYSTEM_MONITORING,Synchronization,21,Tuesday,21,17,0,88,286343,87,84,Ready,Failed
1736,JOB010,ORDER_PROCESSING,Data Transfer,3,Tuesday,16,4,2,54,317670,33,88,Ready,Failed
1737,JOB014,MASTER_DATA_SYNC,Backup,19,Sunday,28,12,9,38,295416,24,72,Delayed,Failed
1738,JOB002,MONTHLY_PAYROLL,Data Transfer,3,Monday,15,12,1,48,493536,81,38,Not Ready,Failed
1739,JOB020,ARCHIVE_JOB,Synchronization,17,Friday,14,23,3,76,243168,52,85,Ready,Success
1740,JOB017,INVOICE_PROCESSING,Synchronization,3,Friday,21,23,7,8,431517,45,67,Delayed,Failed
1741,JOB002,MONTHLY_PAYROLL,Data Processing,16,Friday,13,13,4,98,373361,80,85,Ready,Failed
1742,JOB009,STOCK_UPDATE,Reporting,11,Monday,3,11,4,56,64957,87,92,Ready,Failed
1743,JOB015,DAILY_ANALYTICS,Reporting,21,Sunday,3,20,5,59,1005,49,37,Delayed,Success
1744,JOB014,MASTER_DATA_SYNC,Synchronization,16,Wednesday,29,12,4,104,306370,81,58,Ready,Failed
1745,JOB017,INVOICE_PROCESSING,Data Transfer,9,Wednesday,1,17,4,77,103291,81,92,Ready,Failed
1746,JOB010,ORDER_PROCESSING,Data Processing,21,Sunday,28,12,6,109,293352,89,70,Delayed,Failed
1747,JOB006,FINANCE_REPORT,Backup,0,Thursday,10,3,5,16,155175,76,42,Ready,Failed
1748,JOB001,DAILY_SALES,Data Transfer,21,Wednesday,29,22,9,18,119480,55,52,Ready,Success
1749,JOB010,ORDER_PROCESSING,Data Transfer,23,Sunday,3,29,1,39,75240,26,79,Delayed,Success
1750,JOB005,BACKUP_JOB,Reporting,17,Wednesday,20,21,0,10,382796,84,78,Ready,Failed
1751,JOB008,SALES_REPORT,Data Processing,17,Friday,28,9,0,51,12452,93,45,Not Ready,Success
1752,JOB014,MASTER_DATA_SYNC,Synchronization,13,Saturday,27,22,3,27,362422,60,36,Ready,Success
1753,JOB006,FINANCE_REPORT,Synchronization,14,Sunday,20,4,1,119,14558,51,72,Ready,Success
1754,JOB001,DAILY_SALES,Synchronization,11,Tuesday,15,17,5,72,405224,33,62,Not Ready,Failed
1755,JOB013,LOG_CLEANUP,Data Transfer,3,Wednesday,20,7,8,69,305080,52,67,Delayed,Failed
1756,JOB012,DATABASE_BACKUP,Backup,2,Wednesday,3,13,9,63,446101,49,39,Ready,Success
1757,JOB007,CUSTOMER_REPORT,Data Transfer,19,Monday,0,27,9,13,67156,92,54,Ready,Success
1758,JOB013,LOG_CLEANUP,Synchronization,11,Thursday,29,1,7,62,164387,25,52,Ready,Failed
1759,JOB014,MASTER_DATA_SYNC,Backup,6,Saturday,25,27,3,52,46610,29,95,Not Ready,Failed
1760,JOB003,INVENTORY_UPDATE,Reporting,10,Monday,23,7,1,67,139667,94,21,Ready,Failed
1761,JOB003,INVENTORY_UPDATE,Reporting,0,Friday,18,15,0,13,210445,39,53,Ready,Success
1762,JOB015,DAILY_ANALYTICS,Backup,5,Tuesday,1,6,6,48,195922,31,95,Ready,Success
1763,JOB013,LOG_CLEANUP,Data Processing,14,Thursday,8,2,9,50,373481,41,51,Ready,Failed
1764,JOB008,SALES_REPORT,Reporting,14,Monday,22,28,2,19,271929,95,40,Ready,Failed
1765,JOB014,MASTER_DATA_SYNC,Data Transfer,18,Sunday,24,3,5,92,108915,33,24,Delayed,Failed
1766,JOB003,INVENTORY_UPDATE,Synchronization,10,Wednesday,12,28,4,57,72388,67,47,Ready,Success
1767,JOB008,SALES_REPORT,Reporting,22,Wednesday,17,6,4,52,273278,73,67,Ready,Success
1768,JOB014,MASTER_DATA_SYNC,Backup,1,Thursday,15,3,1,76,9814,55,88,Ready,Success
1769,JOB018,VENDOR_DATA_SYNC,Reporting,13,Wednesday,15,8,8,96,340720,80,89,Not Ready,Failed
1770,JOB012,DATABASE_BACKUP,Backup,1,Sunday,24,22,3,46,417903,74,59,Delayed,Failed
1771,JOB011,EMPLOYEE_DATA_SYNC,Backup,3,Monday,9,16,9,114,267673,33,25,Ready,Success
1772,JOB010,ORDER_PROCESSING,Data Processing,16,Monday,8,16,0,21,299831,21,33,Ready,Success
1773,JOB001,DAILY_SALES,Reporting,2,Wednesday,10,19,1,39,107813,21,86,Ready,Success
1774,JOB008,SALES_REPORT,Synchronization,12,Wednesday,24,13,8,35,118270,80,30,Ready,Failed
1775,JOB004,DATA_TRANSFER,Reporting,8,Friday,25,13,6,8,461276,25,58,Ready,Failed
1776,JOB019,SYSTEM_MONITORING,Backup,6,Tuesday,28,28,9,52,115012,44,60,Ready,Success
1777,JOB009,STOCK_UPDATE,Reporting,14,Thursday,25,24,1,18,172066,86,43,Ready,Success
1778,JOB001,DAILY_SALES,Synchronization,22,Monday,3,12,6,29,425713,42,62,Ready,Failed
1779,JOB013,LOG_CLEANUP,Data Processing,10,Thursday,9,3,3,50,326771,92,93,Ready,Success
1780,JOB012,DATABASE_BACKUP,Data Processing,19,Friday,2,12,9,52,115621,47,45,Ready,Success
1781,JOB007,CUSTOMER_REPORT,Data Processing,1,Monday,5,20,1,44,214884,44,48,Ready,Success
1782,JOB007,CUSTOMER_REPORT,Backup,14,Friday,2,16,3,54,271963,84,21,Ready,Success
1783,JOB013,LOG_CLEANUP,Data Transfer,13,Friday,26,14,4,11,88243,85,49,Ready,Success
1784,JOB013,LOG_CLEANUP,Backup,19,Saturday,8,29,3,99,177285,62,93,Ready,Failed
1785,JOB017,INVOICE_PROCESSING,Synchronization,21,Wednesday,2,17,2,64,63793,59,95,Delayed,Failed
1786,JOB015,DAILY_ANALYTICS,Data Processing,10,Sunday,17,10,5,39,495541,42,76,Not Ready,Failed
1787,JOB004,DATA_TRANSFER,Backup,2,Saturday,7,3,0,106,162987,68,78,Delayed,Failed
1788,JOB007,CUSTOMER_REPORT,Backup,16,Thursday,21,27,7,67,248214,27,38,Ready,Success
1789,JOB006,FINANCE_REPORT,Data Processing,11,Sunday,7,19,4,24,323259,26,73,Ready,Failed
1790,JOB006,FINANCE_REPORT,Reporting,23,Thursday,14,10,7,20,394768,40,89,Ready,Failed
1791,JOB011,EMPLOYEE_DATA_SYNC,Synchronization,20,Wednesday,12,9,9,26,342862,54,42,Ready,Success
1792,JOB007,CUSTOMER_REPORT,Data Transfer,14,Sunday,6,21,3,40,111086,80,52,Ready,Failed
1793,JOB009,STOCK_UPDATE,Data Transfer,15,Saturday,18,12,3,23,407365,93,85,Ready,Failed
1794,JOB002,MONTHLY_PAYROLL,Synchronization,4,Thursday,7,21,4,6,98139,87,30,Ready,Success
1795,JOB007,CUSTOMER_REPORT,Backup,19,Saturday,9,7,4,72,358992,49,37,Delayed,Failed
1796,JOB001,DAILY_SALES,Data Processing,5,Wednesday,16,27,5,102,454065,87,84,Ready,Success
1797,JOB007,CUSTOMER_REPORT,Data Processing,18,Sunday,0,12,4,11,16155,28,51,Ready,Success
1798,JOB009,STOCK_UPDATE,Synchronization,4,Sunday,12,8,4,51,131092,36,23,Ready,Success
1799,JOB016,WAREHOUSE_UPDATE,Synchronization,2,Monday,28,29,7,53,338957,62,55,Ready,Failed
1800,JOB013,LOG_CLEANUP,Data Processing,0,Friday,25,0,5,82,493195,76,76,Ready,Failed
1801,JOB006,FINANCE_REPORT,Data Processing,5,Friday,12,0,1,47,369208,32,52,Ready,Success
1802,JOB014,MASTER_DATA_SYNC,Synchronization,14,Saturday,23,14,3,36,81212,76,33,Ready,Success
1803,JOB014,MASTER_DATA_SYNC,Backup,1,Sunday,15,21,3,21,272929,45,67,Delayed,Failed
1804,JOB017,INVOICE_PROCESSING,Data Transfer,2,Thursday,28,3,4,105,414997,80,56,Ready,Failed
1805,JOB020,ARCHIVE_JOB,Data Transfer,16,Saturday,8,26,5,18,224866,81,24,Delayed,Success
1806,JOB004,DATA_TRANSFER,Reporting,23,Saturday,9,19,4,85,12970,38,69,Delayed,Success
1807,JOB002,MONTHLY_PAYROLL,Synchronization,11,Tuesday,5,0,5,36,69800,49,80,Not Ready,Failed
1808,JOB016,WAREHOUSE_UPDATE,Reporting,17,Sunday,4,24,7,64,104297,32,88,Ready,Success
1809,JOB001,DAILY_SALES,Reporting,14,Friday,1,11,3,64,75343,68,57,Ready,Failed
1810,JOB012,DATABASE_BACKUP,Data Transfer,11,Sunday,10,10,2,56,424535,70,65,Ready,Success
1811,JOB007,CUSTOMER_REPORT,Data Processing,15,Wednesday,8,18,8,70,201835,28,34,Ready,Success
1812,JOB016,WAREHOUSE_UPDATE,Data Processing,7,Saturday,5,14,2,107,27207,48,56,Not Ready,Success
1813,JOB004,DATA_TRANSFER,Data Processing,13,Tuesday,7,20,7,8,424506,27,46,Delayed,Failed
1814,JOB006,FINANCE_REPORT,Synchronization,16,Tuesday,8,9,9,108,229819,95,20,Ready,Failed
1815,JOB012,DATABASE_BACKUP,Data Transfer,20,Friday,8,0,4,98,219281,34,48,Ready,Success
1816,JOB016,WAREHOUSE_UPDATE,Synchronization,7,Friday,7,23,8,98,10136,88,91,Delayed,Failed
1817,JOB013,LOG_CLEANUP,Synchronization,14,Friday,11,2,2,67,268124,53,26,Ready,Failed
1818,JOB012,DATABASE_BACKUP,Backup,13,Wednesday,25,13,9,37,221806,71,48,Ready,Success
1819,JOB009,STOCK_UPDATE,Data Processing,17,Tuesday,7,14,9,110,440560,69,50,Ready,Failed
1820,JOB004,DATA_TRANSFER,Backup,19,Thursday,2,0,7,5,375042,86,57,Delayed,Success
1821,JOB002,MONTHLY_PAYROLL,Backup,6,Wednesday,12,9,6,101,127356,24,27,Delayed,Success
1822,JOB002,MONTHLY_PAYROLL,Data Transfer,2,Monday,18,21,6,104,367114,28,56,Not Ready,Failed
1823,JOB002,MONTHLY_PAYROLL,Data Processing,11,Saturday,1,0,9,117,361279,24,78,Not Ready,Failed
1824,JOB015,DAILY_ANALYTICS,Reporting,20,Friday,16,14,8,68,188871,46,73,Delayed,Failed
1825,JOB001,DAILY_SALES,Backup,23,Tuesday,15,2,7,99,467123,66,77,Ready,Failed
1826,JOB006,FINANCE_REPORT,Backup,2,Saturday,3,20,2,41,52107,81,45,Ready,Success
1827,JOB005,BACKUP_JOB,Reporting,19,Sunday,17,19,5,82,197336,64,67,Ready,Success
1828,JOB019,SYSTEM_MONITORING,Reporting,13,Wednesday,13,22,5,74,396612,85,30,Delayed,Failed
1829,JOB011,EMPLOYEE_DATA_SYNC,Data Transfer,14,Monday,29,21,4,11,111402,42,42,Ready,Failed
1830,JOB019,SYSTEM_MONITORING,Backup,13,Sunday,1,11,2,108,134162,80,53,Ready,Success
1831,JOB012,DATABASE_BACKUP,Backup,6,Wednesday,12,18,8,28,315119,62,52,Delayed,Failed
1832,JOB001,DAILY_SALES,Data Transfer,16,Wednesday,26,15,6,118,347593,54,21,Ready,Success
1833,JOB013,LOG_CLEANUP,Reporting,11,Thursday,26,26,3,72,90464,49,80,Ready,Success
1834,JOB015,DAILY_ANALYTICS,Backup,19,Saturday,20,7,5,59,169013,86,23,Ready,Success
1835,JOB001,DAILY_SALES,Reporting,3,Thursday,19,23,4,93,10251,29,31,Not Ready,Failed
1836,JOB013,LOG_CLEANUP,Synchronization,8,Wednesday,16,13,0,7,33126,75,48,Ready,Failed
1837,JOB010,ORDER_PROCESSING,Backup,5,Monday,30,17,1,96,171799,53,61,Ready,Success
1838,JOB014,MASTER_DATA_SYNC,Synchronization,15,Tuesday,14,22,0,27,342165,84,76,Ready,Success
1839,JOB008,SALES_REPORT,Backup,21,Tuesday,24,29,8,40,229255,25,69,Ready,Success
1840,JOB014,MASTER_DATA_SYNC,Reporting,21,Sunday,29,0,8,61,370286,89,85,Ready,Failed
1841,JOB005,BACKUP_JOB,Synchronization,20,Saturday,19,1,4,52,272689,62,26,Delayed,Failed
1842,JOB020,ARCHIVE_JOB,Data Transfer,20,Friday,4,23,7,17,28275,35,76,Delayed,Success
1843,JOB015,DAILY_ANALYTICS,Data Processing,1,Friday,6,11,9,65,210974,82,65,Ready,Failed
1844,JOB012,DATABASE_BACKUP,Data Transfer,23,Tuesday,17,16,3,90,141027,84,41,Ready,Failed
1845,JOB016,WAREHOUSE_UPDATE,Data Transfer,7,Wednesday,23,1,0,93,422863,24,30,Not Ready,Failed
1846,JOB001,DAILY_SALES,Synchronization,10,Wednesday,10,27,3,111,462078,44,52,Ready,Success
1847,JOB018,VENDOR_DATA_SYNC,Synchronization,12,Thursday,17,16,6,28,443826,46,73,Ready,Success
1848,JOB004,DATA_TRANSFER,Data Transfer,16,Saturday,26,20,1,47,386715,61,39,Delayed,Success
1849,JOB006,FINANCE_REPORT,Synchronization,7,Thursday,25,6,1,105,167412,74,24,Delayed,Success
1850,JOB019,SYSTEM_MONITORING,Data Transfer,20,Friday,4,5,5,120,115379,45,87,Ready,Success
1851,JOB017,INVOICE_PROCESSING,Backup,17,Tuesday,12,5,8,37,178606,35,33,Ready,Success
1852,JOB012,DATABASE_BACKUP,Data Processing,17,Sunday,27,21,2,82,498460,47,22,Delayed,Failed
1853,JOB003,INVENTORY_UPDATE,Backup,13,Wednesday,17,7,6,28,49702,49,77,Ready,Failed
1854,JOB012,DATABASE_BACKUP,Synchronization,14,Tuesday,1,4,9,26,183763,64,46,Ready,Failed
1855,JOB011,EMPLOYEE_DATA_SYNC,Data Transfer,5,Monday,19,14,8,56,201777,38,23,Delayed,Success
1856,JOB017,INVOICE_PROCESSING,Backup,10,Tuesday,3,25,8,119,113070,32,86,Delayed,Failed
1857,JOB005,BACKUP_JOB,Data Transfer,12,Monday,12,6,3,105,141082,94,83,Delayed,Failed
1858,JOB008,SALES_REPORT,Backup,0,Thursday,23,2,1,120,269217,42,61,Ready,Success
1859,JOB006,FINANCE_REPORT,Reporting,5,Thursday,28,24,0,91,324738,33,48,Delayed,Failed
1860,JOB004,DATA_TRANSFER,Reporting,8,Friday,15,9,5,10,91630,93,54,Ready,Success
1861,JOB013,LOG_CLEANUP,Reporting,7,Tuesday,5,2,4,23,120158,42,38,Ready,Success
1862,JOB019,SYSTEM_MONITORING,Data Processing,10,Tuesday,25,29,5,80,221465,59,88,Ready,Success
1863,JOB007,CUSTOMER_REPORT,Backup,21,Monday,7,13,6,94,217983,83,50,Not Ready,Failed
1864,JOB011,EMPLOYEE_DATA_SYNC,Synchronization,18,Thursday,15,21,8,33,353598,78,62,Delayed,Success
1865,JOB020,ARCHIVE_JOB,Backup,23,Monday,12,2,9,68,466560,39,92,Not Ready,Failed
1866,JOB010,ORDER_PROCESSING,Data Transfer,8,Thursday,22,0,9,18,89107,51,40,Ready,Success
1867,JOB015,DAILY_ANALYTICS,Backup,16,Monday,28,0,5,85,74144,43,84,Ready,Failed
1868,JOB015,DAILY_ANALYTICS,Backup,11,Thursday,25,18,5,34,276552,65,53,Ready,Success
1869,JOB010,ORDER_PROCESSING,Reporting,13,Monday,3,3,2,75,23692,37,80,Delayed,Success
1870,JOB004,DATA_TRANSFER,Data Transfer,14,Sunday,1,29,7,25,290513,67,55,Ready,Success
1871,JOB001,DAILY_SALES,Backup,15,Thursday,30,1,8,69,372814,33,93,Not Ready,Success
1872,JOB012,DATABASE_BACKUP,Data Processing,21,Saturday,8,24,0,117,251291,73,60,Ready,Success
1873,JOB009,STOCK_UPDATE,Synchronization,21,Monday,17,10,5,106,180580,40,53,Delayed,Failed
1874,JOB011,EMPLOYEE_DATA_SYNC,Reporting,19,Tuesday,16,23,6,8,146854,24,44,Ready,Success
1875,JOB015,DAILY_ANALYTICS,Backup,0,Friday,7,11,7,50,268270,50,76,Ready,Success
1876,JOB007,CUSTOMER_REPORT,Data Transfer,9,Saturday,25,12,9,12,196677,86,84,Ready,Failed
1877,JOB008,SALES_REPORT,Reporting,7,Saturday,14,15,7,22,181667,78,95,Ready,Success
1878,JOB005,BACKUP_JOB,Reporting,17,Monday,8,15,6,120,266848,63,41,Ready,Failed
1879,JOB002,MONTHLY_PAYROLL,Backup,0,Friday,16,18,7,64,478036,83,79,Ready,Failed
1880,JOB002,MONTHLY_PAYROLL,Data Transfer,1,Tuesday,22,22,8,49,174549,61,73,Ready,Success
1881,JOB010,ORDER_PROCESSING,Data Transfer,0,Saturday,1,19,9,76,488460,57,41,Ready,Failed
1882,JOB017,INVOICE_PROCESSING,Data Processing,0,Tuesday,5,20,6,99,281084,26,80,Ready,Success
1883,JOB013,LOG_CLEANUP,Reporting,8,Thursday,28,19,2,35,287817,78,85,Ready,Success
1884,JOB009,STOCK_UPDATE,Data Processing,12,Sunday,26,8,8,32,208661,88,64,Not Ready,Success
1885,JOB016,WAREHOUSE_UPDATE,Data Transfer,0,Friday,4,15,0,116,83964,89,91,Ready,Failed
1886,JOB007,CUSTOMER_REPORT,Synchronization,12,Sunday,16,26,7,68,342223,68,88,Ready,Failed
1887,JOB012,DATABASE_BACKUP,Synchronization,19,Wednesday,1,6,5,41,9659,30,83,Ready,Success
1888,JOB004,DATA_TRANSFER,Synchronization,21,Thursday,17,12,2,71,402761,21,29,Ready,Success
1889,JOB004,DATA_TRANSFER,Backup,6,Friday,9,3,8,113,50223,46,86,Ready,Success
1890,JOB003,INVENTORY_UPDATE,Backup,1,Monday,9,12,5,83,272711,35,30,Ready,Success
1891,JOB009,STOCK_UPDATE,Data Transfer,5,Sunday,5,7,6,72,329755,83,47,Delayed,Failed
1892,JOB007,CUSTOMER_REPORT,Data Processing,6,Monday,26,1,1,39,272581,85,24,Ready,Success
1893,JOB002,MONTHLY_PAYROLL,Backup,13,Tuesday,11,6,0,102,403431,68,31,Ready,Success
1894,JOB011,EMPLOYEE_DATA_SYNC,Data Transfer,17,Saturday,16,10,0,40,109316,35,63,Ready,Success
1895,JOB018,VENDOR_DATA_SYNC,Synchronization,14,Sunday,26,16,2,61,33068,92,48,Ready,Failed
1896,JOB007,CUSTOMER_REPORT,Synchronization,1,Wednesday,12,23,2,74,124869,71,55,Ready,Success
1897,JOB015,DAILY_ANALYTICS,Reporting,9,Monday,19,28,7,8,316851,92,54,Ready,Success
1898,JOB020,ARCHIVE_JOB,Data Processing,22,Friday,27,13,6,53,350350,24,27,Ready,Failed
1899,JOB018,VENDOR_DATA_SYNC,Data Transfer,11,Sunday,15,27,9,98,325890,55,35,Delayed,Failed
1900,JOB010,ORDER_PROCESSING,Data Transfer,16,Sunday,9,29,7,43,191964,26,62,Delayed,Success
1901,JOB018,VENDOR_DATA_SYNC,Synchronization,7,Saturday,26,12,0,22,374452,80,88,Delayed,Failed
1902,JOB005,BACKUP_JOB,Backup,10,Saturday,20,14,3,64,136534,48,35,Ready,Success
1903,JOB012,DATABASE_BACKUP,Backup,2,Friday,1,21,7,90,103025,86,75,Not Ready,Success
1904,JOB003,INVENTORY_UPDATE,Data Transfer,5,Saturday,1,27,9,14,266251,49,60,Delayed,Failed
1905,JOB017,INVOICE_PROCESSING,Backup,8,Monday,30,20,1,117,153158,59,27,Ready,Success
1906,JOB020,ARCHIVE_JOB,Data Transfer,5,Friday,22,24,6,97,216567,50,73,Ready,Failed
1907,JOB020,ARCHIVE_JOB,Reporting,8,Friday,6,8,7,27,446414,67,24,Delayed,Failed
1908,JOB004,DATA_TRANSFER,Backup,6,Tuesday,5,2,8,72,378580,25,28,Delayed,Failed
1909,JOB003,INVENTORY_UPDATE,Reporting,8,Wednesday,0,24,6,63,150155,81,85,Ready,Failed
1910,JOB020,ARCHIVE_JOB,Data Processing,17,Sunday,11,12,8,87,190017,48,90,Ready,Failed
1911,JOB007,CUSTOMER_REPORT,Reporting,11,Tuesday,12,12,1,94,202323,28,49,Ready,Success
1912,JOB014,MASTER_DATA_SYNC,Data Processing,7,Wednesday,11,8,0,11,49723,73,84,Delayed,Failed
1913,JOB019,SYSTEM_MONITORING,Reporting,7,Friday,18,17,0,17,304358,30,49,Ready,Success
1914,JOB010,ORDER_PROCESSING,Backup,17,Sunday,8,4,3,7,405385,38,66,Ready,Failed
1915,JOB009,STOCK_UPDATE,Reporting,19,Saturday,9,10,0,44,380556,93,50,Delayed,Success
1916,JOB013,LOG_CLEANUP,Backup,14,Wednesday,16,1,6,15,55471,24,79,Ready,Success
1917,JOB008,SALES_REPORT,Data Transfer,6,Friday,17,16,7,84,83755,89,94,Ready,Failed
1918,JOB005,BACKUP_JOB,Data Transfer,10,Friday,7,22,2,88,133922,37,28,Delayed,Success
1919,JOB019,SYSTEM_MONITORING,Data Processing,19,Tuesday,6,19,0,55,317060,40,95,Ready,Success
1920,JOB002,MONTHLY_PAYROLL,Synchronization,15,Tuesday,8,20,2,91,53254,34,73,Delayed,Failed
1921,JOB004,DATA_TRANSFER,Reporting,3,Saturday,9,3,1,27,201257,78,80,Ready,Failed
1922,JOB014,MASTER_DATA_SYNC,Backup,5,Thursday,11,21,5,36,89664,93,83,Delayed,Failed
1923,JOB002,MONTHLY_PAYROLL,Synchronization,21,Monday,14,26,6,45,216525,25,25,Ready,Success
1924,JOB011,EMPLOYEE_DATA_SYNC,Data Transfer,2,Thursday,30,17,8,46,36074,43,64,Ready,Success
1925,JOB009,STOCK_UPDATE,Backup,8,Thursday,14,23,4,42,177380,79,84,Delayed,Failed
1926,JOB018,VENDOR_DATA_SYNC,Backup,9,Sunday,27,19,3,71,67029,47,56,Delayed,Success
1927,JOB004,DATA_TRANSFER,Synchronization,13,Sunday,3,7,0,120,61649,93,92,Ready,Success
1928,JOB007,CUSTOMER_REPORT,Backup,10,Saturday,3,18,5,76,59474,42,36,Not Ready,Failed
1929,JOB003,INVENTORY_UPDATE,Synchronization,17,Sunday,22,11,7,106,88620,65,44,Ready,Success
1930,JOB017,INVOICE_PROCESSING,Reporting,21,Wednesday,0,27,3,108,237309,56,69,Ready,Success
1931,JOB006,FINANCE_REPORT,Reporting,11,Saturday,25,10,0,82,406839,33,90,Delayed,Failed
1932,JOB001,DAILY_SALES,Reporting,22,Saturday,11,15,4,76,29360,67,50,Ready,Success
1933,JOB011,EMPLOYEE_DATA_SYNC,Data Transfer,11,Friday,24,4,9,79,11292,90,51,Ready,Failed
1934,JOB002,MONTHLY_PAYROLL,Synchronization,12,Friday,1,27,4,110,13207,55,67,Ready,Success
1935,JOB006,FINANCE_REPORT,Reporting,12,Friday,14,2,1,46,463792,79,36,Ready,Success
1936,JOB018,VENDOR_DATA_SYNC,Data Transfer,18,Monday,16,11,5,47,363224,73,80,Not Ready,Failed
1937,JOB015,DAILY_ANALYTICS,Data Transfer,18,Wednesday,6,14,9,37,461619,82,76,Ready,Failed
1938,JOB011,EMPLOYEE_DATA_SYNC,Data Transfer,22,Wednesday,5,15,8,83,167574,67,76,Ready,Failed
1939,JOB013,LOG_CLEANUP,Reporting,13,Friday,11,12,5,41,32785,41,89,Ready,Success
1940,JOB005,BACKUP_JOB,Backup,3,Thursday,18,6,7,82,69867,62,52,Delayed,Success
1941,JOB020,ARCHIVE_JOB,Reporting,12,Monday,0,14,9,94,446808,60,38,Ready,Success
1942,JOB008,SALES_REPORT,Data Transfer,7,Thursday,27,2,2,61,50361,36,34,Ready,Failed
1943,JOB015,DAILY_ANALYTICS,Data Processing,22,Tuesday,20,11,9,68,33209,82,54,Ready,Success
1944,JOB018,VENDOR_DATA_SYNC,Reporting,20,Wednesday,25,7,1,68,241681,37,68,Ready,Success
1945,JOB011,EMPLOYEE_DATA_SYNC,Reporting,22,Wednesday,13,24,3,64,287634,91,55,Ready,Success
1946,JOB002,MONTHLY_PAYROLL,Backup,18,Thursday,3,28,8,56,432092,22,73,Ready,Failed
1947,JOB012,DATABASE_BACKUP,Reporting,11,Monday,4,11,8,76,178504,73,55,Ready,Success
1948,JOB020,ARCHIVE_JOB,Reporting,17,Wednesday,0,17,2,117,183953,33,72,Ready,Success
1949,JOB017,INVOICE_PROCESSING,Data Transfer,5,Thursday,0,2,0,72,472933,53,79,Ready,Success
1950,JOB019,SYSTEM_MONITORING,Data Transfer,17,Saturday,20,11,0,104,260330,20,93,Ready,Failed
1951,JOB009,STOCK_UPDATE,Data Processing,18,Saturday,5,28,3,86,13261,67,63,Ready,Success
1952,JOB014,MASTER_DATA_SYNC,Data Transfer,21,Sunday,4,22,3,31,491187,29,52,Ready,Success
1953,JOB003,INVENTORY_UPDATE,Synchronization,4,Monday,1,20,9,63,424306,30,63,Not Ready,Failed
1954,JOB020,ARCHIVE_JOB,Backup,23,Thursday,24,25,5,23,294712,85,74,Not Ready,Failed
1955,JOB013,LOG_CLEANUP,Reporting,8,Sunday,20,22,4,7,202378,22,93,Not Ready,Success
1956,JOB015,DAILY_ANALYTICS,Reporting,2,Saturday,26,1,5,77,37968,34,63,Ready,Failed
1957,JOB019,SYSTEM_MONITORING,Synchronization,9,Monday,26,13,9,43,184985,78,70,Ready,Failed
1958,JOB004,DATA_TRANSFER,Backup,18,Sunday,4,13,6,70,128678,83,70,Not Ready,Failed
1959,JOB008,SALES_REPORT,Synchronization,2,Friday,25,3,6,77,75875,66,26,Ready,Failed
1960,JOB018,VENDOR_DATA_SYNC,Synchronization,21,Monday,8,16,9,60,438957,21,20,Ready,Success
1961,JOB014,MASTER_DATA_SYNC,Backup,14,Tuesday,18,14,9,10,294986,49,32,Ready,Success
1962,JOB001,DAILY_SALES,Reporting,0,Friday,20,15,8,106,179181,57,92,Not Ready,Failed
1963,JOB008,SALES_REPORT,Reporting,6,Sunday,14,4,5,32,384775,24,67,Ready,Success
1964,JOB008,SALES_REPORT,Backup,11,Thursday,12,23,7,52,223474,25,66,Delayed,Failed
1965,JOB019,SYSTEM_MONITORING,Data Transfer,16,Friday,11,16,1,102,53266,24,66,Ready,Success
1966,JOB001,DAILY_SALES,Backup,20,Friday,4,22,7,97,373518,31,29,Ready,Success
1967,JOB004,DATA_TRANSFER,Synchronization,23,Sunday,1,6,8,52,233076,23,45,Delayed,Success
1968,JOB003,INVENTORY_UPDATE,Synchronization,19,Thursday,26,22,3,71,187918,43,69,Ready,Success
1969,JOB018,VENDOR_DATA_SYNC,Reporting,4,Thursday,3,14,4,58,180117,44,66,Ready,Failed
1970,JOB006,FINANCE_REPORT,Backup,3,Saturday,26,16,4,20,157321,45,63,Ready,Failed
1971,JOB019,SYSTEM_MONITORING,Backup,11,Tuesday,26,11,1,112,161962,74,20,Ready,Failed
1972,JOB012,DATABASE_BACKUP,Reporting,19,Thursday,17,10,4,39,241543,65,82,Delayed,Failed
1973,JOB018,VENDOR_DATA_SYNC,Synchronization,23,Wednesday,20,18,8,79,306475,65,36,Delayed,Failed
1974,JOB004,DATA_TRANSFER,Reporting,17,Wednesday,9,10,3,111,450127,62,36,Ready,Success
1975,JOB008,SALES_REPORT,Data Processing,16,Tuesday,12,1,9,91,399400,79,58,Ready,Success
1976,JOB019,SYSTEM_MONITORING,Synchronization,18,Monday,11,14,2,34,431280,52,62,Not Ready,Failed
1977,JOB017,INVOICE_PROCESSING,Backup,8,Sunday,1,4,6,52,484184,40,95,Delayed,Failed
1978,JOB016,WAREHOUSE_UPDATE,Data Transfer,3,Monday,25,17,7,73,185561,56,60,Ready,Failed
1979,JOB006,FINANCE_REPORT,Data Transfer,20,Wednesday,14,28,9,120,278510,31,34,Ready,Failed
1980,JOB001,DAILY_SALES,Data Transfer,1,Thursday,13,29,5,12,229570,40,20,Ready,Success
1981,JOB018,VENDOR_DATA_SYNC,Backup,3,Tuesday,24,20,5,111,61245,32,77,Ready,Failed
1982,JOB011,EMPLOYEE_DATA_SYNC,Backup,1,Monday,9,20,4,111,305591,52,73,Ready,Success
1983,JOB001,DAILY_SALES,Data Transfer,14,Monday,21,15,5,118,141231,89,94,Ready,Failed
1984,JOB019,SYSTEM_MONITORING,Data Transfer,1,Sunday,7,3,8,55,397228,95,24,Delayed,Success
1985,JOB003,INVENTORY_UPDATE,Data Processing,3,Friday,24,26,1,14,281880,80,81,Delayed,Failed
1986,JOB020,ARCHIVE_JOB,Reporting,5,Wednesday,14,22,9,32,333089,49,90,Ready,Failed
1987,JOB015,DAILY_ANALYTICS,Data Transfer,6,Thursday,12,9,2,40,286149,56,65,Not Ready,Failed
1988,JOB006,FINANCE_REPORT,Data Transfer,9,Tuesday,7,21,0,64,429827,35,84,Ready,Failed
1989,JOB002,MONTHLY_PAYROLL,Data Processing,18,Monday,20,1,3,14,444250,64,47,Ready,Success
1990,JOB017,INVOICE_PROCESSING,Reporting,18,Sunday,20,14,1,18,33154,90,60,Delayed,Failed
1991,JOB014,MASTER_DATA_SYNC,Data Transfer,21,Friday,21,3,5,106,244221,20,42,Delayed,Failed
1992,JOB017,INVOICE_PROCESSING,Data Processing,11,Wednesday,13,28,0,67,426565,72,51,Ready,Success
1993,JOB003,INVENTORY_UPDATE,Synchronization,2,Wednesday,0,15,7,105,78156,47,77,Ready,Failed
1994,JOB011,EMPLOYEE_DATA_SYNC,Reporting,12,Sunday,12,29,9,51,318510,72,58,Ready,Success
1995,JOB020,ARCHIVE_JOB,Reporting,17,Tuesday,26,26,5,73,35673,63,52,Ready,Failed
1996,JOB002,MONTHLY_PAYROLL,Synchronization,7,Monday,7,6,8,60,230085,86,77,Delayed,Failed
1997,JOB005,BACKUP_JOB,Data Transfer,20,Tuesday,17,24,5,10,212980,58,51,Ready,Success
1998,JOB009,STOCK_UPDATE,Synchronization,14,Sunday,21,24,9,98,15741,29,69,Not Ready,Failed
1999,JOB001,DAILY_SALES,Data Transfer,0,Sunday,29,11,6,23,97202,70,70,Ready,Failed
2000,JOB015,DAILY_ANALYTICS,Data Transfer,2,Tuesday,29,2,4,56,494060,33,38,Not Ready,Failed
2001,JOB007,CUSTOMER_REPORT,Data Processing,7,Saturday,8,16,7,66,90109,25,22,Ready,Failed
2002,JOB019,SYSTEM_MONITORING,Data Processing,3,Friday,12,8,7,53,412598,58,36,Ready,Success
2003,JOB010,ORDER_PROCESSING,Backup,15,Wednesday,2,7,9,82,98150,67,62,Ready,Failed
2004,JOB019,SYSTEM_MONITORING,Reporting,22,Saturday,17,22,8,15,84252,44,48,Delayed,Failed
2005,JOB004,DATA_TRANSFER,Data Processing,9,Thursday,9,5,5,50,20750,52,63,Ready,Success
2006,JOB015,DAILY_ANALYTICS,Reporting,11,Wednesday,4,29,0,73,338444,94,71,Ready,Failed
2007,JOB002,MONTHLY_PAYROLL,Data Transfer,13,Wednesday,26,14,8,49,80902,86,47,Delayed,Failed
2008,JOB015,DAILY_ANALYTICS,Data Processing,13,Friday,24,9,2,99,139301,84,53,Ready,Success
2009,JOB011,EMPLOYEE_DATA_SYNC,Backup,1,Thursday,5,22,8,112,202948,59,73,Ready,Success
2010,JOB018,VENDOR_DATA_SYNC,Data Transfer,22,Monday,29,26,6,62,434510,44,21,Ready,Failed
2011,JOB006,FINANCE_REPORT,Synchronization,4,Thursday,7,24,2,36,487992,76,36,Ready,Success
2012,JOB014,MASTER_DATA_SYNC,Data Processing,4,Monday,23,5,8,92,201062,51,37,Delayed,Failed
2013,JOB009,STOCK_UPDATE,Reporting,5,Thursday,6,14,6,119,4816,65,47,Ready,Success
2014,JOB007,CUSTOMER_REPORT,Backup,12,Tuesday,20,29,6,14,399853,23,47,Ready,Success
2015,JOB001,DAILY_SALES,Backup,8,Sunday,17,13,6,17,428344,42,71,Ready,Failed
2016,JOB009,STOCK_UPDATE,Backup,21,Thursday,13,25,1,115,384137,94,35,Ready,Success
2017,JOB002,MONTHLY_PAYROLL,Data Transfer,14,Saturday,14,18,3,120,400190,41,52,Ready,Failed
2018,JOB006,FINANCE_REPORT,Data Transfer,13,Saturday,9,12,9,17,312859,52,24,Ready,Failed
2019,JOB017,INVOICE_PROCESSING,Data Processing,23,Friday,25,13,7,40,302213,60,64,Delayed,Success
2020,JOB001,DAILY_SALES,Reporting,6,Sunday,20,2,1,90,154612,81,56,Delayed,Failed
2021,JOB017,INVOICE_PROCESSING,Synchronization,19,Sunday,11,3,3,77,407713,57,71,Ready,Success
2022,JOB015,DAILY_ANALYTICS,Data Transfer,1,Monday,6,25,9,23,444101,75,83,Delayed,Failed
2023,JOB012,DATABASE_BACKUP,Backup,6,Wednesday,27,28,7,120,26328,82,81,Ready,Failed
2024,JOB005,BACKUP_JOB,Backup,5,Friday,27,13,2,11,191772,95,24,Ready,Failed
2025,JOB006,FINANCE_REPORT,Reporting,16,Saturday,6,13,5,19,373883,74,30,Ready,Success
2026,JOB004,DATA_TRANSFER,Synchronization,1,Saturday,10,25,1,85,375661,70,22,Not Ready,Failed
2027,JOB005,BACKUP_JOB,Data Processing,2,Monday,12,7,7,50,96228,84,70,Ready,Failed
2028,JOB018,VENDOR_DATA_SYNC,Data Processing,4,Saturday,14,9,7,82,317470,76,79,Not Ready,Failed
2029,JOB010,ORDER_PROCESSING,Data Transfer,4,Saturday,17,8,0,109,479110,46,85,Delayed,Failed
2030,JOB017,INVOICE_PROCESSING,Synchronization,0,Monday,6,13,2,52,368162,76,76,Ready,Failed
2031,JOB002,MONTHLY_PAYROLL,Data Transfer,7,Saturday,5,7,1,70,398202,74,36,Ready,Success
2032,JOB010,ORDER_PROCESSING,Data Transfer,11,Wednesday,22,10,6,82,383661,91,22,Ready,Failed
2033,JOB018,VENDOR_DATA_SYNC,Reporting,23,Tuesday,10,9,6,8,262729,23,22,Delayed,Success
2034,JOB017,INVOICE_PROCESSING,Data Processing,3,Friday,7,17,3,7,306819,84,59,Not Ready,Success
2035,JOB016,WAREHOUSE_UPDATE,Backup,12,Wednesday,19,3,7,7,461537,75,95,Not Ready,Failed
2036,JOB002,MONTHLY_PAYROLL,Reporting,22,Wednesday,0,3,2,79,410484,72,82,Ready,Failed
2037,JOB003,INVENTORY_UPDATE,Reporting,14,Tuesday,7,11,8,73,474597,63,70,Delayed,Failed
2038,JOB006,FINANCE_REPORT,Backup,10,Sunday,7,17,4,116,413233,35,20,Ready,Success
2039,JOB006,FINANCE_REPORT,Synchronization,9,Friday,18,28,1,97,197156,42,70,Delayed,Success
2040,JOB003,INVENTORY_UPDATE,Backup,2,Wednesday,2,7,8,32,302992,50,23,Ready,Failed
2041,JOB014,MASTER_DATA_SYNC,Backup,21,Saturday,4,2,0,27,445460,47,23,Not Ready,Failed
2042,JOB016,WAREHOUSE_UPDATE,Backup,13,Tuesday,29,17,7,34,303726,69,66,Ready,Failed
2043,JOB010,ORDER_PROCESSING,Backup,15,Sunday,2,6,5,66,15033,35,58,Delayed,Failed
2044,JOB003,INVENTORY_UPDATE,Data Processing,9,Friday,14,0,0,91,436981,60,68,Ready,Success
2045,JOB007,CUSTOMER_REPORT,Data Processing,9,Thursday,13,21,3,55,12555,28,76,Ready,Success
2046,JOB014,MASTER_DATA_SYNC,Reporting,11,Monday,20,12,2,45,357615,21,58,Ready,Success
2047,JOB015,DAILY_ANALYTICS,Reporting,8,Saturday,14,28,6,90,90355,62,87,Ready,Success
2048,JOB001,DAILY_SALES,Synchronization,0,Tuesday,23,2,6,68,28631,85,36,Ready,Success
2049,JOB005,BACKUP_JOB,Backup,4,Monday,16,28,5,47,313544,68,34,Delayed,Success
2050,JOB006,FINANCE_REPORT,Synchronization,19,Sunday,17,2,9,80,103249,40,47,Ready,Failed
2051,JOB020,ARCHIVE_JOB,Synchronization,7,Sunday,1,14,9,95,292046,38,35,Delayed,Failed
2052,JOB001,DAILY_SALES,Synchronization,10,Thursday,11,20,7,62,133797,76,25,Not Ready,Failed
2053,JOB011,EMPLOYEE_DATA_SYNC,Synchronization,11,Wednesday,15,29,6,63,446069,79,51,Delayed,Success
2054,JOB004,DATA_TRANSFER,Data Processing,0,Wednesday,3,18,3,44,239768,38,44,Ready,Success
2055,JOB004,DATA_TRANSFER,Backup,21,Friday,24,27,6,50,127514,83,58,Delayed,Failed
2056,JOB007,CUSTOMER_REPORT,Reporting,19,Tuesday,1,3,0,66,81573,54,36,Ready,Success
2057,JOB009,STOCK_UPDATE,Data Transfer,10,Tuesday,27,12,2,53,477676,52,65,Delayed,Failed
2058,JOB020,ARCHIVE_JOB,Data Processing,4,Sunday,13,12,1,120,367290,86,72,Ready,Failed
2059,JOB017,INVOICE_PROCESSING,Synchronization,14,Friday,10,14,6,83,120490,67,70,Ready,Success
2060,JOB014,MASTER_DATA_SYNC,Data Transfer,4,Monday,12,18,8,115,116200,79,37,Ready,Failed
2061,JOB019,SYSTEM_MONITORING,Backup,11,Wednesday,30,15,4,27,303183,64,39,Ready,Success
2062,JOB007,CUSTOMER_REPORT,Backup,4,Wednesday,27,6,8,48,375632,94,24,Ready,Failed
2063,JOB015,DAILY_ANALYTICS,Synchronization,16,Sunday,24,2,7,109,194636,87,81,Ready,Failed
2064,JOB002,MONTHLY_PAYROLL,Data Processing,16,Tuesday,6,29,0,48,193127,87,31,Ready,Success
2065,JOB012,DATABASE_BACKUP,Data Transfer,23,Sunday,9,25,1,23,258888,34,49,Ready,Failed
2066,JOB016,WAREHOUSE_UPDATE,Synchronization,11,Tuesday,23,19,5,48,208152,91,35,Not Ready,Failed
2067,JOB011,EMPLOYEE_DATA_SYNC,Data Transfer,23,Friday,0,1,4,15,488160,34,21,Ready,Success
2068,JOB011,EMPLOYEE_DATA_SYNC,Data Processing,14,Thursday,28,17,6,64,402389,42,95,Ready,Failed
2069,JOB003,INVENTORY_UPDATE,Reporting,14,Monday,20,24,8,42,113528,79,22,Ready,Success
2070,JOB007,CUSTOMER_REPORT,Data Transfer,5,Saturday,24,10,3,108,433072,33,27,Ready,Success
2071,JOB017,INVOICE_PROCESSING,Backup,11,Thursday,27,0,7,111,111942,21,56,Ready,Success
2072,JOB002,MONTHLY_PAYROLL,Data Transfer,19,Thursday,3,15,3,7,362250,62,72,Ready,Success
2073,JOB002,MONTHLY_PAYROLL,Data Transfer,17,Tuesday,17,16,2,20,439722,90,74,Ready,Success
2074,JOB020,ARCHIVE_JOB,Backup,13,Tuesday,5,15,1,100,399604,35,68,Ready,Success
2075,JOB011,EMPLOYEE_DATA_SYNC,Backup,1,Tuesday,1,9,7,106,155995,47,78,Ready,Failed
2076,JOB013,LOG_CLEANUP,Data Transfer,8,Thursday,2,16,7,13,450444,51,79,Ready,Failed
2077,JOB018,VENDOR_DATA_SYNC,Data Transfer,4,Sunday,13,29,2,45,491533,90,65,Ready,Failed
2078,JOB003,INVENTORY_UPDATE,Data Transfer,19,Monday,7,2,0,42,377653,21,82,Ready,Success
2079,JOB004,DATA_TRANSFER,Data Processing,0,Sunday,30,17,5,73,362349,91,51,Ready,Success
2080,JOB009,STOCK_UPDATE,Backup,22,Tuesday,15,18,4,69,130785,26,85,Ready,Failed
2081,JOB010,ORDER_PROCESSING,Synchronization,2,Wednesday,18,13,7,39,401092,57,23,Ready,Failed
2082,JOB019,SYSTEM_MONITORING,Backup,5,Sunday,17,20,5,39,218150,67,48,Ready,Success
2083,JOB016,WAREHOUSE_UPDATE,Data Processing,4,Monday,5,24,3,80,281316,92,68,Ready,Failed
2084,JOB007,CUSTOMER_REPORT,Data Transfer,20,Wednesday,13,1,9,104,480736,21,42,Ready,Success
2085,JOB011,EMPLOYEE_DATA_SYNC,Data Transfer,4,Monday,2,11,9,89,294808,61,22,Delayed,Success
2086,JOB011,EMPLOYEE_DATA_SYNC,Data Processing,0,Tuesday,15,10,1,52,371952,61,73,Ready,Success
2087,JOB017,INVOICE_PROCESSING,Reporting,16,Sunday,0,29,7,111,330379,39,40,Ready,Success
2088,JOB019,SYSTEM_MONITORING,Data Processing,18,Saturday,11,16,4,12,56830,25,63,Ready,Success
2089,JOB004,DATA_TRANSFER,Data Transfer,13,Friday,29,26,7,31,208950,30,39,Ready,Success
2090,JOB006,FINANCE_REPORT,Backup,11,Tuesday,30,5,4,13,6749,88,76,Ready,Success
2091,JOB019,SYSTEM_MONITORING,Backup,9,Thursday,30,18,5,96,190624,93,88,Delayed,Failed
2092,JOB011,EMPLOYEE_DATA_SYNC,Backup,19,Saturday,13,12,9,34,364441,59,90,Delayed,Failed
2093,JOB009,STOCK_UPDATE,Reporting,20,Thursday,18,6,4,18,11734,55,71,Ready,Success
2094,JOB014,MASTER_DATA_SYNC,Synchronization,17,Monday,21,21,2,27,133666,70,36,Ready,Success
2095,JOB013,LOG_CLEANUP,Synchronization,23,Thursday,18,10,9,33,479577,66,85,Ready,Failed
2096,JOB001,DAILY_SALES,Data Transfer,10,Saturday,8,6,7,30,409454,36,31,Ready,Success
2097,JOB011,EMPLOYEE_DATA_SYNC,Backup,1,Saturday,6,12,2,90,183062,45,77,Ready,Success
2098,JOB016,WAREHOUSE_UPDATE,Backup,17,Tuesday,13,12,3,19,46819,72,24,Delayed,Failed
2099,JOB013,LOG_CLEANUP,Backup,6,Wednesday,4,20,5,119,29248,67,91,Ready,Failed
2100,JOB017,INVOICE_PROCESSING,Backup,23,Tuesday,17,0,1,77,434892,46,75,Ready,Failed
2101,JOB010,ORDER_PROCESSING,Data Processing,14,Monday,30,29,6,94,266046,65,65,Ready,Success
2102,JOB014,MASTER_DATA_SYNC,Data Transfer,10,Thursday,8,18,4,85,48434,86,91,Ready,Success
2103,JOB002,MONTHLY_PAYROLL,Data Processing,17,Wednesday,20,18,9,77,377247,38,37,Ready,Failed
2104,JOB016,WAREHOUSE_UPDATE,Reporting,22,Sunday,6,22,4,71,401621,91,63,Delayed,Failed
2105,JOB020,ARCHIVE_JOB,Data Transfer,11,Friday,8,14,4,20,40815,84,62,Delayed,Success
2106,JOB017,INVOICE_PROCESSING,Backup,5,Saturday,3,13,1,17,150795,90,41,Not Ready,Failed
2107,JOB020,ARCHIVE_JOB,Backup,19,Wednesday,24,28,9,94,267665,55,79,Delayed,Failed
2108,JOB012,DATABASE_BACKUP,Data Processing,22,Sunday,16,2,8,85,109838,86,82,Delayed,Failed
2109,JOB016,WAREHOUSE_UPDATE,Synchronization,12,Wednesday,11,26,2,100,366376,61,43,Ready,Success
2110,JOB018,VENDOR_DATA_SYNC,Data Processing,19,Tuesday,5,20,6,28,443867,86,84,Delayed,Failed
2111,JOB010,ORDER_PROCESSING,Synchronization,15,Sunday,17,19,4,66,348691,88,48,Ready,Success
2112,JOB014,MASTER_DATA_SYNC,Data Transfer,17,Friday,7,3,9,61,141108,68,20,Ready,Failed
2113,JOB006,FINANCE_REPORT,Data Transfer,9,Saturday,20,28,9,40,242231,56,20,Ready,Success
2114,JOB017,INVOICE_PROCESSING,Data Transfer,22,Monday,14,6,4,64,115349,65,92,Ready,Success
2115,JOB012,DATABASE_BACKUP,Reporting,7,Monday,2,0,3,90,196212,75,40,Ready,Success
2116,JOB010,ORDER_PROCESSING,Data Transfer,17,Wednesday,1,22,9,77,403468,82,47,Ready,Failed
2117,JOB001,DAILY_SALES,Data Processing,20,Sunday,23,23,5,26,55797,49,37,Delayed,Success
2118,JOB004,DATA_TRANSFER,Data Processing,0,Wednesday,22,18,6,109,52833,82,71,Ready,Failed
2119,JOB003,INVENTORY_UPDATE,Synchronization,22,Thursday,8,2,6,118,436596,95,85,Ready,Failed
2120,JOB009,STOCK_UPDATE,Data Transfer,7,Friday,7,19,7,114,59093,45,81,Ready,Success
2121,JOB003,INVENTORY_UPDATE,Synchronization,5,Saturday,26,14,4,88,97651,42,38,Ready,Success
2122,JOB014,MASTER_DATA_SYNC,Data Processing,4,Wednesday,3,12,6,7,80414,39,21,Ready,Success
2123,JOB009,STOCK_UPDATE,Backup,14,Thursday,1,21,3,40,142211,65,89,Ready,Success
2124,JOB019,SYSTEM_MONITORING,Data Transfer,21,Sunday,13,13,8,101,190461,50,74,Ready,Failed
2125,JOB014,MASTER_DATA_SYNC,Reporting,14,Friday,28,6,4,86,225595,86,76,Delayed,Failed
2126,JOB018,VENDOR_DATA_SYNC,Reporting,1,Saturday,1,0,2,40,71126,40,30,Delayed,Success
2127,JOB016,WAREHOUSE_UPDATE,Backup,0,Monday,1,12,4,14,364922,70,35,Ready,Success
2128,JOB002,MONTHLY_PAYROLL,Synchronization,22,Thursday,29,3,8,104,182450,58,81,Delayed,Failed
2129,JOB001,DAILY_SALES,Synchronization,22,Sunday,26,11,7,25,266117,82,46,Ready,Failed
2130,JOB009,STOCK_UPDATE,Synchronization,10,Friday,27,6,0,93,497565,88,41,Ready,Failed
2131,JOB010,ORDER_PROCESSING,Data Transfer,9,Thursday,21,26,4,53,387393,39,22,Ready,Failed
2132,JOB003,INVENTORY_UPDATE,Synchronization,17,Wednesday,6,1,5,108,346102,42,22,Ready,Failed
2133,JOB010,ORDER_PROCESSING,Reporting,17,Tuesday,11,16,9,119,374789,61,40,Ready,Failed
2134,JOB013,LOG_CLEANUP,Reporting,16,Monday,5,0,1,13,409604,92,62,Ready,Failed
2135,JOB008,SALES_REPORT,Reporting,7,Wednesday,17,25,5,116,215779,22,89,Ready,Failed
2136,JOB001,DAILY_SALES,Synchronization,14,Wednesday,3,13,8,95,277639,46,56,Ready,Failed
2137,JOB013,LOG_CLEANUP,Data Transfer,7,Sunday,18,29,3,83,441989,93,75,Ready,Failed
2138,JOB007,CUSTOMER_REPORT,Reporting,16,Sunday,26,21,2,56,185939,43,58,Delayed,Success
2139,JOB015,DAILY_ANALYTICS,Data Processing,11,Friday,12,27,8,100,120410,28,39,Ready,Failed
2140,JOB011,EMPLOYEE_DATA_SYNC,Reporting,7,Sunday,19,20,1,52,161015,21,84,Ready,Success
2141,JOB014,MASTER_DATA_SYNC,Data Transfer,13,Thursday,20,0,8,64,238987,25,54,Ready,Success
2142,JOB006,FINANCE_REPORT,Reporting,3,Monday,22,25,9,112,474087,90,62,Ready,Failed
2143,JOB001,DAILY_SALES,Backup,0,Wednesday,29,2,1,54,118585,40,40,Ready,Success
2144,JOB002,MONTHLY_PAYROLL,Backup,0,Friday,24,10,9,43,480720,48,29,Not Ready,Failed
2145,JOB006,FINANCE_REPORT,Backup,18,Monday,30,6,2,20,416919,32,64,Ready,Failed
2146,JOB018,VENDOR_DATA_SYNC,Reporting,15,Sunday,26,27,6,32,299214,88,22,Ready,Success
2147,JOB020,ARCHIVE_JOB,Data Transfer,13,Sunday,1,24,1,119,34563,61,62,Ready,Success
2148,JOB018,VENDOR_DATA_SYNC,Synchronization,20,Thursday,7,28,0,10,235813,20,71,Delayed,Success
2149,JOB015,DAILY_ANALYTICS,Data Transfer,15,Sunday,18,8,8,65,20193,39,60,Ready,Failed
2150,JOB012,DATABASE_BACKUP,Data Processing,4,Wednesday,8,21,5,10,411066,62,60,Ready,Success
2151,JOB011,EMPLOYEE_DATA_SYNC,Data Processing,8,Saturday,25,2,8,106,13727,20,28,Ready,Failed
2152,JOB009,STOCK_UPDATE,Data Transfer,1,Wednesday,27,0,2,115,475167,59,65,Delayed,Failed
2153,JOB015,DAILY_ANALYTICS,Reporting,17,Wednesday,3,18,2,70,125234,26,35,Ready,Success
2154,JOB010,ORDER_PROCESSING,Backup,5,Sunday,30,25,9,109,378104,54,66,Ready,Success
2155,JOB007,CUSTOMER_REPORT,Backup,8,Monday,15,1,2,44,470693,71,47,Delayed,Success
2156,JOB019,SYSTEM_MONITORING,Synchronization,0,Sunday,18,26,1,75,318604,53,47,Delayed,Success
2157,JOB020,ARCHIVE_JOB,Reporting,8,Monday,9,20,5,95,260563,69,94,Delayed,Failed
2158,JOB004,DATA_TRANSFER,Synchronization,15,Monday,5,23,2,66,278362,88,30,Delayed,Failed
2159,JOB001,DAILY_SALES,Data Transfer,12,Monday,15,4,4,32,233865,48,48,Ready,Success
2160,JOB014,MASTER_DATA_SYNC,Synchronization,8,Friday,9,16,4,84,181192,90,75,Not Ready,Failed
2161,JOB009,STOCK_UPDATE,Data Processing,20,Tuesday,12,18,9,51,291588,20,95,Not Ready,Failed
2162,JOB018,VENDOR_DATA_SYNC,Synchronization,12,Sunday,8,27,2,13,70187,92,91,Ready,Failed
2163,JOB003,INVENTORY_UPDATE,Backup,8,Friday,6,4,2,56,286663,77,76,Ready,Success
2164,JOB007,CUSTOMER_REPORT,Data Processing,10,Wednesday,3,22,0,19,51107,84,72,Ready,Failed
2165,JOB001,DAILY_SALES,Backup,3,Friday,18,20,5,38,235762,36,93,Ready,Success
2166,JOB015,DAILY_ANALYTICS,Data Transfer,1,Thursday,25,13,2,24,25281,81,78,Delayed,Success
2167,JOB003,INVENTORY_UPDATE,Synchronization,5,Saturday,3,9,0,82,151865,61,54,Ready,Success
2168,JOB004,DATA_TRANSFER,Synchronization,13,Monday,18,20,9,64,428903,47,71,Delayed,Success
2169,JOB005,BACKUP_JOB,Synchronization,3,Sunday,27,6,8,62,282460,22,55,Not Ready,Failed
2170,JOB018,VENDOR_DATA_SYNC,Reporting,5,Thursday,18,28,0,79,451143,24,77,Not Ready,Success
2171,JOB006,FINANCE_REPORT,Reporting,18,Sunday,11,7,4,98,337059,85,21,Ready,Failed
2172,JOB002,MONTHLY_PAYROLL,Data Processing,5,Saturday,29,29,4,71,309698,73,47,Ready,Success
2173,JOB010,ORDER_PROCESSING,Backup,1,Thursday,12,7,1,6,1207,57,89,Delayed,Failed
2174,JOB012,DATABASE_BACKUP,Data Transfer,17,Sunday,24,6,0,54,1073,63,82,Ready,Success
2175,JOB002,MONTHLY_PAYROLL,Reporting,12,Wednesday,3,12,5,18,287571,95,71,Ready,Failed
2176,JOB005,BACKUP_JOB,Backup,8,Monday,24,13,6,60,434545,76,79,Not Ready,Failed
2177,JOB011,EMPLOYEE_DATA_SYNC,Synchronization,22,Thursday,27,18,8,97,130513,90,55,Ready,Failed
2178,JOB017,INVOICE_PROCESSING,Synchronization,18,Wednesday,30,10,7,73,339491,43,81,Ready,Failed
2179,JOB013,LOG_CLEANUP,Backup,12,Monday,9,1,9,48,75777,78,62,Delayed,Failed
2180,JOB008,SALES_REPORT,Synchronization,10,Tuesday,20,16,2,50,333649,27,58,Ready,Failed
2181,JOB001,DAILY_SALES,Reporting,0,Wednesday,6,5,8,10,41472,21,24,Ready,Success
2182,JOB013,LOG_CLEANUP,Data Transfer,23,Friday,29,28,0,12,400105,60,94,Ready,Failed
2183,JOB005,BACKUP_JOB,Reporting,21,Sunday,4,8,5,43,420673,75,69,Ready,Failed
2184,JOB007,CUSTOMER_REPORT,Synchronization,6,Monday,16,18,9,107,172859,67,35,Ready,Failed
2185,JOB001,DAILY_SALES,Data Transfer,20,Thursday,17,4,1,112,140778,41,71,Ready,Success
2186,JOB015,DAILY_ANALYTICS,Synchronization,14,Saturday,10,8,9,97,432903,37,88,Ready,Failed
2187,JOB015,DAILY_ANALYTICS,Data Transfer,0,Thursday,14,29,8,107,12520,60,90,Ready,Failed
2188,JOB003,INVENTORY_UPDATE,Data Processing,11,Friday,20,29,8,48,132351,86,22,Ready,Success
2189,JOB008,SALES_REPORT,Synchronization,6,Sunday,21,24,7,31,65305,67,29,Ready,Success
2190,JOB007,CUSTOMER_REPORT,Data Processing,14,Friday,6,6,6,20,94098,42,70,Ready,Success
2191,JOB016,WAREHOUSE_UPDATE,Reporting,20,Thursday,17,29,5,95,186079,21,88,Delayed,Failed
2192,JOB001,DAILY_SALES,Reporting,18,Sunday,25,3,1,43,157203,23,51,Not Ready,Failed
2193,JOB012,DATABASE_BACKUP,Reporting,0,Saturday,24,26,3,108,251912,45,24,Ready,Success
2194,JOB019,SYSTEM_MONITORING,Synchronization,16,Monday,5,17,9,5,434445,38,62,Ready,Success
2195,JOB018,VENDOR_DATA_SYNC,Backup,16,Sunday,17,17,6,113,254551,68,31,Ready,Failed
2196,JOB020,ARCHIVE_JOB,Data Processing,2,Wednesday,15,19,5,55,356635,93,50,Ready,Success
2197,JOB013,LOG_CLEANUP,Data Processing,11,Sunday,1,16,8,67,394506,72,41,Ready,Success
2198,JOB003,INVENTORY_UPDATE,Data Processing,5,Friday,18,29,4,37,431864,25,78,Ready,Success
2199,JOB006,FINANCE_REPORT,Synchronization,10,Friday,0,3,5,54,405281,81,71,Ready,Success
2200,JOB009,STOCK_UPDATE,Data Processing,2,Friday,24,27,9,107,131351,20,66,Ready,Failed
2201,JOB009,STOCK_UPDATE,Data Processing,7,Saturday,29,29,5,58,409618,35,68,Delayed,Failed
2202,JOB013,LOG_CLEANUP,Data Processing,13,Sunday,25,26,7,31,90903,71,75,Delayed,Failed
2203,JOB004,DATA_TRANSFER,Synchronization,13,Sunday,10,21,7,85,287251,26,50,Ready,Success
2204,JOB009,STOCK_UPDATE,Synchronization,9,Tuesday,19,15,5,83,346686,54,78,Not Ready,Failed
2205,JOB015,DAILY_ANALYTICS,Backup,1,Saturday,4,21,7,90,407245,87,89,Ready,Failed
2206,JOB015,DAILY_ANALYTICS,Data Processing,13,Monday,15,22,6,23,283079,34,95,Delayed,Success
2207,JOB006,FINANCE_REPORT,Backup,8,Monday,22,4,0,32,480314,76,62,Ready,Failed
2208,JOB008,SALES_REPORT,Data Processing,2,Monday,0,8,4,27,200883,42,93,Ready,Success
2209,JOB005,BACKUP_JOB,Data Processing,20,Monday,18,1,9,68,109507,30,24,Ready,Failed
2210,JOB016,WAREHOUSE_UPDATE,Reporting,7,Monday,13,1,9,104,61033,23,23,Ready,Success
2211,JOB019,SYSTEM_MONITORING,Reporting,15,Thursday,2,3,9,117,268401,77,34,Ready,Success
2212,JOB006,FINANCE_REPORT,Backup,1,Friday,1,19,4,43,418874,59,21,Delayed,Success
2213,JOB014,MASTER_DATA_SYNC,Synchronization,5,Saturday,23,19,9,116,103299,77,68,Ready,Success
2214,JOB016,WAREHOUSE_UPDATE,Backup,20,Thursday,4,16,8,53,367254,86,75,Ready,Success
2215,JOB003,INVENTORY_UPDATE,Reporting,11,Saturday,16,19,6,63,452207,57,27,Ready,Failed
2216,JOB004,DATA_TRANSFER,Data Transfer,4,Tuesday,27,27,6,24,450130,21,35,Delayed,Failed
2217,JOB001,DAILY_SALES,Synchronization,1,Sunday,17,20,9,65,95358,59,83,Delayed,Failed
2218,JOB016,WAREHOUSE_UPDATE,Data Transfer,15,Wednesday,0,24,1,115,178071,75,43,Ready,Failed
2219,JOB010,ORDER_PROCESSING,Synchronization,4,Friday,14,18,7,13,365140,91,74,Ready,Failed
2220,JOB014,MASTER_DATA_SYNC,Reporting,14,Tuesday,21,2,2,27,395973,54,73,Not Ready,Failed
2221,JOB003,INVENTORY_UPDATE,Data Transfer,11,Thursday,8,29,8,113,415555,68,88,Ready,Success
2222,JOB002,MONTHLY_PAYROLL,Data Transfer,3,Wednesday,26,4,5,11,285990,86,79,Ready,Failed
2223,JOB007,CUSTOMER_REPORT,Data Processing,14,Sunday,22,9,8,35,383796,63,50,Ready,Failed
2224,JOB010,ORDER_PROCESSING,Data Transfer,10,Tuesday,4,5,8,64,237790,50,39,Delayed,Failed
2225,JOB004,DATA_TRANSFER,Data Processing,15,Sunday,27,2,6,119,499724,84,73,Ready,Failed
2226,JOB007,CUSTOMER_REPORT,Reporting,22,Sunday,12,16,9,65,291059,95,28,Ready,Failed
2227,JOB008,SALES_REPORT,Data Transfer,5,Saturday,18,9,7,79,45617,37,53,Ready,Success
2228,JOB016,WAREHOUSE_UPDATE,Data Processing,13,Wednesday,27,23,1,108,177242,55,95,Ready,Failed
2229,JOB013,LOG_CLEANUP,Data Transfer,17,Saturday,27,11,4,85,77880,81,84,Ready,Failed
2230,JOB002,MONTHLY_PAYROLL,Reporting,11,Sunday,23,0,2,104,220840,48,35,Not Ready,Failed
2231,JOB010,ORDER_PROCESSING,Data Transfer,10,Tuesday,9,17,0,30,165565,42,89,Ready,Success
2232,JOB019,SYSTEM_MONITORING,Data Transfer,12,Sunday,19,18,5,104,129526,22,25,Ready,Failed
2233,JOB018,VENDOR_DATA_SYNC,Backup,20,Thursday,24,21,8,86,426295,49,54,Ready,Failed
2234,JOB016,WAREHOUSE_UPDATE,Backup,22,Sunday,20,19,1,58,297019,64,22,Ready,Failed
2235,JOB010,ORDER_PROCESSING,Data Processing,10,Saturday,13,3,8,35,292702,68,40,Ready,Success
2236,JOB019,SYSTEM_MONITORING,Data Transfer,22,Wednesday,21,14,7,117,143089,38,26,Ready,Failed
2237,JOB013,LOG_CLEANUP,Data Transfer,15,Tuesday,20,8,8,103,96017,83,49,Ready,Failed
2238,JOB014,MASTER_DATA_SYNC,Data Transfer,14,Saturday,25,5,4,45,486529,24,41,Ready,Failed
2239,JOB012,DATABASE_BACKUP,Data Transfer,20,Sunday,11,11,1,32,387864,75,33,Ready,Success
2240,JOB013,LOG_CLEANUP,Backup,14,Thursday,10,17,9,94,283876,53,74,Ready,Failed
2241,JOB012,DATABASE_BACKUP,Data Transfer,3,Friday,22,22,9,10,376285,92,86,Not Ready,Failed
2242,JOB009,STOCK_UPDATE,Data Processing,10,Thursday,6,14,5,38,58238,67,24,Delayed,Success
2243,JOB003,INVENTORY_UPDATE,Data Transfer,18,Sunday,16,28,6,96,322983,45,88,Delayed,Failed
2244,JOB013,LOG_CLEANUP,Backup,14,Thursday,17,18,2,112,96504,24,78,Delayed,Success
2245,JOB014,MASTER_DATA_SYNC,Data Processing,3,Friday,6,8,5,115,286601,50,28,Ready,Success
2246,JOB019,SYSTEM_MONITORING,Backup,20,Thursday,23,21,5,13,95056,43,67,Ready,Success
2247,JOB003,INVENTORY_UPDATE,Data Processing,12,Friday,19,23,7,97,132896,41,56,Not Ready,Failed
2248,JOB004,DATA_TRANSFER,Data Processing,21,Sunday,5,12,0,102,425789,41,87,Ready,Failed
2249,JOB016,WAREHOUSE_UPDATE,Data Transfer,18,Friday,10,15,3,16,366050,76,39,Delayed,Failed
2250,JOB014,MASTER_DATA_SYNC,Synchronization,1,Saturday,11,12,0,20,146539,49,69,Ready,Success
2251,JOB014,MASTER_DATA_SYNC,Backup,13,Saturday,25,0,7,75,207534,66,43,Ready,Failed
2252,JOB008,SALES_REPORT,Data Processing,3,Friday,15,17,1,35,418092,93,90,Ready,Success
2253,JOB014,MASTER_DATA_SYNC,Data Processing,15,Tuesday,18,21,7,37,17734,86,68,Ready,Success
2254,JOB003,INVENTORY_UPDATE,Backup,20,Wednesday,22,2,2,11,415802,58,27,Ready,Success
2255,JOB007,CUSTOMER_REPORT,Backup,19,Tuesday,26,16,7,7,293803,85,94,Ready,Failed
2256,JOB005,BACKUP_JOB,Reporting,13,Friday,18,21,5,24,456473,48,92,Delayed,Failed
2257,JOB012,DATABASE_BACKUP,Backup,14,Wednesday,10,4,0,9,248933,33,25,Ready,Success
2258,JOB014,MASTER_DATA_SYNC,Synchronization,2,Saturday,15,28,6,71,438461,23,59,Ready,Success
2259,JOB017,INVOICE_PROCESSING,Synchronization,7,Wednesday,22,24,6,115,419626,91,73,Ready,Failed
2260,JOB011,EMPLOYEE_DATA_SYNC,Synchronization,15,Friday,27,5,5,42,8894,24,36,Ready,Success
2261,JOB016,WAREHOUSE_UPDATE,Reporting,9,Saturday,26,20,0,83,224171,63,70,Not Ready,Failed
2262,JOB015,DAILY_ANALYTICS,Reporting,3,Wednesday,11,16,4,103,111317,43,21,Ready,Success
2263,JOB012,DATABASE_BACKUP,Reporting,17,Wednesday,26,16,0,60,373311,47,49,Not Ready,Failed
2264,JOB020,ARCHIVE_JOB,Data Processing,1,Tuesday,7,26,0,27,366439,43,51,Not Ready,Failed
2265,JOB003,INVENTORY_UPDATE,Data Transfer,16,Wednesday,2,0,5,101,184226,24,69,Not Ready,Failed
2266,JOB013,LOG_CLEANUP,Reporting,12,Sunday,1,6,7,6,3509,32,90,Ready,Success
2267,JOB005,BACKUP_JOB,Data Transfer,3,Friday,27,21,0,104,331352,74,35,Ready,Success
2268,JOB001,DAILY_SALES,Data Transfer,10,Monday,5,29,1,25,261200,49,74,Ready,Success
2269,JOB008,SALES_REPORT,Data Transfer,6,Monday,15,15,4,82,217434,68,76,Delayed,Failed
2270,JOB012,DATABASE_BACKUP,Synchronization,11,Monday,19,4,7,18,70694,34,64,Delayed,Success
2271,JOB017,INVOICE_PROCESSING,Reporting,9,Friday,23,15,3,66,458666,49,71,Ready,Failed
2272,JOB017,INVOICE_PROCESSING,Backup,6,Monday,28,3,4,110,456406,47,90,Ready,Failed
2273,JOB015,DAILY_ANALYTICS,Backup,12,Tuesday,14,10,9,15,459196,23,66,Ready,Success
2274,JOB011,EMPLOYEE_DATA_SYNC,Synchronization,6,Friday,13,13,4,8,185345,87,52,Ready,Failed
2275,JOB003,INVENTORY_UPDATE,Data Processing,23,Sunday,1,28,2,51,467559,34,43,Ready,Success
2276,JOB011,EMPLOYEE_DATA_SYNC,Data Processing,16,Saturday,19,12,5,120,373736,53,54,Delayed,Failed
2277,JOB011,EMPLOYEE_DATA_SYNC,Reporting,9,Sunday,17,26,4,98,384069,94,83,Ready,Failed
2278,JOB014,MASTER_DATA_SYNC,Backup,9,Friday,13,23,1,104,122714,62,79,Delayed,Failed
2279,JOB017,INVOICE_PROCESSING,Data Transfer,23,Friday,17,26,9,24,294315,94,48,Ready,Failed
2280,JOB003,INVENTORY_UPDATE,Reporting,3,Wednesday,1,7,3,56,287669,80,37,Ready,Failed
2281,JOB005,BACKUP_JOB,Data Processing,19,Wednesday,0,20,3,20,289657,82,77,Ready,Failed
2282,JOB013,LOG_CLEANUP,Reporting,3,Wednesday,19,19,6,102,385011,21,67,Delayed,Success
2283,JOB002,MONTHLY_PAYROLL,Backup,21,Thursday,1,14,6,49,400013,71,30,Ready,Failed
2284,JOB006,FINANCE_REPORT,Data Transfer,6,Tuesday,8,17,8,12,230673,71,22,Ready,Success
2285,JOB006,FINANCE_REPORT,Data Transfer,21,Friday,8,6,9,113,131467,34,61,Ready,Success
2286,JOB004,DATA_TRANSFER,Data Processing,0,Sunday,15,20,1,66,115447,59,37,Ready,Success
2287,JOB018,VENDOR_DATA_SYNC,Data Processing,11,Friday,10,18,5,88,105384,47,35,Ready,Success
2288,JOB009,STOCK_UPDATE,Synchronization,23,Wednesday,26,24,1,25,139818,74,60,Ready,Success
2289,JOB008,SALES_REPORT,Backup,12,Friday,22,8,8,68,352398,69,84,Ready,Success
2290,JOB013,LOG_CLEANUP,Data Processing,9,Saturday,5,10,1,108,371941,41,62,Ready,Success
2291,JOB013,LOG_CLEANUP,Backup,14,Friday,11,26,5,34,463690,48,62,Ready,Success
2292,JOB017,INVOICE_PROCESSING,Synchronization,12,Sunday,2,9,7,40,25316,91,50,Ready,Success
2293,JOB005,BACKUP_JOB,Reporting,22,Monday,29,13,5,9,320221,31,47,Ready,Success
2294,JOB019,SYSTEM_MONITORING,Synchronization,21,Saturday,11,15,2,89,428578,57,70,Ready,Success
2295,JOB020,ARCHIVE_JOB,Backup,21,Saturday,29,26,4,42,410550,21,46,Ready,Failed
2296,JOB015,DAILY_ANALYTICS,Data Processing,20,Friday,30,7,3,91,209165,31,28,Ready,Success
2297,JOB014,MASTER_DATA_SYNC,Synchronization,21,Thursday,22,0,0,23,495735,74,57,Ready,Success
2298,JOB013,LOG_CLEANUP,Data Transfer,8,Wednesday,0,11,4,78,292024,31,55,Delayed,Failed
2299,JOB005,BACKUP_JOB,Backup,8,Tuesday,8,2,9,31,438473,28,79,Ready,Failed
2300,JOB015,DAILY_ANALYTICS,Data Processing,14,Tuesday,19,1,4,103,403889,51,76,Ready,Failed
2301,JOB017,INVOICE_PROCESSING,Reporting,9,Monday,21,15,6,17,456562,92,66,Delayed,Failed
2302,JOB002,MONTHLY_PAYROLL,Data Processing,23,Tuesday,5,3,6,13,201987,27,87,Delayed,Failed
2303,JOB008,SALES_REPORT,Backup,9,Tuesday,10,1,1,21,442829,47,70,Delayed,Success
2304,JOB016,WAREHOUSE_UPDATE,Data Transfer,7,Wednesday,2,11,3,99,426937,75,77,Ready,Failed
2305,JOB006,FINANCE_REPORT,Data Processing,23,Wednesday,3,26,0,110,36950,55,67,Ready,Success
2306,JOB014,MASTER_DATA_SYNC,Data Processing,15,Thursday,28,23,4,48,262871,56,78,Ready,Success
2307,JOB009,STOCK_UPDATE,Backup,16,Sunday,26,16,4,49,21829,51,95,Delayed,Success
2308,JOB012,DATABASE_BACKUP,Backup,4,Monday,9,19,3,92,358708,58,66,Ready,Success
2309,JOB015,DAILY_ANALYTICS,Data Transfer,3,Tuesday,18,20,9,46,61495,68,34,Delayed,Failed
2310,JOB002,MONTHLY_PAYROLL,Data Processing,17,Thursday,28,29,6,55,246121,37,91,Ready,Failed
2311,JOB013,LOG_CLEANUP,Data Transfer,23,Monday,5,9,5,87,336251,42,21,Ready,Failed
2312,JOB012,DATABASE_BACKUP,Backup,18,Saturday,0,19,9,62,160435,52,80,Ready,Success
2313,JOB001,DAILY_SALES,Data Transfer,3,Tuesday,7,7,2,117,48068,92,59,Ready,Success
2314,JOB016,WAREHOUSE_UPDATE,Backup,6,Tuesday,7,17,1,62,174805,70,62,Not Ready,Success
2315,JOB010,ORDER_PROCESSING,Reporting,9,Wednesday,24,24,3,34,84271,62,67,Ready,Failed
2316,JOB012,DATABASE_BACKUP,Data Transfer,17,Friday,5,17,8,9,485645,23,91,Not Ready,Failed
2317,JOB008,SALES_REPORT,Data Processing,18,Monday,16,17,9,12,268757,86,88,Delayed,Failed
2318,JOB004,DATA_TRANSFER,Data Processing,3,Tuesday,18,28,4,41,158678,91,76,Ready,Failed
2319,JOB005,BACKUP_JOB,Data Processing,9,Monday,30,1,0,51,410811,21,87,Ready,Success
2320,JOB016,WAREHOUSE_UPDATE,Data Processing,0,Sunday,0,11,2,104,395490,64,31,Delayed,Failed
2321,JOB014,MASTER_DATA_SYNC,Reporting,22,Thursday,14,9,8,93,38030,59,93,Ready,Success
2322,JOB013,LOG_CLEANUP,Data Processing,17,Thursday,12,7,6,49,356870,21,87,Ready,Failed
2323,JOB004,DATA_TRANSFER,Data Transfer,4,Friday,30,18,2,117,318263,51,70,Delayed,Success
2324,JOB019,SYSTEM_MONITORING,Backup,14,Tuesday,20,9,0,9,86654,20,93,Ready,Success
2325,JOB012,DATABASE_BACKUP,Backup,16,Sunday,2,10,3,101,125065,37,48,Ready,Failed
2326,JOB013,LOG_CLEANUP,Backup,2,Wednesday,29,13,8,67,336455,83,48,Ready,Failed
2327,JOB003,INVENTORY_UPDATE,Backup,11,Tuesday,1,25,6,90,360696,51,32,Delayed,Success
2328,JOB005,BACKUP_JOB,Data Transfer,1,Monday,2,14,4,51,386898,28,76,Ready,Failed
2329,JOB015,DAILY_ANALYTICS,Data Processing,0,Saturday,8,29,5,110,295423,74,65,Ready,Failed
2330,JOB001,DAILY_SALES,Synchronization,22,Thursday,26,23,0,29,55690,86,39,Ready,Failed
2331,JOB020,ARCHIVE_JOB,Data Processing,20,Monday,15,22,6,111,211549,43,78,Delayed,Failed
2332,JOB009,STOCK_UPDATE,Synchronization,16,Friday,23,9,4,54,382334,30,55,Not Ready,Failed
2333,JOB002,MONTHLY_PAYROLL,Reporting,21,Thursday,12,3,6,97,438639,47,20,Ready,Failed
2334,JOB017,INVOICE_PROCESSING,Backup,15,Wednesday,18,6,4,49,167325,35,22,Delayed,Failed
2335,JOB009,STOCK_UPDATE,Reporting,4,Thursday,26,10,4,120,417854,31,63,Ready,Success
2336,JOB007,CUSTOMER_REPORT,Backup,14,Saturday,17,23,2,34,111996,87,74,Delayed,Failed
2337,JOB012,DATABASE_BACKUP,Synchronization,2,Sunday,20,21,4,52,70906,23,79,Delayed,Success
2338,JOB005,BACKUP_JOB,Backup,6,Tuesday,11,21,7,55,252294,94,22,Ready,Failed
2339,JOB012,DATABASE_BACKUP,Backup,10,Saturday,27,2,7,98,253465,85,82,Ready,Failed
2340,JOB008,SALES_REPORT,Data Processing,9,Sunday,28,4,1,59,282926,50,50,Not Ready,Success
2341,JOB005,BACKUP_JOB,Data Processing,8,Saturday,11,25,0,112,154711,75,80,Ready,Failed
2342,JOB015,DAILY_ANALYTICS,Data Processing,13,Tuesday,0,1,1,59,169727,69,68,Ready,Failed
2343,JOB002,MONTHLY_PAYROLL,Reporting,12,Thursday,19,11,6,50,23829,86,63,Ready,Failed
2344,JOB003,INVENTORY_UPDATE,Data Transfer,1,Friday,7,20,2,35,132404,20,71,Ready,Success
2345,JOB002,MONTHLY_PAYROLL,Synchronization,2,Tuesday,16,4,7,38,42986,88,50,Not Ready,Failed
2346,JOB011,EMPLOYEE_DATA_SYNC,Reporting,6,Tuesday,20,6,3,96,53385,58,91,Ready,Success
2347,JOB006,FINANCE_REPORT,Data Processing,20,Sunday,27,3,9,78,248295,71,68,Ready,Failed
2348,JOB002,MONTHLY_PAYROLL,Data Processing,17,Wednesday,19,29,9,72,478260,55,65,Ready,Failed
2349,JOB003,INVENTORY_UPDATE,Data Transfer,2,Thursday,21,10,7,37,19616,86,73,Delayed,Failed
2350,JOB016,WAREHOUSE_UPDATE,Reporting,9,Tuesday,6,21,1,60,316253,31,30,Delayed,Success
2351,JOB020,ARCHIVE_JOB,Data Processing,21,Friday,8,8,4,62,355873,80,84,Ready,Failed
2352,JOB018,VENDOR_DATA_SYNC,Backup,6,Monday,16,3,5,61,6282,91,36,Not Ready,Failed
2353,JOB017,INVOICE_PROCESSING,Synchronization,8,Thursday,26,26,0,21,284668,30,47,Ready,Success
2354,JOB017,INVOICE_PROCESSING,Reporting,16,Wednesday,9,29,0,15,270888,33,93,Delayed,Failed
2355,JOB010,ORDER_PROCESSING,Backup,10,Saturday,3,21,8,75,399913,73,28,Ready,Failed
2356,JOB005,BACKUP_JOB,Reporting,6,Tuesday,21,28,4,85,493472,27,53,Ready,Success
2357,JOB012,DATABASE_BACKUP,Reporting,23,Friday,25,27,3,96,332049,52,39,Ready,Success
2358,JOB002,MONTHLY_PAYROLL,Data Processing,13,Thursday,6,8,0,21,154898,23,22,Ready,Success
2359,JOB009,STOCK_UPDATE,Data Transfer,18,Friday,6,25,2,109,143617,49,20,Ready,Success
2360,JOB006,FINANCE_REPORT,Backup,3,Friday,7,11,3,14,371626,73,79,Ready,Failed
2361,JOB007,CUSTOMER_REPORT,Data Processing,5,Sunday,29,15,4,30,259519,25,69,Ready,Success
2362,JOB013,LOG_CLEANUP,Synchronization,9,Saturday,25,0,9,10,269697,24,27,Delayed,Success
2363,JOB009,STOCK_UPDATE,Data Processing,6,Wednesday,23,7,4,85,389487,70,37,Not Ready,Failed
2364,JOB003,INVENTORY_UPDATE,Reporting,12,Thursday,23,0,9,20,188054,33,49,Ready,Failed
2365,JOB016,WAREHOUSE_UPDATE,Backup,13,Tuesday,7,19,7,107,312460,53,41,Ready,Success
2366,JOB004,DATA_TRANSFER,Synchronization,3,Wednesday,15,18,2,119,273327,60,28,Ready,Success
2367,JOB007,CUSTOMER_REPORT,Data Processing,7,Tuesday,11,3,6,94,385081,58,41,Delayed,Failed
2368,JOB017,INVOICE_PROCESSING,Reporting,4,Monday,14,13,5,8,478841,37,29,Ready,Success
2369,JOB020,ARCHIVE_JOB,Synchronization,0,Friday,7,22,9,66,142003,39,86,Delayed,Failed
2370,JOB015,DAILY_ANALYTICS,Reporting,3,Monday,21,28,9,88,423051,27,28,Ready,Failed
2371,JOB009,STOCK_UPDATE,Data Processing,2,Sunday,8,13,9,68,230479,45,66,Ready,Success
2372,JOB007,CUSTOMER_REPORT,Data Processing,8,Friday,2,8,5,117,204905,46,59,Ready,Success
2373,JOB003,INVENTORY_UPDATE,Reporting,7,Saturday,21,8,9,60,235067,51,55,Ready,Failed
2374,JOB003,INVENTORY_UPDATE,Backup,0,Wednesday,20,25,8,109,152671,61,38,Ready,Failed
2375,JOB003,INVENTORY_UPDATE,Backup,5,Tuesday,30,16,6,79,367850,69,21,Ready,Success
2376,JOB015,DAILY_ANALYTICS,Data Transfer,8,Sunday,15,14,6,27,378959,68,64,Ready,Failed
2377,JOB011,EMPLOYEE_DATA_SYNC,Data Processing,6,Saturday,14,9,0,37,443731,84,52,Ready,Failed
2378,JOB006,FINANCE_REPORT,Backup,3,Tuesday,23,16,0,35,141833,82,83,Ready,Failed
2379,JOB014,MASTER_DATA_SYNC,Reporting,12,Wednesday,3,8,8,11,140133,46,45,Delayed,Success
2380,JOB013,LOG_CLEANUP,Backup,16,Thursday,19,3,8,90,263512,94,53,Ready,Failed
2381,JOB002,MONTHLY_PAYROLL,Synchronization,1,Sunday,28,27,9,9,447317,54,82,Delayed,Failed
2382,JOB013,LOG_CLEANUP,Synchronization,4,Monday,30,28,2,41,235429,57,47,Ready,Success
2383,JOB013,LOG_CLEANUP,Reporting,11,Monday,15,13,7,5,389421,57,25,Delayed,Failed
2384,JOB016,WAREHOUSE_UPDATE,Reporting,20,Tuesday,9,2,8,74,56015,61,30,Ready,Failed
2385,JOB001,DAILY_SALES,Data Processing,7,Tuesday,10,28,0,49,6304,61,65,Ready,Success
2386,JOB002,MONTHLY_PAYROLL,Synchronization,5,Tuesday,25,24,2,51,56689,68,39,Ready,Success
2387,JOB002,MONTHLY_PAYROLL,Backup,7,Sunday,28,20,5,72,245241,76,55,Ready,Failed
2388,JOB004,DATA_TRANSFER,Data Transfer,17,Wednesday,4,11,3,98,442760,73,35,Ready,Success
2389,JOB002,MONTHLY_PAYROLL,Reporting,2,Thursday,10,21,7,34,252110,29,89,Delayed,Failed
2390,JOB020,ARCHIVE_JOB,Synchronization,21,Monday,28,0,8,85,29806,79,91,Not Ready,Failed
2391,JOB004,DATA_TRANSFER,Reporting,11,Saturday,12,0,6,64,314388,59,64,Not Ready,Failed
2392,JOB013,LOG_CLEANUP,Backup,2,Friday,14,12,0,28,228951,20,67,Ready,Success
2393,JOB013,LOG_CLEANUP,Backup,21,Sunday,5,13,1,35,190931,83,23,Ready,Success
2394,JOB001,DAILY_SALES,Synchronization,5,Sunday,15,15,0,32,65412,31,67,Delayed,Success
2395,JOB003,INVENTORY_UPDATE,Data Processing,1,Wednesday,14,6,8,49,1594,76,86,Not Ready,Failed
2396,JOB020,ARCHIVE_JOB,Data Processing,22,Monday,10,9,3,111,280973,45,47,Ready,Success
2397,JOB015,DAILY_ANALYTICS,Data Transfer,11,Thursday,19,14,9,8,414222,59,49,Ready,Success
2398,JOB003,INVENTORY_UPDATE,Backup,1,Wednesday,1,7,7,65,427749,62,48,Delayed,Failed
2399,JOB001,DAILY_SALES,Reporting,5,Saturday,27,10,4,43,285568,91,40,Ready,Failed
2400,JOB014,MASTER_DATA_SYNC,Backup,16,Monday,27,23,4,87,159864,32,61,Delayed,Failed
2401,JOB010,ORDER_PROCESSING,Synchronization,2,Wednesday,29,13,4,28,125220,75,69,Ready,Success
2402,JOB011,EMPLOYEE_DATA_SYNC,Data Transfer,1,Monday,1,12,4,75,256538,36,22,Delayed,Success
2403,JOB008,SALES_REPORT,Data Processing,22,Monday,11,22,2,50,433420,43,84,Ready,Failed
2404,JOB001,DAILY_SALES,Data Processing,19,Sunday,15,12,5,57,193066,95,42,Ready,Success
2405,JOB013,LOG_CLEANUP,Backup,7,Thursday,18,26,0,52,284159,77,24,Ready,Success
2406,JOB011,EMPLOYEE_DATA_SYNC,Data Processing,21,Sunday,1,8,7,13,26209,80,44,Ready,Success
2407,JOB009,STOCK_UPDATE,Reporting,11,Friday,16,16,3,26,263133,47,54,Delayed,Success
2408,JOB011,EMPLOYEE_DATA_SYNC,Data Transfer,3,Thursday,13,17,5,6,482745,86,84,Ready,Failed
2409,JOB011,EMPLOYEE_DATA_SYNC,Backup,4,Monday,23,28,1,95,384024,70,58,Not Ready,Success
2410,JOB009,STOCK_UPDATE,Data Transfer,12,Wednesday,27,18,1,20,123841,58,37,Ready,Success
2411,JOB001,DAILY_SALES,Data Transfer,14,Saturday,15,12,7,9,284284,85,44,Ready,Failed
2412,JOB008,SALES_REPORT,Backup,22,Thursday,4,11,0,16,452018,93,20,Not Ready,Failed
2413,JOB020,ARCHIVE_JOB,Data Processing,15,Friday,9,28,7,56,368288,59,81,Delayed,Failed
2414,JOB003,INVENTORY_UPDATE,Data Transfer,9,Monday,16,20,9,30,188129,32,28,Ready,Success
2415,JOB018,VENDOR_DATA_SYNC,Synchronization,22,Saturday,12,19,9,19,322960,38,60,Delayed,Success
2416,JOB019,SYSTEM_MONITORING,Synchronization,15,Thursday,15,19,0,71,469624,25,41,Ready,Success
2417,JOB013,LOG_CLEANUP,Data Processing,11,Sunday,8,7,8,77,104154,37,85,Ready,Failed
2418,JOB009,STOCK_UPDATE,Synchronization,16,Sunday,23,23,0,63,212820,28,64,Not Ready,Failed
2419,JOB005,BACKUP_JOB,Data Transfer,15,Thursday,3,10,3,96,346957,87,71,Not Ready,Failed
2420,JOB006,FINANCE_REPORT,Synchronization,11,Thursday,23,6,8,43,310908,73,39,Ready,Failed
2421,JOB016,WAREHOUSE_UPDATE,Reporting,7,Thursday,28,0,0,67,93227,69,31,Ready,Success
2422,JOB013,LOG_CLEANUP,Synchronization,19,Saturday,27,9,8,104,83428,89,93,Ready,Failed
2423,JOB019,SYSTEM_MONITORING,Reporting,2,Sunday,28,14,7,29,247495,30,83,Not Ready,Failed
2424,JOB019,SYSTEM_MONITORING,Synchronization,15,Wednesday,25,3,4,45,335033,74,51,Delayed,Failed
2425,JOB011,EMPLOYEE_DATA_SYNC,Data Transfer,12,Friday,15,0,5,32,3751,61,81,Ready,Success
2426,JOB008,SALES_REPORT,Synchronization,22,Friday,22,10,4,115,47379,30,24,Not Ready,Failed
2427,JOB003,INVENTORY_UPDATE,Synchronization,18,Monday,26,29,3,25,273507,91,63,Ready,Success
2428,JOB012,DATABASE_BACKUP,Synchronization,7,Tuesday,30,4,9,97,282371,86,48,Ready,Failed
2429,JOB013,LOG_CLEANUP,Data Transfer,21,Wednesday,10,18,3,93,75019,21,52,Ready,Success
2430,JOB020,ARCHIVE_JOB,Data Processing,4,Sunday,6,18,9,98,161164,85,32,Ready,Success
2431,JOB009,STOCK_UPDATE,Data Processing,19,Monday,16,3,7,65,109414,45,69,Not Ready,Failed
2432,JOB015,DAILY_ANALYTICS,Reporting,7,Monday,21,1,7,107,378643,95,21,Ready,Failed
2433,JOB019,SYSTEM_MONITORING,Synchronization,23,Thursday,12,6,8,61,379929,56,94,Ready,Success
2434,JOB006,FINANCE_REPORT,Data Transfer,11,Tuesday,3,27,2,15,109505,55,47,Ready,Success
2435,JOB003,INVENTORY_UPDATE,Backup,0,Sunday,13,12,9,23,312152,35,37,Delayed,Failed
2436,JOB019,SYSTEM_MONITORING,Reporting,20,Tuesday,9,19,7,79,455838,85,92,Ready,Success
2437,JOB006,FINANCE_REPORT,Backup,19,Wednesday,9,20,2,93,423134,40,85,Ready,Failed
2438,JOB017,INVOICE_PROCESSING,Data Transfer,5,Tuesday,9,11,1,5,458815,26,65,Ready,Failed
2439,JOB001,DAILY_SALES,Synchronization,21,Monday,26,29,1,36,329329,30,36,Ready,Success
2440,JOB012,DATABASE_BACKUP,Data Processing,17,Tuesday,11,1,8,89,495117,75,52,Ready,Failed
2441,JOB012,DATABASE_BACKUP,Synchronization,7,Tuesday,1,21,3,113,99864,63,52,Ready,Success
2442,JOB016,WAREHOUSE_UPDATE,Data Transfer,6,Friday,25,8,4,81,441391,73,49,Ready,Failed
2443,JOB004,DATA_TRANSFER,Data Transfer,0,Sunday,22,15,1,38,304873,76,41,Ready,Success
2444,JOB003,INVENTORY_UPDATE,Reporting,20,Sunday,8,7,8,21,251411,77,72,Ready,Failed
2445,JOB007,CUSTOMER_REPORT,Reporting,15,Monday,28,23,6,119,33034,56,65,Ready,Failed
2446,JOB004,DATA_TRANSFER,Data Transfer,11,Saturday,4,17,2,59,67039,67,63,Ready,Success
2447,JOB020,ARCHIVE_JOB,Data Transfer,5,Tuesday,7,3,5,115,288347,81,94,Ready,Failed
2448,JOB013,LOG_CLEANUP,Data Transfer,19,Tuesday,20,23,6,23,278140,58,53,Delayed,Failed
2449,JOB008,SALES_REPORT,Reporting,1,Thursday,13,10,5,78,373024,83,47,Ready,Success
2450,JOB004,DATA_TRANSFER,Reporting,13,Sunday,6,16,9,46,33602,87,54,Ready,Failed
2451,JOB002,MONTHLY_PAYROLL,Data Transfer,3,Tuesday,6,7,9,63,185086,87,87,Ready,Failed
2452,JOB004,DATA_TRANSFER,Backup,0,Sunday,8,18,5,77,28935,46,28,Delayed,Failed
2453,JOB003,INVENTORY_UPDATE,Synchronization,22,Tuesday,2,7,7,119,293569,89,41,Delayed,Failed
2454,JOB020,ARCHIVE_JOB,Backup,17,Friday,13,5,7,79,122339,79,80,Delayed,Failed
2455,JOB010,ORDER_PROCESSING,Reporting,12,Monday,16,22,4,42,63534,63,44,Delayed,Success
2456,JOB006,FINANCE_REPORT,Reporting,1,Sunday,17,1,3,35,46216,49,60,Ready,Success
2457,JOB019,SYSTEM_MONITORING,Backup,8,Wednesday,11,14,4,70,342776,77,26,Ready,Success
2458,JOB003,INVENTORY_UPDATE,Backup,20,Monday,21,0,8,92,298086,55,78,Ready,Success
2459,JOB020,ARCHIVE_JOB,Data Processing,1,Thursday,13,5,9,110,4527,24,91,Ready,Success
2460,JOB014,MASTER_DATA_SYNC,Backup,8,Monday,25,27,5,115,14993,38,86,Ready,Success
2461,JOB003,INVENTORY_UPDATE,Backup,0,Tuesday,25,18,2,73,31224,31,52,Delayed,Success
2462,JOB016,WAREHOUSE_UPDATE,Data Processing,10,Thursday,27,3,2,54,6423,79,84,Delayed,Success
2463,JOB019,SYSTEM_MONITORING,Synchronization,2,Monday,12,12,0,34,290257,30,79,Not Ready,Success
2464,JOB004,DATA_TRANSFER,Backup,19,Thursday,13,14,4,107,44246,72,77,Ready,Failed
2465,JOB010,ORDER_PROCESSING,Backup,22,Wednesday,8,8,5,39,191639,39,63,Delayed,Success
2466,JOB008,SALES_REPORT,Reporting,3,Monday,18,2,7,63,289977,92,67,Delayed,Failed
2467,JOB007,CUSTOMER_REPORT,Synchronization,17,Sunday,25,1,8,116,408523,46,56,Delayed,Failed
2468,JOB017,INVOICE_PROCESSING,Backup,22,Sunday,1,15,6,21,279072,77,44,Ready,Failed
2469,JOB016,WAREHOUSE_UPDATE,Backup,5,Saturday,10,17,0,99,122190,24,44,Ready,Failed
2470,JOB004,DATA_TRANSFER,Backup,2,Tuesday,16,17,6,70,309412,93,76,Ready,Failed
2471,JOB010,ORDER_PROCESSING,Data Transfer,21,Thursday,1,5,9,84,324068,28,32,Ready,Success
2472,JOB011,EMPLOYEE_DATA_SYNC,Data Transfer,10,Saturday,18,17,8,25,352787,51,31,Ready,Failed
2473,JOB009,STOCK_UPDATE,Synchronization,14,Saturday,6,10,3,98,82814,91,82,Delayed,Failed
2474,JOB011,EMPLOYEE_DATA_SYNC,Reporting,21,Friday,17,6,6,56,420787,73,81,Ready,Success
2475,JOB001,DAILY_SALES,Synchronization,4,Thursday,12,22,8,69,337505,64,47,Ready,Success
2476,JOB017,INVOICE_PROCESSING,Data Processing,19,Saturday,4,22,0,18,449470,46,74,Delayed,Success
2477,JOB018,VENDOR_DATA_SYNC,Backup,9,Friday,17,13,9,20,287516,47,94,Delayed,Failed
2478,JOB004,DATA_TRANSFER,Synchronization,11,Saturday,22,28,8,59,497672,37,61,Ready,Success
2479,JOB015,DAILY_ANALYTICS,Backup,14,Tuesday,25,17,3,13,50652,50,80,Ready,Failed
2480,JOB018,VENDOR_DATA_SYNC,Synchronization,16,Wednesday,23,6,7,117,179487,60,57,Not Ready,Failed
2481,JOB007,CUSTOMER_REPORT,Data Processing,9,Friday,23,9,2,12,264707,53,24,Delayed,Success
2482,JOB001,DAILY_SALES,Backup,5,Wednesday,28,7,1,77,21459,26,67,Delayed,Success
2483,JOB014,MASTER_DATA_SYNC,Data Transfer,17,Thursday,15,23,7,38,182398,24,54,Delayed,Success
2484,JOB012,DATABASE_BACKUP,Backup,12,Tuesday,14,13,7,113,223782,40,67,Not Ready,Failed
2485,JOB009,STOCK_UPDATE,Data Transfer,2,Friday,7,17,2,37,90606,25,33,Ready,Success
2486,JOB015,DAILY_ANALYTICS,Reporting,23,Thursday,25,4,7,90,478294,64,73,Delayed,Failed
2487,JOB011,EMPLOYEE_DATA_SYNC,Data Transfer,9,Saturday,14,13,5,98,183208,54,45,Delayed,Success
2488,JOB002,MONTHLY_PAYROLL,Synchronization,13,Sunday,24,21,9,11,90219,22,62,Ready,Failed
2489,JOB019,SYSTEM_MONITORING,Backup,5,Monday,0,24,8,86,148975,52,61,Not Ready,Failed
2490,JOB009,STOCK_UPDATE,Backup,2,Thursday,27,21,9,25,306021,57,37,Ready,Failed
2491,JOB008,SALES_REPORT,Synchronization,15,Wednesday,16,25,5,9,297240,35,74,Ready,Failed
2492,JOB004,DATA_TRANSFER,Backup,6,Tuesday,29,21,7,75,417796,90,69,Ready,Success
2493,JOB012,DATABASE_BACKUP,Data Processing,19,Tuesday,14,9,1,16,483129,27,40,Ready,Success
2494,JOB020,ARCHIVE_JOB,Backup,13,Thursday,13,25,0,63,277278,22,53,Ready,Success
2495,JOB016,WAREHOUSE_UPDATE,Backup,8,Saturday,13,14,9,85,436108,88,59,Not Ready,Failed
2496,JOB017,INVOICE_PROCESSING,Reporting,14,Monday,9,5,9,62,287046,38,49,Ready,Failed
2497,JOB013,LOG_CLEANUP,Backup,20,Wednesday,1,8,1,92,289261,26,89,Ready,Failed
2498,JOB015,DAILY_ANALYTICS,Backup,2,Thursday,26,9,3,41,476543,69,44,Ready,Failed
2499,JOB016,WAREHOUSE_UPDATE,Data Processing,1,Thursday,30,22,9,112,444899,25,88,Delayed,Failed
2500,JOB018,VENDOR_DATA_SYNC,Data Transfer,1,Sunday,5,16,8,87,181847,24,48,Ready,Success
2501,JOB002,MONTHLY_PAYROLL,Data Transfer,2,Tuesday,29,0,6,49,475216,80,86,Ready,Failed
2502,JOB018,VENDOR_DATA_SYNC,Backup,17,Wednesday,16,13,8,84,3766,77,76,Ready,Success
2503,JOB013,LOG_CLEANUP,Data Transfer,13,Monday,4,3,8,29,448015,41,66,Ready,Success
2504,JOB001,DAILY_SALES,Reporting,19,Tuesday,30,27,8,31,315123,76,36,Not Ready,Failed
2505,JOB002,MONTHLY_PAYROLL,Reporting,17,Thursday,4,1,7,55,464167,94,68,Delayed,Failed
2506,JOB018,VENDOR_DATA_SYNC,Data Transfer,9,Tuesday,14,2,5,46,161813,51,69,Delayed,Success
2507,JOB017,INVOICE_PROCESSING,Reporting,1,Tuesday,14,27,9,112,98520,36,24,Delayed,Failed
2508,JOB010,ORDER_PROCESSING,Backup,21,Friday,19,6,6,75,262389,77,32,Ready,Failed
2509,JOB019,SYSTEM_MONITORING,Data Transfer,0,Tuesday,10,29,1,114,198274,60,82,Ready,Failed
2510,JOB018,VENDOR_DATA_SYNC,Data Processing,3,Saturday,4,22,0,46,405516,41,58,Ready,Success
2511,JOB012,DATABASE_BACKUP,Backup,13,Tuesday,27,13,4,64,233652,61,87,Ready,Success
2512,JOB001,DAILY_SALES,Backup,0,Saturday,0,11,7,76,27360,27,64,Ready,Success
2513,JOB009,STOCK_UPDATE,Backup,13,Wednesday,10,18,2,83,268749,65,36,Not Ready,Failed
2514,JOB013,LOG_CLEANUP,Data Transfer,15,Tuesday,10,28,6,62,100437,67,78,Ready,Success
2515,JOB003,INVENTORY_UPDATE,Data Processing,21,Monday,5,17,4,84,182733,22,78,Not Ready,Success
2516,JOB018,VENDOR_DATA_SYNC,Data Processing,13,Saturday,22,14,9,76,45349,49,27,Not Ready,Failed
2517,JOB009,STOCK_UPDATE,Data Processing,19,Saturday,7,28,7,104,117546,47,49,Delayed,Failed
2518,JOB012,DATABASE_BACKUP,Data Transfer,2,Thursday,30,28,5,100,453175,92,22,Ready,Failed
2519,JOB016,WAREHOUSE_UPDATE,Reporting,2,Wednesday,1,0,5,85,56371,95,36,Delayed,Failed
2520,JOB016,WAREHOUSE_UPDATE,Backup,8,Tuesday,30,24,6,104,389877,44,70,Ready,Failed
2521,JOB019,SYSTEM_MONITORING,Backup,5,Sunday,14,25,6,26,38473,56,43,Ready,Success
2522,JOB018,VENDOR_DATA_SYNC,Reporting,12,Monday,22,2,3,100,121305,70,83,Ready,Success
2523,JOB005,BACKUP_JOB,Data Transfer,20,Thursday,21,24,9,62,103878,58,93,Ready,Success
2524,JOB012,DATABASE_BACKUP,Data Processing,1,Wednesday,8,14,9,15,279438,91,90,Ready,Failed
2525,JOB009,STOCK_UPDATE,Data Transfer,7,Saturday,14,3,9,113,467308,86,68,Ready,Failed
2526,JOB004,DATA_TRANSFER,Reporting,20,Monday,7,14,7,10,267827,20,39,Not Ready,Failed
2527,JOB015,DAILY_ANALYTICS,Synchronization,1,Tuesday,29,9,5,26,389889,57,48,Ready,Failed
2528,JOB009,STOCK_UPDATE,Synchronization,3,Sunday,15,5,7,82,489016,71,29,Ready,Failed
2529,JOB009,STOCK_UPDATE,Reporting,14,Friday,26,12,6,96,101715,82,28,Ready,Failed
2530,JOB014,MASTER_DATA_SYNC,Reporting,3,Friday,13,6,0,107,34076,71,90,Ready,Failed
2531,JOB019,SYSTEM_MONITORING,Data Processing,12,Wednesday,14,25,3,16,499750,79,82,Delayed,Failed
2532,JOB016,WAREHOUSE_UPDATE,Backup,11,Sunday,19,29,6,31,152818,32,52,Ready,Failed
2533,JOB009,STOCK_UPDATE,Data Processing,12,Monday,29,21,8,5,72712,36,43,Not Ready,Success
2534,JOB006,FINANCE_REPORT,Backup,13,Thursday,12,0,1,68,101136,49,51,Delayed,Success
2535,JOB014,MASTER_DATA_SYNC,Data Processing,19,Monday,8,21,4,78,23567,57,23,Ready,Success
2536,JOB018,VENDOR_DATA_SYNC,Data Transfer,17,Sunday,0,10,8,101,79509,30,81,Ready,Failed
2537,JOB007,CUSTOMER_REPORT,Backup,5,Saturday,26,13,8,84,171719,46,41,Ready,Failed
2538,JOB015,DAILY_ANALYTICS,Data Processing,10,Friday,5,5,5,43,279238,57,42,Ready,Success
2539,JOB008,SALES_REPORT,Reporting,1,Wednesday,7,4,6,64,23794,47,45,Ready,Success
2540,JOB010,ORDER_PROCESSING,Data Processing,22,Tuesday,26,18,8,120,265144,45,68,Delayed,Failed
2541,JOB001,DAILY_SALES,Data Transfer,18,Monday,26,25,9,74,140930,52,63,Ready,Success
2542,JOB008,SALES_REPORT,Reporting,18,Friday,19,18,7,58,66287,51,41,Ready,Failed
2543,JOB016,WAREHOUSE_UPDATE,Backup,4,Thursday,17,26,9,29,166524,73,86,Ready,Success
2544,JOB004,DATA_TRANSFER,Reporting,18,Wednesday,26,25,5,118,82120,44,61,Ready,Success
2545,JOB018,VENDOR_DATA_SYNC,Data Processing,1,Tuesday,17,12,5,24,194918,43,71,Not Ready,Success
2546,JOB003,INVENTORY_UPDATE,Data Transfer,9,Monday,25,6,6,40,432601,59,36,Delayed,Failed
2547,JOB019,SYSTEM_MONITORING,Data Processing,1,Thursday,16,7,6,27,7782,46,33,Ready,Success
2548,JOB006,FINANCE_REPORT,Data Processing,10,Tuesday,20,13,1,84,364524,65,83,Delayed,Success
2549,JOB006,FINANCE_REPORT,Synchronization,17,Saturday,15,18,8,5,399332,88,64,Ready,Failed
2550,JOB009,STOCK_UPDATE,Data Transfer,23,Friday,12,18,3,98,304549,88,83,Ready,Failed
2551,JOB001,DAILY_SALES,Reporting,14,Saturday,21,22,9,31,398599,58,49,Ready,Failed
2552,JOB011,EMPLOYEE_DATA_SYNC,Synchronization,8,Friday,3,25,8,56,451392,48,32,Ready,Success
2553,JOB012,DATABASE_BACKUP,Reporting,22,Thursday,3,11,9,6,26657,94,45,Ready,Success
2554,JOB010,ORDER_PROCESSING,Reporting,18,Saturday,20,22,2,116,416386,50,51,Ready,Success
2555,JOB012,DATABASE_BACKUP,Backup,8,Friday,13,26,4,25,407297,84,65,Ready,Failed
2556,JOB001,DAILY_SALES,Backup,2,Wednesday,30,8,4,13,332431,34,70,Ready,Failed
2557,JOB004,DATA_TRANSFER,Data Transfer,20,Thursday,4,13,6,115,47620,93,53,Ready,Success
2558,JOB005,BACKUP_JOB,Data Transfer,8,Friday,15,5,3,92,132016,28,95,Ready,Failed
2559,JOB003,INVENTORY_UPDATE,Data Processing,13,Monday,13,14,3,52,98361,32,47,Ready,Success
2560,JOB011,EMPLOYEE_DATA_SYNC,Data Transfer,18,Friday,29,12,0,109,374510,64,38,Ready,Failed
2561,JOB001,DAILY_SALES,Data Transfer,6,Saturday,13,6,5,43,270929,25,67,Ready,Success
2562,JOB008,SALES_REPORT,Backup,15,Wednesday,13,10,3,46,13564,63,91,Delayed,Failed
2563,JOB002,MONTHLY_PAYROLL,Synchronization,15,Tuesday,24,9,9,75,23479,21,53,Ready,Success
2564,JOB011,EMPLOYEE_DATA_SYNC,Backup,0,Tuesday,23,0,9,98,391082,48,35,Not Ready,Failed
2565,JOB004,DATA_TRANSFER,Data Transfer,3,Friday,24,6,4,49,189255,67,90,Ready,Failed
2566,JOB012,DATABASE_BACKUP,Data Processing,3,Tuesday,28,17,8,6,231921,31,46,Ready,Success
2567,JOB004,DATA_TRANSFER,Data Processing,6,Friday,13,22,3,80,209445,86,70,Ready,Failed
2568,JOB006,FINANCE_REPORT,Data Processing,7,Wednesday,18,2,0,81,235207,69,73,Ready,Failed
2569,JOB006,FINANCE_REPORT,Backup,16,Tuesday,29,8,8,71,209007,30,36,Delayed,Failed
2570,JOB014,MASTER_DATA_SYNC,Data Processing,4,Saturday,2,28,4,47,421575,24,91,Not Ready,Failed
2571,JOB001,DAILY_SALES,Data Transfer,6,Saturday,16,4,9,108,353369,64,87,Delayed,Failed
2572,JOB009,STOCK_UPDATE,Backup,19,Monday,13,22,6,111,485099,93,20,Ready,Success
2573,JOB003,INVENTORY_UPDATE,Data Transfer,19,Friday,9,23,2,22,408708,66,33,Ready,Success
2574,JOB020,ARCHIVE_JOB,Synchronization,3,Tuesday,12,12,3,43,219507,25,26,Ready,Success
2575,JOB001,DAILY_SALES,Data Transfer,5,Saturday,21,15,9,112,411612,88,83,Ready,Failed
2576,JOB018,VENDOR_DATA_SYNC,Synchronization,6,Sunday,3,15,8,10,385228,82,91,Ready,Failed
2577,JOB006,FINANCE_REPORT,Synchronization,17,Wednesday,10,11,9,46,291403,86,27,Ready,Failed
2578,JOB007,CUSTOMER_REPORT,Reporting,4,Wednesday,14,17,0,56,326886,66,73,Delayed,Failed
2579,JOB015,DAILY_ANALYTICS,Reporting,19,Sunday,14,10,4,31,454810,53,43,Ready,Success
2580,JOB002,MONTHLY_PAYROLL,Data Transfer,2,Sunday,29,16,7,83,467706,31,74,Delayed,Failed
2581,JOB003,INVENTORY_UPDATE,Synchronization,6,Monday,23,6,9,120,190668,46,20,Ready,Success
2582,JOB012,DATABASE_BACKUP,Backup,21,Wednesday,1,14,6,19,41302,88,91,Ready,Success
2583,JOB017,INVOICE_PROCESSING,Backup,13,Wednesday,10,5,3,23,389126,87,88,Ready,Success
2584,JOB015,DAILY_ANALYTICS,Data Processing,6,Tuesday,1,5,6,66,119891,47,51,Ready,Success
2585,JOB001,DAILY_SALES,Data Processing,4,Friday,22,17,0,68,316673,90,20,Not Ready,Failed
2586,JOB014,MASTER_DATA_SYNC,Backup,21,Thursday,28,18,5,106,134740,64,85,Ready,Failed
2587,JOB013,LOG_CLEANUP,Reporting,4,Wednesday,30,19,8,55,286061,21,61,Delayed,Success
2588,JOB013,LOG_CLEANUP,Synchronization,22,Wednesday,4,18,2,51,426500,28,28,Ready,Success
2589,JOB013,LOG_CLEANUP,Data Transfer,1,Thursday,12,1,3,61,93688,50,95,Delayed,Failed
2590,JOB007,CUSTOMER_REPORT,Backup,20,Wednesday,0,2,7,24,177122,55,93,Delayed,Failed
2591,JOB004,DATA_TRANSFER,Backup,21,Tuesday,6,13,4,24,420219,34,43,Ready,Failed
2592,JOB004,DATA_TRANSFER,Reporting,5,Tuesday,6,21,4,86,364689,81,38,Ready,Success
2593,JOB013,LOG_CLEANUP,Data Processing,14,Thursday,9,24,0,68,67413,50,70,Delayed,Failed
2594,JOB012,DATABASE_BACKUP,Synchronization,20,Saturday,5,3,5,102,379030,46,21,Not Ready,Failed
2595,JOB001,DAILY_SALES,Data Transfer,9,Wednesday,19,21,1,107,147505,21,29,Delayed,Success
2596,JOB012,DATABASE_BACKUP,Reporting,22,Saturday,11,16,0,105,34221,92,88,Not Ready,Failed
2597,JOB017,INVOICE_PROCESSING,Data Processing,23,Wednesday,12,27,5,103,185828,62,25,Delayed,Failed
2598,JOB017,INVOICE_PROCESSING,Data Transfer,6,Friday,23,5,4,42,223447,20,81,Delayed,Failed
2599,JOB002,MONTHLY_PAYROLL,Data Transfer,4,Wednesday,27,27,4,42,117831,28,85,Not Ready,Failed
2600,JOB007,CUSTOMER_REPORT,Reporting,0,Tuesday,10,18,8,69,373225,79,27,Ready,Success
2601,JOB010,ORDER_PROCESSING,Data Transfer,12,Monday,17,8,9,119,171185,21,87,Delayed,Failed
2602,JOB007,CUSTOMER_REPORT,Data Processing,20,Sunday,1,3,9,80,106508,77,78,Ready,Success
2603,JOB011,EMPLOYEE_DATA_SYNC,Backup,17,Monday,15,6,2,9,144450,84,69,Ready,Success
2604,JOB004,DATA_TRANSFER,Data Processing,12,Monday,1,3,0,68,193744,31,55,Delayed,Success
2605,JOB003,INVENTORY_UPDATE,Reporting,20,Monday,18,10,7,31,145018,74,27,Not Ready,Failed
2606,JOB002,MONTHLY_PAYROLL,Data Transfer,20,Sunday,5,21,4,107,446426,29,36,Ready,Failed
2607,JOB004,DATA_TRANSFER,Backup,17,Saturday,0,29,4,24,184080,84,78,Ready,Success
2608,JOB017,INVOICE_PROCESSING,Synchronization,4,Sunday,10,22,7,64,10103,84,27,Delayed,Failed
2609,JOB020,ARCHIVE_JOB,Data Processing,12,Saturday,17,1,7,44,113892,80,62,Ready,Failed
2610,JOB004,DATA_TRANSFER,Synchronization,3,Sunday,9,9,1,87,459098,94,82,Ready,Failed
2611,JOB019,SYSTEM_MONITORING,Reporting,16,Sunday,30,5,2,106,92579,88,31,Ready,Failed
2612,JOB010,ORDER_PROCESSING,Reporting,2,Wednesday,17,7,9,83,132512,54,75,Not Ready,Failed
2613,JOB016,WAREHOUSE_UPDATE,Synchronization,16,Saturday,29,14,9,10,362443,30,68,Ready,Failed
2614,JOB009,STOCK_UPDATE,Backup,10,Wednesday,27,12,0,77,68647,87,71,Ready,Success
2615,JOB010,ORDER_PROCESSING,Data Transfer,20,Friday,0,28,2,40,300012,57,30,Ready,Success
2616,JOB009,STOCK_UPDATE,Synchronization,19,Wednesday,18,27,3,116,242297,58,46,Ready,Success
2617,JOB015,DAILY_ANALYTICS,Backup,22,Monday,15,21,6,91,39983,40,81,Ready,Success
2618,JOB013,LOG_CLEANUP,Data Transfer,20,Thursday,25,1,8,78,299380,55,28,Ready,Success
2619,JOB016,WAREHOUSE_UPDATE,Synchronization,3,Thursday,6,19,4,69,374352,91,55,Not Ready,Failed
2620,JOB015,DAILY_ANALYTICS,Synchronization,1,Tuesday,14,0,0,15,40241,39,65,Ready,Success
2621,JOB004,DATA_TRANSFER,Reporting,19,Tuesday,28,14,1,53,410123,62,48,Ready,Failed
2622,JOB003,INVENTORY_UPDATE,Reporting,15,Wednesday,0,6,9,118,284794,40,87,Ready,Failed
2623,JOB001,DAILY_SALES,Data Processing,17,Sunday,22,23,1,88,393606,54,60,Delayed,Success
2624,JOB004,DATA_TRANSFER,Data Transfer,7,Sunday,20,25,8,32,406247,83,47,Ready,Failed
2625,JOB003,INVENTORY_UPDATE,Data Transfer,2,Thursday,8,17,9,26,49867,51,83,Ready,Success
2626,JOB015,DAILY_ANALYTICS,Data Transfer,8,Monday,1,9,6,88,56644,55,43,Ready,Failed
2627,JOB016,WAREHOUSE_UPDATE,Backup,19,Saturday,16,14,1,51,5460,88,35,Delayed,Failed
2628,JOB007,CUSTOMER_REPORT,Synchronization,5,Monday,24,4,0,106,487166,71,41,Ready,Success
2629,JOB016,WAREHOUSE_UPDATE,Data Processing,9,Monday,23,26,4,84,32135,23,66,Ready,Failed
2630,JOB018,VENDOR_DATA_SYNC,Data Transfer,20,Wednesday,9,23,0,70,95832,26,36,Not Ready,Success
2631,JOB012,DATABASE_BACKUP,Data Processing,9,Wednesday,5,10,8,29,374242,90,20,Delayed,Failed
2632,JOB008,SALES_REPORT,Backup,12,Friday,30,7,2,95,271858,43,50,Ready,Success
2633,JOB011,EMPLOYEE_DATA_SYNC,Reporting,16,Monday,4,20,1,71,419497,40,31,Delayed,Success
2634,JOB010,ORDER_PROCESSING,Data Processing,8,Sunday,7,7,5,91,461511,76,39,Ready,Success
2635,JOB004,DATA_TRANSFER,Synchronization,16,Sunday,7,29,2,36,328929,92,38,Ready,Success
2636,JOB004,DATA_TRANSFER,Backup,23,Monday,29,5,4,21,448364,38,24,Ready,Failed
2637,JOB015,DAILY_ANALYTICS,Backup,8,Wednesday,4,14,9,44,169184,47,34,Delayed,Failed
2638,JOB004,DATA_TRANSFER,Data Processing,8,Wednesday,11,14,7,88,190790,51,44,Ready,Success
2639,JOB017,INVOICE_PROCESSING,Data Transfer,0,Friday,6,4,9,34,474941,53,54,Ready,Success
2640,JOB014,MASTER_DATA_SYNC,Backup,1,Friday,12,12,1,63,7591,35,74,Ready,Success
2641,JOB006,FINANCE_REPORT,Reporting,15,Tuesday,12,13,4,32,27402,57,82,Delayed,Failed
2642,JOB003,INVENTORY_UPDATE,Backup,0,Thursday,16,10,7,51,371770,94,66,Delayed,Failed
2643,JOB014,MASTER_DATA_SYNC,Synchronization,9,Monday,3,19,0,113,74244,23,86,Ready,Success
2644,JOB005,BACKUP_JOB,Reporting,17,Sunday,17,20,9,27,176510,75,83,Not Ready,Failed
2645,JOB008,SALES_REPORT,Data Processing,7,Monday,9,11,9,87,269626,59,41,Ready,Failed
2646,JOB020,ARCHIVE_JOB,Data Transfer,20,Friday,2,19,3,61,223287,69,88,Ready,Failed
2647,JOB009,STOCK_UPDATE,Reporting,10,Friday,11,0,4,93,351302,59,93,Not Ready,Failed
2648,JOB005,BACKUP_JOB,Data Processing,22,Tuesday,0,2,9,92,130935,68,21,Ready,Success
2649,JOB017,INVOICE_PROCESSING,Reporting,1,Thursday,26,7,2,5,45953,67,44,Ready,Success
2650,JOB006,FINANCE_REPORT,Data Transfer,7,Tuesday,10,22,1,96,468202,25,80,Ready,Success
2651,JOB018,VENDOR_DATA_SYNC,Synchronization,21,Sunday,17,11,2,33,488545,24,24,Ready,Failed
2652,JOB019,SYSTEM_MONITORING,Backup,7,Thursday,12,14,4,112,206947,64,47,Ready,Success
2653,JOB020,ARCHIVE_JOB,Backup,16,Saturday,16,22,6,118,425470,35,85,Ready,Success
2654,JOB016,WAREHOUSE_UPDATE,Data Transfer,14,Monday,7,26,1,54,122784,36,34,Not Ready,Success
2655,JOB007,CUSTOMER_REPORT,Data Transfer,16,Tuesday,19,2,6,68,362352,78,74,Delayed,Failed
2656,JOB010,ORDER_PROCESSING,Reporting,22,Friday,18,24,5,103,22426,75,57,Ready,Success
2657,JOB016,WAREHOUSE_UPDATE,Backup,23,Tuesday,16,21,6,118,450824,54,42,Ready,Failed
2658,JOB018,VENDOR_DATA_SYNC,Backup,12,Saturday,1,7,6,85,246197,27,33,Not Ready,Failed
2659,JOB017,INVOICE_PROCESSING,Data Transfer,18,Tuesday,2,23,8,79,85059,80,51,Ready,Failed
2660,JOB020,ARCHIVE_JOB,Data Processing,4,Monday,2,18,6,41,399359,46,63,Ready,Failed
2661,JOB006,FINANCE_REPORT,Data Processing,11,Saturday,5,19,5,65,217170,39,89,Ready,Failed
2662,JOB019,SYSTEM_MONITORING,Synchronization,0,Friday,9,29,9,11,394009,76,77,Ready,Failed
2663,JOB002,MONTHLY_PAYROLL,Data Transfer,22,Friday,23,5,7,94,332827,89,23,Ready,Failed
2664,JOB019,SYSTEM_MONITORING,Synchronization,4,Wednesday,21,17,6,91,442030,42,81,Ready,Failed
2665,JOB020,ARCHIVE_JOB,Data Transfer,7,Saturday,17,27,5,68,218381,95,79,Delayed,Failed
2666,JOB016,WAREHOUSE_UPDATE,Data Transfer,12,Wednesday,17,27,3,22,331027,21,94,Delayed,Failed
2667,JOB012,DATABASE_BACKUP,Data Transfer,7,Wednesday,13,10,6,33,48448,46,78,Not Ready,Failed
2668,JOB011,EMPLOYEE_DATA_SYNC,Backup,22,Monday,15,11,7,107,55653,51,94,Delayed,Failed
2669,JOB012,DATABASE_BACKUP,Backup,10,Tuesday,6,22,7,118,477727,69,48,Ready,Failed
2670,JOB002,MONTHLY_PAYROLL,Synchronization,0,Friday,0,1,3,102,445609,83,38,Ready,Success
2671,JOB006,FINANCE_REPORT,Reporting,12,Friday,16,26,9,64,414228,59,36,Delayed,Failed
2672,JOB012,DATABASE_BACKUP,Reporting,18,Tuesday,22,4,8,106,179611,52,23,Delayed,Failed
2673,JOB002,MONTHLY_PAYROLL,Reporting,23,Friday,24,27,2,58,15720,48,63,Ready,Success
2674,JOB001,DAILY_SALES,Synchronization,2,Tuesday,4,3,8,76,26430,52,23,Ready,Success
2675,JOB013,LOG_CLEANUP,Synchronization,23,Saturday,26,8,2,25,231126,36,78,Ready,Success
2676,JOB020,ARCHIVE_JOB,Data Transfer,16,Monday,0,12,6,25,145755,93,31,Ready,Failed
2677,JOB013,LOG_CLEANUP,Synchronization,4,Monday,20,12,3,62,58063,84,66,Delayed,Failed
2678,JOB018,VENDOR_DATA_SYNC,Backup,19,Sunday,26,14,4,53,390073,62,26,Ready,Failed
2679,JOB020,ARCHIVE_JOB,Synchronization,20,Monday,16,1,2,40,355623,82,31,Delayed,Success
2680,JOB020,ARCHIVE_JOB,Data Processing,7,Tuesday,9,22,1,21,435414,77,90,Ready,Failed
2681,JOB015,DAILY_ANALYTICS,Data Transfer,13,Sunday,30,12,7,84,269679,62,73,Ready,Success
2682,JOB012,DATABASE_BACKUP,Backup,3,Tuesday,11,6,6,57,359369,56,77,Delayed,Success
2683,JOB011,EMPLOYEE_DATA_SYNC,Reporting,10,Thursday,24,22,6,19,64402,65,82,Not Ready,Failed
2684,JOB013,LOG_CLEANUP,Data Processing,19,Sunday,19,16,7,83,478831,44,34,Ready,Failed
2685,JOB005,BACKUP_JOB,Synchronization,14,Friday,24,7,0,44,262404,86,56,Ready,Failed
2686,JOB011,EMPLOYEE_DATA_SYNC,Data Processing,18,Friday,1,17,7,85,7156,70,75,Not Ready,Failed
2687,JOB017,INVOICE_PROCESSING,Reporting,6,Thursday,22,14,9,55,65896,93,92,Ready,Failed
2688,JOB019,SYSTEM_MONITORING,Data Transfer,18,Thursday,15,14,4,69,169476,57,50,Not Ready,Success
2689,JOB008,SALES_REPORT,Data Transfer,18,Monday,14,4,7,17,343705,57,34,Ready,Failed
2690,JOB004,DATA_TRANSFER,Data Transfer,10,Thursday,27,1,8,42,174348,20,21,Ready,Success
2691,JOB016,WAREHOUSE_UPDATE,Data Processing,4,Tuesday,12,15,1,78,281832,73,32,Ready,Success
2692,JOB014,MASTER_DATA_SYNC,Backup,4,Wednesday,17,28,2,101,394323,84,24,Ready,Failed
2693,JOB001,DAILY_SALES,Synchronization,21,Tuesday,27,4,5,30,166444,41,67,Ready,Success
2694,JOB006,FINANCE_REPORT,Reporting,7,Sunday,19,22,8,80,314204,80,52,Ready,Failed
2695,JOB018,VENDOR_DATA_SYNC,Data Processing,9,Thursday,21,5,9,87,66199,77,51,Ready,Success
2696,JOB020,ARCHIVE_JOB,Reporting,5,Friday,13,28,9,19,380062,73,72,Delayed,Failed
2697,JOB012,DATABASE_BACKUP,Data Processing,14,Tuesday,17,11,7,9,205529,38,40,Delayed,Failed
2698,JOB008,SALES_REPORT,Synchronization,15,Friday,1,4,5,6,127657,89,85,Delayed,Failed
2699,JOB008,SALES_REPORT,Data Processing,16,Tuesday,1,19,4,119,25942,53,80,Ready,Failed
2700,JOB019,SYSTEM_MONITORING,Data Transfer,7,Friday,2,7,2,82,155619,63,73,Ready,Failed
2701,JOB014,MASTER_DATA_SYNC,Data Processing,7,Saturday,4,10,3,97,390950,86,94,Delayed,Failed
2702,JOB005,BACKUP_JOB,Data Processing,8,Tuesday,24,13,6,109,188925,71,60,Delayed,Success
2703,JOB001,DAILY_SALES,Synchronization,1,Sunday,15,23,6,69,421701,41,57,Ready,Success
2704,JOB020,ARCHIVE_JOB,Data Transfer,14,Friday,21,16,2,81,315890,48,52,Ready,Success
2705,JOB003,INVENTORY_UPDATE,Synchronization,17,Wednesday,30,9,3,117,229636,33,27,Ready,Success
2706,JOB006,FINANCE_REPORT,Reporting,2,Sunday,14,1,2,64,266065,81,55,Ready,Failed
2707,JOB011,EMPLOYEE_DATA_SYNC,Data Processing,16,Monday,11,2,1,100,65770,34,52,Ready,Failed
2708,JOB010,ORDER_PROCESSING,Synchronization,3,Tuesday,29,12,5,102,95380,33,48,Delayed,Failed
2709,JOB008,SALES_REPORT,Backup,3,Wednesday,8,16,6,60,2740,86,76,Ready,Failed
2710,JOB009,STOCK_UPDATE,Backup,13,Monday,25,26,3,82,212703,41,91,Ready,Success
2711,JOB007,CUSTOMER_REPORT,Backup,8,Tuesday,30,2,4,120,200426,26,80,Ready,Failed
2712,JOB011,EMPLOYEE_DATA_SYNC,Synchronization,8,Wednesday,13,9,7,42,215345,26,74,Delayed,Success
2713,JOB003,INVENTORY_UPDATE,Data Processing,22,Wednesday,28,27,8,61,452011,36,71,Ready,Failed
2714,JOB005,BACKUP_JOB,Backup,17,Sunday,20,7,6,106,262901,51,62,Ready,Failed
2715,JOB001,DAILY_SALES,Data Transfer,9,Saturday,15,3,9,118,138212,75,45,Ready,Success
2716,JOB014,MASTER_DATA_SYNC,Backup,20,Wednesday,10,12,0,55,259518,81,21,Delayed,Success
2717,JOB014,MASTER_DATA_SYNC,Backup,3,Saturday,5,28,2,45,260152,77,74,Ready,Success
2718,JOB018,VENDOR_DATA_SYNC,Data Processing,11,Thursday,9,6,4,83,447784,77,37,Ready,Failed
2719,JOB004,DATA_TRANSFER,Backup,7,Sunday,27,6,2,107,325024,22,69,Ready,Failed
2720,JOB019,SYSTEM_MONITORING,Backup,1,Friday,7,15,0,74,109942,20,64,Ready,Success
2721,JOB015,DAILY_ANALYTICS,Data Processing,21,Sunday,15,26,1,97,224419,86,34,Ready,Failed
2722,JOB020,ARCHIVE_JOB,Backup,12,Monday,2,4,7,105,323997,39,26,Delayed,Failed
2723,JOB016,WAREHOUSE_UPDATE,Synchronization,20,Friday,1,27,6,87,26460,81,46,Ready,Failed
2724,JOB007,CUSTOMER_REPORT,Data Transfer,15,Friday,15,16,9,56,498537,75,59,Delayed,Failed
2725,JOB016,WAREHOUSE_UPDATE,Synchronization,1,Saturday,18,9,2,5,270137,72,36,Ready,Failed
2726,JOB020,ARCHIVE_JOB,Backup,10,Friday,29,3,3,89,127399,84,51,Ready,Failed
2727,JOB009,STOCK_UPDATE,Data Transfer,9,Wednesday,8,22,2,107,444110,75,35,Ready,Success
2728,JOB007,CUSTOMER_REPORT,Reporting,14,Saturday,15,13,3,22,55741,64,82,Ready,Failed
2729,JOB002,MONTHLY_PAYROLL,Data Transfer,16,Friday,30,4,7,31,475651,37,79,Ready,Success
2730,JOB010,ORDER_PROCESSING,Data Processing,7,Saturday,21,1,8,96,270149,67,71,Delayed,Failed
2731,JOB013,LOG_CLEANUP,Data Transfer,17,Thursday,25,13,6,76,205236,57,68,Delayed,Failed
2732,JOB004,DATA_TRANSFER,Synchronization,22,Saturday,27,23,8,99,420831,41,68,Ready,Success
2733,JOB004,DATA_TRANSFER,Data Processing,8,Tuesday,3,17,8,80,151018,94,45,Ready,Success
2734,JOB019,SYSTEM_MONITORING,Synchronization,7,Wednesday,9,26,6,46,51412,90,70,Ready,Success
2735,JOB017,INVOICE_PROCESSING,Synchronization,13,Monday,18,23,6,10,472220,92,62,Ready,Failed
2736,JOB014,MASTER_DATA_SYNC,Reporting,17,Tuesday,12,28,7,94,456065,20,89,Not Ready,Failed
2737,JOB005,BACKUP_JOB,Backup,21,Tuesday,17,10,9,84,81387,61,90,Delayed,Failed
2738,JOB009,STOCK_UPDATE,Reporting,19,Tuesday,14,15,2,98,145271,91,28,Ready,Failed
2739,JOB014,MASTER_DATA_SYNC,Backup,19,Friday,29,17,7,87,360259,94,63,Delayed,Failed
2740,JOB007,CUSTOMER_REPORT,Synchronization,20,Saturday,3,26,0,86,385071,88,83,Ready,Failed
2741,JOB014,MASTER_DATA_SYNC,Data Transfer,11,Saturday,8,15,5,28,425117,48,21,Delayed,Success
2742,JOB001,DAILY_SALES,Backup,18,Sunday,3,20,1,49,474191,25,55,Not Ready,Failed
2743,JOB012,DATABASE_BACKUP,Reporting,13,Friday,28,3,6,88,24823,75,22,Ready,Failed
2744,JOB020,ARCHIVE_JOB,Data Processing,16,Wednesday,15,0,2,75,265478,31,73,Ready,Success
2745,JOB004,DATA_TRANSFER,Reporting,23,Friday,27,13,9,11,105534,58,40,Not Ready,Failed
2746,JOB020,ARCHIVE_JOB,Synchronization,20,Friday,20,11,4,20,386409,90,86,Ready,Failed
2747,JOB006,FINANCE_REPORT,Synchronization,2,Friday,14,23,9,62,49200,31,28,Ready,Success
2748,JOB001,DAILY_SALES,Reporting,22,Wednesday,23,9,1,61,67138,52,31,Ready,Success
2749,JOB020,ARCHIVE_JOB,Reporting,6,Sunday,1,27,0,46,328340,72,91,Delayed,Failed
2750,JOB011,EMPLOYEE_DATA_SYNC,Data Processing,16,Wednesday,27,18,4,115,311581,38,56,Ready,Success
2751,JOB012,DATABASE_BACKUP,Backup,11,Thursday,26,28,8,18,147106,77,56,Ready,Success
2752,JOB013,LOG_CLEANUP,Synchronization,8,Sunday,13,3,8,60,378274,62,86,Delayed,Failed
2753,JOB018,VENDOR_DATA_SYNC,Backup,14,Thursday,2,19,6,16,424829,92,75,Not Ready,Failed
2754,JOB014,MASTER_DATA_SYNC,Synchronization,17,Thursday,21,20,8,97,479443,64,82,Ready,Failed
2755,JOB018,VENDOR_DATA_SYNC,Synchronization,20,Thursday,27,2,3,19,238217,38,45,Ready,Success
2756,JOB005,BACKUP_JOB,Reporting,12,Saturday,22,24,2,12,77360,56,65,Delayed,Success
2757,JOB007,CUSTOMER_REPORT,Reporting,20,Tuesday,3,3,3,107,334536,30,72,Ready,Success
2758,JOB020,ARCHIVE_JOB,Data Transfer,7,Tuesday,29,29,6,62,144231,75,79,Delayed,Success
2759,JOB020,ARCHIVE_JOB,Reporting,13,Thursday,30,25,7,57,282829,44,51,Ready,Success
2760,JOB002,MONTHLY_PAYROLL,Data Transfer,7,Thursday,0,14,1,13,134373,88,81,Ready,Success
2761,JOB018,VENDOR_DATA_SYNC,Synchronization,13,Monday,22,10,4,50,417695,64,66,Not Ready,Failed
2762,JOB014,MASTER_DATA_SYNC,Data Processing,6,Tuesday,27,15,4,96,189065,81,80,Ready,Failed
2763,JOB015,DAILY_ANALYTICS,Backup,22,Monday,8,26,8,95,382282,33,23,Ready,Failed
2764,JOB004,DATA_TRANSFER,Backup,11,Sunday,16,3,2,11,15073,53,21,Not Ready,Failed
2765,JOB018,VENDOR_DATA_SYNC,Data Processing,10,Monday,13,5,5,48,266710,79,42,Ready,Success
2766,JOB002,MONTHLY_PAYROLL,Data Processing,21,Friday,16,7,9,18,23937,83,74,Ready,Success
2767,JOB004,DATA_TRANSFER,Reporting,21,Saturday,0,12,4,79,344238,89,60,Ready,Failed
2768,JOB015,DAILY_ANALYTICS,Synchronization,10,Sunday,9,22,1,100,52628,70,87,Delayed,Success
2769,JOB012,DATABASE_BACKUP,Backup,21,Wednesday,22,19,1,119,459479,61,56,Delayed,Failed
2770,JOB019,SYSTEM_MONITORING,Data Processing,12,Tuesday,15,3,3,96,211668,40,30,Ready,Success
2771,JOB010,ORDER_PROCESSING,Synchronization,17,Thursday,26,4,3,10,456130,24,55,Ready,Failed
2772,JOB004,DATA_TRANSFER,Backup,1,Sunday,24,9,6,39,327219,85,34,Ready,Success
2773,JOB010,ORDER_PROCESSING,Synchronization,20,Thursday,18,4,0,74,8120,89,86,Delayed,Failed
2774,JOB003,INVENTORY_UPDATE,Data Transfer,14,Wednesday,23,11,5,65,32636,80,49,Ready,Failed
2775,JOB017,INVOICE_PROCESSING,Backup,19,Sunday,24,0,8,28,381842,27,76,Not Ready,Failed
2776,JOB012,DATABASE_BACKUP,Data Transfer,17,Tuesday,2,28,1,77,281917,85,81,Ready,Failed
2777,JOB012,DATABASE_BACKUP,Synchronization,14,Sunday,27,23,4,6,392641,81,52,Ready,Failed
2778,JOB004,DATA_TRANSFER,Reporting,18,Thursday,11,9,9,106,150286,39,84,Ready,Failed
2779,JOB007,CUSTOMER_REPORT,Data Processing,22,Thursday,2,28,9,82,367988,23,20,Ready,Failed
2780,JOB002,MONTHLY_PAYROLL,Data Transfer,23,Friday,14,4,3,55,349137,34,22,Ready,Success
2781,JOB010,ORDER_PROCESSING,Reporting,11,Monday,16,18,3,35,498065,75,28,Ready,Success
2782,JOB002,MONTHLY_PAYROLL,Backup,12,Sunday,17,18,7,98,325652,39,51,Ready,Failed
2783,JOB006,FINANCE_REPORT,Data Processing,21,Thursday,6,19,5,31,356670,43,64,Ready,Failed
2784,JOB005,BACKUP_JOB,Synchronization,10,Saturday,18,11,6,104,458394,28,76,Ready,Failed
2785,JOB020,ARCHIVE_JOB,Data Processing,4,Tuesday,6,22,8,114,284357,40,40,Ready,Success
2786,JOB006,FINANCE_REPORT,Reporting,0,Saturday,4,15,2,35,369502,60,42,Delayed,Failed
2787,JOB011,EMPLOYEE_DATA_SYNC,Reporting,23,Wednesday,25,4,1,110,292856,32,45,Ready,Success
2788,JOB004,DATA_TRANSFER,Backup,2,Sunday,7,16,2,74,435771,24,91,Ready,Success
2789,JOB009,STOCK_UPDATE,Synchronization,21,Friday,20,13,7,47,58534,83,49,Delayed,Failed
2790,JOB001,DAILY_SALES,Backup,18,Tuesday,15,11,8,113,463214,65,88,Ready,Failed
2791,JOB010,ORDER_PROCESSING,Synchronization,22,Friday,15,12,9,86,459166,90,43,Ready,Failed
2792,JOB019,SYSTEM_MONITORING,Backup,6,Monday,18,20,4,56,410072,89,93,Not Ready,Failed
2793,JOB017,INVOICE_PROCESSING,Data Processing,11,Thursday,24,13,7,18,56070,78,83,Delayed,Failed
2794,JOB005,BACKUP_JOB,Synchronization,14,Tuesday,14,4,6,63,472133,95,54,Ready,Failed
2795,JOB011,EMPLOYEE_DATA_SYNC,Synchronization,4,Wednesday,6,21,8,24,190534,70,41,Ready,Failed
2796,JOB019,SYSTEM_MONITORING,Synchronization,14,Sunday,4,29,3,56,21151,35,58,Ready,Success
2797,JOB001,DAILY_SALES,Backup,7,Monday,22,22,9,79,84025,70,74,Ready,Failed
2798,JOB016,WAREHOUSE_UPDATE,Backup,9,Monday,10,4,2,105,243003,61,26,Ready,Success
2799,JOB002,MONTHLY_PAYROLL,Backup,15,Friday,9,28,8,44,331535,30,81,Ready,Success
2800,JOB002,MONTHLY_PAYROLL,Reporting,7,Monday,24,26,7,72,466255,87,58,Delayed,Failed
2801,JOB011,EMPLOYEE_DATA_SYNC,Data Processing,0,Tuesday,20,29,6,48,474076,71,39,Ready,Success
2802,JOB017,INVOICE_PROCESSING,Backup,11,Friday,22,17,0,10,85079,92,75,Delayed,Success
2803,JOB016,WAREHOUSE_UPDATE,Data Processing,4,Monday,26,13,1,91,496918,29,85,Ready,Success
2804,JOB013,LOG_CLEANUP,Data Transfer,2,Sunday,8,17,8,61,146201,91,34,Ready,Failed
2805,JOB007,CUSTOMER_REPORT,Backup,0,Wednesday,0,28,4,62,310142,82,93,Ready,Failed
2806,JOB018,VENDOR_DATA_SYNC,Synchronization,3,Sunday,19,19,0,76,283674,55,40,Delayed,Success
2807,JOB017,INVOICE_PROCESSING,Synchronization,7,Saturday,0,0,8,34,157453,64,53,Ready,Success
2808,JOB015,DAILY_ANALYTICS,Data Transfer,2,Tuesday,7,6,0,104,465776,25,54,Ready,Success
2809,JOB011,EMPLOYEE_DATA_SYNC,Backup,9,Wednesday,2,28,7,56,239268,25,24,Ready,Success
2810,JOB009,STOCK_UPDATE,Synchronization,1,Wednesday,1,16,4,110,103095,85,75,Not Ready,Failed
2811,JOB014,MASTER_DATA_SYNC,Synchronization,10,Friday,29,2,5,15,235132,92,26,Ready,Failed
2812,JOB011,EMPLOYEE_DATA_SYNC,Data Transfer,9,Thursday,3,9,0,51,305904,83,72,Ready,Success
2813,JOB006,FINANCE_REPORT,Synchronization,20,Friday,26,6,1,9,150363,57,63,Ready,Success
2814,JOB006,FINANCE_REPORT,Data Processing,13,Tuesday,18,26,6,7,473344,88,77,Ready,Failed
2815,JOB014,MASTER_DATA_SYNC,Data Processing,6,Tuesday,10,27,1,19,428120,80,61,Ready,Success
2816,JOB003,INVENTORY_UPDATE,Reporting,1,Friday,4,11,4,6,283659,93,37,Ready,Success
2817,JOB019,SYSTEM_MONITORING,Reporting,8,Thursday,30,21,8,6,263766,82,25,Delayed,Failed
2818,JOB009,STOCK_UPDATE,Backup,15,Sunday,28,14,4,76,130706,90,23,Ready,Failed
2819,JOB015,DAILY_ANALYTICS,Reporting,12,Friday,23,22,2,58,8245,39,88,Ready,Success
2820,JOB010,ORDER_PROCESSING,Synchronization,8,Tuesday,9,20,5,50,249656,94,33,Ready,Success
2821,JOB006,FINANCE_REPORT,Synchronization,19,Thursday,23,15,6,98,350723,83,60,Ready,Failed
2822,JOB012,DATABASE_BACKUP,Backup,3,Tuesday,26,7,9,45,81831,56,66,Ready,Success
2823,JOB015,DAILY_ANALYTICS,Reporting,21,Thursday,22,5,9,73,64532,55,72,Ready,Failed
2824,JOB008,SALES_REPORT,Reporting,9,Thursday,7,27,7,34,104272,29,40,Ready,Success
2825,JOB011,EMPLOYEE_DATA_SYNC,Synchronization,21,Friday,12,3,2,48,196511,53,32,Ready,Success
2826,JOB016,WAREHOUSE_UPDATE,Data Processing,11,Friday,28,29,3,14,39191,64,85,Ready,Success
2827,JOB019,SYSTEM_MONITORING,Reporting,16,Friday,4,10,9,101,330095,82,34,Ready,Success
2828,JOB003,INVENTORY_UPDATE,Data Transfer,13,Thursday,25,16,3,92,368245,32,64,Ready,Success
2829,JOB018,VENDOR_DATA_SYNC,Synchronization,13,Thursday,25,1,1,87,216054,44,84,Ready,Failed
2830,JOB008,SALES_REPORT,Backup,1,Tuesday,26,27,6,34,249447,63,65,Ready,Success
2831,JOB010,ORDER_PROCESSING,Reporting,20,Wednesday,11,5,3,93,365710,93,22,Ready,Success
2832,JOB005,BACKUP_JOB,Data Processing,19,Friday,26,3,3,79,363136,43,36,Ready,Success
2833,JOB014,MASTER_DATA_SYNC,Synchronization,10,Saturday,12,2,7,53,267302,88,36,Ready,Success
2834,JOB008,SALES_REPORT,Reporting,15,Tuesday,21,6,5,39,287266,93,39,Ready,Failed
2835,JOB001,DAILY_SALES,Data Processing,18,Tuesday,7,6,5,69,369842,66,23,Delayed,Failed
2836,JOB013,LOG_CLEANUP,Data Processing,22,Monday,14,15,8,21,227460,69,94,Ready,Failed
2837,JOB017,INVOICE_PROCESSING,Synchronization,5,Friday,12,1,3,35,59882,55,34,Delayed,Failed
2838,JOB016,WAREHOUSE_UPDATE,Reporting,23,Sunday,0,7,8,74,377358,52,76,Ready,Failed
2839,JOB017,INVOICE_PROCESSING,Backup,18,Tuesday,21,14,0,81,359677,22,64,Ready,Success
2840,JOB008,SALES_REPORT,Reporting,4,Monday,5,26,8,56,198732,50,46,Not Ready,Failed
2841,JOB020,ARCHIVE_JOB,Data Transfer,3,Saturday,30,15,0,30,190310,79,39,Delayed,Success
2842,JOB019,SYSTEM_MONITORING,Backup,14,Saturday,10,0,6,104,481424,48,25,Ready,Failed
2843,JOB014,MASTER_DATA_SYNC,Synchronization,3,Sunday,12,26,5,9,322043,63,37,Ready,Success
2844,JOB018,VENDOR_DATA_SYNC,Data Transfer,19,Friday,20,9,6,115,281978,64,68,Delayed,Failed
2845,JOB004,DATA_TRANSFER,Data Transfer,9,Thursday,19,6,8,18,112756,61,43,Ready,Success
2846,JOB008,SALES_REPORT,Reporting,23,Monday,0,15,9,55,400706,40,30,Ready,Failed
2847,JOB017,INVOICE_PROCESSING,Data Processing,21,Thursday,10,9,3,19,304890,51,37,Ready,Failed
2848,JOB001,DAILY_SALES,Data Transfer,2,Saturday,25,11,8,16,10167,47,54,Ready,Success
2849,JOB006,FINANCE_REPORT,Synchronization,4,Saturday,10,16,2,118,202537,66,74,Ready,Failed
2850,JOB001,DAILY_SALES,Synchronization,5,Wednesday,7,12,9,50,201896,66,47,Ready,Failed
2851,JOB005,BACKUP_JOB,Data Processing,20,Wednesday,21,11,8,110,20330,36,55,Ready,Failed
2852,JOB009,STOCK_UPDATE,Data Transfer,21,Sunday,2,14,0,68,339071,48,43,Ready,Failed
2853,JOB008,SALES_REPORT,Data Processing,7,Wednesday,27,13,4,76,422669,67,52,Ready,Success
2854,JOB009,STOCK_UPDATE,Data Transfer,6,Wednesday,18,18,9,63,243049,21,56,Ready,Success
2855,JOB008,SALES_REPORT,Reporting,20,Sunday,11,18,4,99,408479,52,32,Ready,Failed
2856,JOB006,FINANCE_REPORT,Synchronization,9,Tuesday,5,25,0,30,422071,82,35,Delayed,Success
2857,JOB019,SYSTEM_MONITORING,Data Processing,5,Wednesday,27,13,0,33,479172,87,62,Delayed,Success
2858,JOB003,INVENTORY_UPDATE,Data Transfer,13,Tuesday,30,17,2,8,385548,58,92,Ready,Success
2859,JOB007,CUSTOMER_REPORT,Data Transfer,3,Tuesday,22,29,8,54,299987,24,69,Ready,Success
2860,JOB016,WAREHOUSE_UPDATE,Backup,12,Friday,7,25,6,96,243765,87,32,Not Ready,Failed
2861,JOB001,DAILY_SALES,Backup,19,Tuesday,4,28,5,29,121784,71,90,Not Ready,Failed
2862,JOB010,ORDER_PROCESSING,Backup,16,Tuesday,9,4,8,44,221716,71,54,Ready,Success
2863,JOB006,FINANCE_REPORT,Backup,22,Wednesday,21,19,3,36,124216,48,92,Delayed,Failed
2864,JOB005,BACKUP_JOB,Backup,6,Tuesday,15,28,3,104,463419,56,54,Delayed,Failed
2865,JOB017,INVOICE_PROCESSING,Backup,3,Thursday,11,5,2,79,110435,27,43,Ready,Success
2866,JOB003,INVENTORY_UPDATE,Synchronization,13,Sunday,16,17,4,41,342422,39,72,Ready,Success
2867,JOB006,FINANCE_REPORT,Data Transfer,2,Wednesday,5,13,4,14,468548,60,58,Delayed,Success
2868,JOB001,DAILY_SALES,Synchronization,23,Sunday,8,3,9,42,413136,89,38,Ready,Success
2869,JOB012,DATABASE_BACKUP,Data Transfer,4,Monday,9,27,6,65,99969,55,63,Ready,Success
2870,JOB016,WAREHOUSE_UPDATE,Backup,15,Wednesday,19,22,6,104,392273,51,65,Ready,Failed
2871,JOB018,VENDOR_DATA_SYNC,Reporting,22,Tuesday,13,0,5,118,249677,24,64,Ready,Success
2872,JOB008,SALES_REPORT,Data Processing,19,Thursday,13,12,3,31,395448,39,51,Ready,Success
2873,JOB006,FINANCE_REPORT,Data Processing,3,Sunday,25,10,6,85,78515,87,24,Ready,Failed
2874,JOB019,SYSTEM_MONITORING,Synchronization,23,Wednesday,28,2,1,11,25311,41,95,Ready,Success
2875,JOB018,VENDOR_DATA_SYNC,Backup,23,Thursday,16,16,8,77,360771,50,25,Ready,Failed
2876,JOB009,STOCK_UPDATE,Synchronization,1,Sunday,29,17,6,103,220016,60,26,Ready,Success
2877,JOB018,VENDOR_DATA_SYNC,Data Processing,17,Monday,26,24,1,13,238919,24,34,Delayed,Success
2878,JOB020,ARCHIVE_JOB,Backup,18,Saturday,24,9,9,63,76489,29,92,Ready,Failed
2879,JOB018,VENDOR_DATA_SYNC,Data Processing,18,Monday,15,15,1,40,479031,94,39,Delayed,Failed
2880,JOB005,BACKUP_JOB,Data Transfer,16,Saturday,3,20,5,34,31767,56,78,Ready,Success
2881,JOB011,EMPLOYEE_DATA_SYNC,Data Processing,13,Friday,1,12,6,99,450781,75,23,Ready,Failed
2882,JOB018,VENDOR_DATA_SYNC,Data Transfer,18,Saturday,15,19,8,23,351238,43,93,Ready,Failed
2883,JOB001,DAILY_SALES,Reporting,21,Friday,0,11,3,45,62110,35,59,Ready,Success
2884,JOB003,INVENTORY_UPDATE,Backup,23,Wednesday,2,3,7,59,21954,21,84,Delayed,Failed
2885,JOB020,ARCHIVE_JOB,Data Processing,12,Friday,22,7,9,91,454084,34,54,Ready,Failed
2886,JOB005,BACKUP_JOB,Data Processing,11,Thursday,10,11,1,88,8424,60,63,Ready,Success
2887,JOB016,WAREHOUSE_UPDATE,Data Processing,5,Friday,15,18,5,10,256101,82,26,Ready,Success
2888,JOB004,DATA_TRANSFER,Data Processing,20,Thursday,25,14,3,111,335042,68,41,Ready,Failed
2889,JOB018,VENDOR_DATA_SYNC,Backup,3,Sunday,17,27,7,92,220380,45,42,Ready,Failed
2890,JOB018,VENDOR_DATA_SYNC,Data Processing,18,Sunday,14,15,8,115,410055,85,84,Ready,Failed
2891,JOB002,MONTHLY_PAYROLL,Synchronization,15,Saturday,8,11,1,26,71074,48,39,Ready,Success
2892,JOB006,FINANCE_REPORT,Data Transfer,12,Saturday,11,19,6,74,178802,89,51,Ready,Failed
2893,JOB016,WAREHOUSE_UPDATE,Data Transfer,3,Saturday,28,17,6,120,7644,79,55,Delayed,Failed
2894,JOB003,INVENTORY_UPDATE,Data Processing,22,Friday,26,21,7,28,24778,84,37,Ready,Failed
2895,JOB019,SYSTEM_MONITORING,Reporting,16,Saturday,17,11,4,66,261993,59,52,Ready,Success
2896,JOB011,EMPLOYEE_DATA_SYNC,Synchronization,22,Friday,4,15,2,46,492309,30,88,Ready,Success
2897,JOB006,FINANCE_REPORT,Synchronization,0,Friday,23,24,0,26,32488,71,28,Ready,Success
2898,JOB001,DAILY_SALES,Reporting,17,Tuesday,28,27,3,86,136422,92,61,Delayed,Success
2899,JOB003,INVENTORY_UPDATE,Data Transfer,19,Tuesday,28,19,2,20,132141,83,90,Delayed,Failed
2900,JOB008,SALES_REPORT,Backup,16,Friday,27,10,1,104,425390,22,23,Ready,Failed
2901,JOB003,INVENTORY_UPDATE,Data Processing,14,Sunday,25,21,5,120,419369,30,65,Ready,Failed
2902,JOB015,DAILY_ANALYTICS,Data Transfer,10,Thursday,7,19,6,17,270313,47,91,Not Ready,Failed
2903,JOB017,INVOICE_PROCESSING,Backup,21,Wednesday,2,13,9,41,201692,81,43,Ready,Success
2904,JOB018,VENDOR_DATA_SYNC,Data Transfer,12,Monday,1,1,6,56,130348,67,91,Ready,Success
2905,JOB004,DATA_TRANSFER,Reporting,0,Tuesday,24,12,7,28,145140,47,88,Ready,Success
2906,JOB019,SYSTEM_MONITORING,Reporting,16,Friday,18,13,1,87,486778,65,42,Not Ready,Failed
2907,JOB009,STOCK_UPDATE,Data Transfer,5,Monday,7,5,9,118,407354,83,74,Ready,Failed
2908,JOB014,MASTER_DATA_SYNC,Data Transfer,3,Tuesday,1,11,5,88,121622,74,34,Delayed,Success
2909,JOB016,WAREHOUSE_UPDATE,Backup,19,Wednesday,18,6,5,95,205928,21,70,Ready,Success
2910,JOB017,INVOICE_PROCESSING,Data Processing,15,Thursday,0,3,9,21,395722,94,69,Ready,Failed
2911,JOB007,CUSTOMER_REPORT,Synchronization,14,Friday,29,27,0,20,144352,35,66,Not Ready,Failed
2912,JOB020,ARCHIVE_JOB,Data Processing,14,Wednesday,26,26,1,5,31865,30,44,Delayed,Failed
2913,JOB007,CUSTOMER_REPORT,Backup,5,Sunday,21,6,8,89,363096,22,58,Ready,Success
2914,JOB006,FINANCE_REPORT,Backup,14,Tuesday,12,12,7,95,484320,74,87,Ready,Failed
2915,JOB006,FINANCE_REPORT,Data Transfer,13,Friday,22,10,3,5,146183,61,65,Ready,Success
2916,JOB013,LOG_CLEANUP,Reporting,10,Monday,19,7,5,34,36935,48,91,Ready,Success
2917,JOB003,INVENTORY_UPDATE,Synchronization,6,Sunday,16,26,1,88,347612,88,32,Ready,Failed
2918,JOB003,INVENTORY_UPDATE,Data Processing,8,Sunday,2,18,4,28,199087,50,57,Ready,Success
2919,JOB014,MASTER_DATA_SYNC,Synchronization,15,Saturday,8,1,1,50,6523,44,55,Ready,Success
2920,JOB002,MONTHLY_PAYROLL,Data Processing,4,Thursday,4,20,4,6,492527,25,56,Not Ready,Failed
2921,JOB003,INVENTORY_UPDATE,Data Processing,19,Sunday,5,17,6,19,83139,79,61,Ready,Success
2922,JOB007,CUSTOMER_REPORT,Reporting,9,Tuesday,3,25,6,33,468668,86,38,Ready,Success
2923,JOB002,MONTHLY_PAYROLL,Synchronization,17,Thursday,16,20,8,103,54349,41,56,Ready,Failed
2924,JOB004,DATA_TRANSFER,Reporting,2,Friday,29,9,2,66,375437,60,84,Ready,Success
2925,JOB004,DATA_TRANSFER,Backup,12,Saturday,20,28,3,17,138989,72,58,Ready,Failed
2926,JOB007,CUSTOMER_REPORT,Data Transfer,10,Wednesday,20,5,8,87,68585,79,45,Delayed,Failed
2927,JOB001,DAILY_SALES,Data Transfer,16,Thursday,20,23,7,69,168625,58,61,Delayed,Failed
2928,JOB013,LOG_CLEANUP,Data Transfer,21,Monday,15,21,6,49,205265,74,81,Not Ready,Failed
2929,JOB017,INVOICE_PROCESSING,Backup,12,Tuesday,30,3,7,51,119600,49,72,Ready,Success
2930,JOB007,CUSTOMER_REPORT,Data Transfer,5,Monday,15,18,8,20,42730,90,86,Not Ready,Failed
2931,JOB020,ARCHIVE_JOB,Backup,16,Thursday,21,13,3,111,325417,21,69,Ready,Failed
2932,JOB017,INVOICE_PROCESSING,Data Transfer,12,Saturday,10,13,4,7,378571,27,88,Ready,Success
2933,JOB012,DATABASE_BACKUP,Data Processing,18,Wednesday,1,17,8,108,21679,82,48,Ready,Success
2934,JOB018,VENDOR_DATA_SYNC,Reporting,20,Wednesday,16,28,6,74,97200,78,21,Ready,Success
2935,JOB004,DATA_TRANSFER,Backup,18,Monday,14,16,3,99,283649,47,37,Ready,Success
2936,JOB013,LOG_CLEANUP,Backup,9,Friday,17,17,5,9,437193,93,79,Ready,Failed
2937,JOB010,ORDER_PROCESSING,Reporting,2,Friday,28,17,0,30,251799,57,33,Ready,Success
2938,JOB002,MONTHLY_PAYROLL,Data Processing,13,Saturday,9,4,0,96,491845,37,59,Ready,Success
2939,JOB004,DATA_TRANSFER,Reporting,18,Wednesday,5,8,8,19,455757,81,83,Ready,Failed
2940,JOB005,BACKUP_JOB,Backup,4,Monday,20,0,7,77,451183,42,49,Ready,Failed
2941,JOB004,DATA_TRANSFER,Data Transfer,4,Monday,15,3,0,59,360362,84,48,Not Ready,Success
2942,JOB012,DATABASE_BACKUP,Data Transfer,19,Monday,30,25,1,26,14642,59,48,Ready,Failed
2943,JOB014,MASTER_DATA_SYNC,Data Processing,16,Thursday,4,6,3,41,384832,79,38,Ready,Success
2944,JOB010,ORDER_PROCESSING,Backup,20,Saturday,11,10,0,89,195931,24,77,Ready,Success
2945,JOB016,WAREHOUSE_UPDATE,Backup,9,Friday,27,13,1,110,451756,37,59,Ready,Failed
2946,JOB007,CUSTOMER_REPORT,Data Processing,4,Friday,30,9,4,33,116197,57,28,Delayed,Failed
2947,JOB002,MONTHLY_PAYROLL,Synchronization,3,Thursday,5,18,7,30,84915,48,50,Ready,Success
2948,JOB019,SYSTEM_MONITORING,Data Processing,5,Tuesday,13,7,5,74,427998,45,34,Ready,Success
2949,JOB020,ARCHIVE_JOB,Reporting,3,Thursday,25,2,5,15,348165,79,53,Delayed,Failed
2950,JOB014,MASTER_DATA_SYNC,Reporting,6,Saturday,22,7,3,104,83842,55,81,Ready,Success
2951,JOB016,WAREHOUSE_UPDATE,Synchronization,6,Monday,15,28,1,24,257298,48,93,Ready,Success
2952,JOB011,EMPLOYEE_DATA_SYNC,Reporting,17,Thursday,24,17,2,112,371431,50,76,Ready,Failed
2953,JOB006,FINANCE_REPORT,Data Processing,2,Monday,6,4,5,88,485883,82,40,Delayed,Failed
2954,JOB010,ORDER_PROCESSING,Reporting,0,Saturday,1,19,5,95,366875,32,73,Ready,Success
2955,JOB007,CUSTOMER_REPORT,Data Processing,23,Sunday,5,10,4,74,140284,90,56,Ready,Success
2956,JOB014,MASTER_DATA_SYNC,Reporting,3,Saturday,8,8,5,37,256874,59,59,Ready,Success
2957,JOB013,LOG_CLEANUP,Reporting,5,Wednesday,6,18,5,34,280592,89,39,Ready,Success
2958,JOB003,INVENTORY_UPDATE,Data Transfer,8,Monday,1,11,0,54,351075,21,90,Ready,Success
2959,JOB015,DAILY_ANALYTICS,Data Transfer,21,Friday,18,26,5,38,375257,27,37,Not Ready,Failed
2960,JOB017,INVOICE_PROCESSING,Data Processing,13,Thursday,7,4,4,9,224167,93,63,Ready,Success
2961,JOB001,DAILY_SALES,Synchronization,11,Sunday,10,15,7,84,281427,62,75,Ready,Failed
2962,JOB005,BACKUP_JOB,Data Transfer,19,Saturday,24,25,8,16,99294,68,36,Ready,Success
2963,JOB020,ARCHIVE_JOB,Data Processing,23,Monday,3,24,5,80,491435,41,61,Delayed,Failed
2964,JOB005,BACKUP_JOB,Data Processing,3,Sunday,15,12,9,79,233919,93,90,Ready,Success
2965,JOB017,INVOICE_PROCESSING,Data Transfer,20,Tuesday,24,5,3,56,313262,54,47,Ready,Success
2966,JOB016,WAREHOUSE_UPDATE,Synchronization,23,Wednesday,17,15,2,55,121471,38,40,Ready,Success
2967,JOB020,ARCHIVE_JOB,Reporting,11,Tuesday,12,17,9,25,243995,23,56,Ready,Success
2968,JOB001,DAILY_SALES,Synchronization,9,Saturday,26,16,0,75,486834,38,42,Delayed,Failed
2969,JOB005,BACKUP_JOB,Data Transfer,21,Tuesday,4,11,6,62,288233,39,67,Not Ready,Failed
2970,JOB020,ARCHIVE_JOB,Data Processing,6,Tuesday,26,26,4,102,168414,23,78,Delayed,Success
2971,JOB002,MONTHLY_PAYROLL,Data Transfer,2,Wednesday,1,0,3,68,487443,68,93,Delayed,Failed
2972,JOB005,BACKUP_JOB,Data Transfer,22,Wednesday,10,6,8,97,263184,45,71,Ready,Failed
2973,JOB018,VENDOR_DATA_SYNC,Data Transfer,13,Wednesday,0,13,6,10,171821,22,36,Delayed,Success
2974,JOB019,SYSTEM_MONITORING,Data Transfer,23,Sunday,12,27,9,104,443630,71,57,Delayed,Failed
2975,JOB006,FINANCE_REPORT,Synchronization,9,Wednesday,29,17,7,102,238521,55,20,Ready,Success
2976,JOB017,INVOICE_PROCESSING,Backup,15,Tuesday,4,22,3,53,65172,60,94,Ready,Success
2977,JOB011,EMPLOYEE_DATA_SYNC,Data Transfer,15,Friday,17,0,9,76,42992,89,52,Ready,Success
2978,JOB015,DAILY_ANALYTICS,Synchronization,21,Friday,13,19,9,41,166659,70,63,Not Ready,Failed
2979,JOB002,MONTHLY_PAYROLL,Synchronization,9,Wednesday,12,9,7,14,81894,35,39,Ready,Success
2980,JOB012,DATABASE_BACKUP,Data Transfer,12,Sunday,6,14,3,84,312423,66,66,Not Ready,Failed
2981,JOB019,SYSTEM_MONITORING,Synchronization,5,Thursday,7,28,0,70,85498,65,88,Ready,Success
2982,JOB016,WAREHOUSE_UPDATE,Data Transfer,11,Monday,17,10,7,60,97195,74,61,Ready,Success
2983,JOB012,DATABASE_BACKUP,Data Processing,8,Saturday,6,3,0,87,32363,58,45,Ready,Success
2984,JOB001,DAILY_SALES,Reporting,12,Sunday,19,14,2,75,13812,25,68,Ready,Success
2985,JOB020,ARCHIVE_JOB,Synchronization,3,Thursday,16,20,6,70,481987,80,90,Not Ready,Failed
2986,JOB014,MASTER_DATA_SYNC,Backup,23,Saturday,15,29,2,49,345056,28,37,Ready,Success
2987,JOB007,CUSTOMER_REPORT,Backup,10,Thursday,10,15,7,91,246514,30,28,Ready,Failed
2988,JOB008,SALES_REPORT,Data Processing,19,Thursday,30,29,4,99,292572,84,85,Ready,Failed
2989,JOB013,LOG_CLEANUP,Synchronization,17,Friday,18,25,2,72,287465,78,79,Ready,Failed
2990,JOB012,DATABASE_BACKUP,Data Processing,10,Monday,26,14,4,68,10085,89,56,Not Ready,Failed
2991,JOB007,CUSTOMER_REPORT,Backup,20,Thursday,27,16,4,20,69342,26,66,Ready,Failed
2992,JOB002,MONTHLY_PAYROLL,Data Processing,3,Wednesday,0,22,7,14,232655,80,48,Ready,Failed
2993,JOB003,INVENTORY_UPDATE,Data Transfer,17,Saturday,20,10,8,117,417676,76,82,Delayed,Failed
2994,JOB008,SALES_REPORT,Reporting,0,Sunday,30,17,5,25,170527,53,34,Not Ready,Success
2995,JOB004,DATA_TRANSFER,Data Transfer,6,Friday,28,27,9,96,61157,64,28,Delayed,Failed
2996,JOB013,LOG_CLEANUP,Synchronization,5,Saturday,7,15,2,114,96795,64,85,Not Ready,Failed
2997,JOB007,CUSTOMER_REPORT,Backup,14,Wednesday,0,26,1,16,189150,34,20,Ready,Success
2998,JOB012,DATABASE_BACKUP,Synchronization,17,Wednesday,29,14,2,17,51939,28,28,Delayed,Success
2999,JOB004,DATA_TRANSFER,Data Processing,23,Thursday,8,28,8,120,480868,65,76,Ready,Success
3000,JOB005,BACKUP_JOB,Reporting,10,Wednesday,18,10,6,108,273584,65,75,Ready,Failed
3001,JOB014,MASTER_DATA_SYNC,Data Transfer,19,Monday,20,12,8,85,175440,55,39,Ready,Success
3002,JOB015,DAILY_ANALYTICS,Data Transfer,23,Wednesday,8,17,5,86,443347,65,21,Ready,Failed
3003,JOB008,SALES_REPORT,Reporting,14,Thursday,20,7,7,14,396395,61,20,Ready,Failed
3004,JOB007,CUSTOMER_REPORT,Reporting,15,Saturday,24,8,9,96,238744,49,93,Ready,Success
3005,JOB008,SALES_REPORT,Data Processing,6,Wednesday,9,21,8,17,102427,30,73,Ready,Success
3006,JOB015,DAILY_ANALYTICS,Data Transfer,20,Friday,23,10,2,38,6665,52,38,Ready,Success
3007,JOB005,BACKUP_JOB,Backup,9,Sunday,22,16,6,63,107517,59,37,Delayed,Success
3008,JOB001,DAILY_SALES,Reporting,11,Friday,10,0,8,53,4390,89,43,Ready,Success
3009,JOB012,DATABASE_BACKUP,Data Processing,23,Friday,0,29,1,10,271503,62,71,Delayed,Failed
3010,JOB011,EMPLOYEE_DATA_SYNC,Reporting,13,Saturday,19,10,6,16,223245,58,39,Ready,Success
3011,JOB004,DATA_TRANSFER,Synchronization,4,Tuesday,24,6,4,33,337744,58,30,Ready,Success
3012,JOB017,INVOICE_PROCESSING,Reporting,20,Sunday,25,7,7,81,133853,72,92,Ready,Failed
3013,JOB004,DATA_TRANSFER,Synchronization,17,Friday,7,18,3,30,187090,50,79,Delayed,Success
3014,JOB003,INVENTORY_UPDATE,Synchronization,4,Friday,19,24,0,72,129566,82,35,Ready,Success
3015,JOB006,FINANCE_REPORT,Backup,2,Tuesday,11,3,9,83,466835,44,32,Ready,Failed
3016,JOB018,VENDOR_DATA_SYNC,Synchronization,22,Saturday,0,3,7,20,289116,60,72,Ready,Success
3017,JOB004,DATA_TRANSFER,Synchronization,4,Sunday,9,18,5,57,91743,69,25,Delayed,Failed
3018,JOB015,DAILY_ANALYTICS,Synchronization,23,Friday,3,23,7,23,412201,78,44,Ready,Success
3019,JOB013,LOG_CLEANUP,Reporting,16,Thursday,14,8,2,51,479017,68,82,Ready,Failed
3020,JOB020,ARCHIVE_JOB,Reporting,18,Saturday,18,16,7,94,190866,49,66,Ready,Success
3021,JOB020,ARCHIVE_JOB,Data Processing,18,Sunday,5,17,7,36,363311,64,34,Not Ready,Failed
3022,JOB013,LOG_CLEANUP,Data Transfer,20,Friday,26,0,0,74,319629,87,73,Ready,Failed
3023,JOB004,DATA_TRANSFER,Backup,11,Friday,4,13,3,120,362169,72,62,Ready,Success
3024,JOB003,INVENTORY_UPDATE,Reporting,8,Tuesday,4,3,6,74,459229,45,33,Ready,Success
3025,JOB009,STOCK_UPDATE,Data Processing,0,Sunday,17,9,0,65,394116,90,53,Not Ready,Failed
3026,JOB005,BACKUP_JOB,Data Processing,17,Thursday,27,22,2,9,335922,59,21,Delayed,Success
3027,JOB005,BACKUP_JOB,Backup,20,Saturday,2,13,2,63,229997,31,39,Ready,Success
3028,JOB018,VENDOR_DATA_SYNC,Data Processing,3,Wednesday,26,6,5,6,78064,20,35,Ready,Success
3029,JOB001,DAILY_SALES,Reporting,9,Monday,21,11,4,120,434837,89,86,Delayed,Failed
3030,JOB013,LOG_CLEANUP,Synchronization,6,Thursday,1,21,6,6,50394,20,49,Not Ready,Success
3031,JOB001,DAILY_SALES,Reporting,21,Wednesday,30,28,2,105,192064,27,70,Ready,Success
3032,JOB017,INVOICE_PROCESSING,Data Processing,22,Thursday,3,26,0,7,73441,52,22,Ready,Success
3033,JOB008,SALES_REPORT,Data Transfer,0,Sunday,17,15,2,74,71174,87,70,Ready,Failed
3034,JOB005,BACKUP_JOB,Data Transfer,16,Wednesday,8,4,7,99,365820,69,65,Delayed,Failed
3035,JOB002,MONTHLY_PAYROLL,Synchronization,23,Sunday,18,10,4,47,54797,25,59,Ready,Success
3036,JOB012,DATABASE_BACKUP,Data Processing,1,Wednesday,25,3,2,9,320890,79,48,Ready,Success
3037,JOB010,ORDER_PROCESSING,Synchronization,10,Thursday,9,27,7,54,163441,82,42,Ready,Success
3038,JOB012,DATABASE_BACKUP,Synchronization,8,Tuesday,21,12,5,114,313749,71,36,Ready,Success
3039,JOB015,DAILY_ANALYTICS,Synchronization,6,Thursday,14,29,2,14,419788,22,88,Ready,Failed
3040,JOB016,WAREHOUSE_UPDATE,Data Transfer,21,Sunday,0,7,4,31,431155,89,85,Not Ready,Failed
3041,JOB008,SALES_REPORT,Backup,16,Thursday,28,6,0,28,417082,25,42,Ready,Success
3042,JOB005,BACKUP_JOB,Data Processing,16,Wednesday,10,10,5,26,57060,56,94,Delayed,Failed
3043,JOB004,DATA_TRANSFER,Synchronization,1,Monday,13,10,8,93,416169,70,42,Delayed,Failed
3044,JOB016,WAREHOUSE_UPDATE,Synchronization,5,Wednesday,30,25,6,7,487478,46,26,Ready,Success
3045,JOB008,SALES_REPORT,Reporting,13,Friday,30,16,7,20,310285,65,62,Ready,Failed
3046,JOB009,STOCK_UPDATE,Reporting,5,Thursday,9,21,5,34,374053,88,81,Ready,Failed
3047,JOB002,MONTHLY_PAYROLL,Reporting,1,Saturday,18,13,4,116,4501,36,53,Ready,Success
3048,JOB018,VENDOR_DATA_SYNC,Data Processing,0,Thursday,23,1,5,47,329866,36,70,Ready,Success
3049,JOB015,DAILY_ANALYTICS,Backup,9,Tuesday,20,19,6,8,100685,42,63,Ready,Failed
3050,JOB019,SYSTEM_MONITORING,Data Processing,20,Sunday,15,20,8,111,310162,58,89,Delayed,Failed
3051,JOB005,BACKUP_JOB,Data Processing,4,Saturday,7,7,7,44,65127,52,74,Delayed,Failed
3052,JOB008,SALES_REPORT,Data Transfer,1,Wednesday,30,21,4,20,188037,85,85,Delayed,Failed
3053,JOB008,SALES_REPORT,Data Processing,21,Tuesday,1,26,6,108,472368,29,77,Ready,Failed
3054,JOB017,INVOICE_PROCESSING,Reporting,15,Thursday,22,1,7,109,60198,59,62,Ready,Success
3055,JOB005,BACKUP_JOB,Reporting,1,Wednesday,24,20,0,114,412504,92,80,Ready,Failed
3056,JOB008,SALES_REPORT,Synchronization,9,Wednesday,6,14,7,76,242234,34,57,Not Ready,Failed
3057,JOB010,ORDER_PROCESSING,Synchronization,1,Friday,18,4,6,92,224132,62,47,Ready,Success
3058,JOB003,INVENTORY_UPDATE,Reporting,15,Friday,6,5,1,20,275369,31,76,Ready,Success
3059,JOB003,INVENTORY_UPDATE,Data Processing,15,Monday,14,16,1,95,488899,41,60,Ready,Success
3060,JOB006,FINANCE_REPORT,Data Processing,18,Friday,7,7,5,70,133824,37,92,Ready,Success
3061,JOB004,DATA_TRANSFER,Backup,6,Sunday,13,18,2,59,158385,85,69,Ready,Failed
3062,JOB016,WAREHOUSE_UPDATE,Data Processing,21,Saturday,0,4,0,24,256765,81,80,Not Ready,Failed
3063,JOB015,DAILY_ANALYTICS,Data Transfer,11,Wednesday,28,22,7,55,494474,80,88,Ready,Success
3064,JOB008,SALES_REPORT,Data Transfer,23,Friday,12,18,6,88,127889,79,82,Delayed,Failed
3065,JOB007,CUSTOMER_REPORT,Data Processing,14,Monday,2,13,3,88,350335,58,45,Ready,Success
3066,JOB017,INVOICE_PROCESSING,Synchronization,7,Thursday,20,9,0,87,361985,92,45,Ready,Success
3067,JOB015,DAILY_ANALYTICS,Synchronization,5,Saturday,27,12,1,61,57734,41,92,Delayed,Failed
3068,JOB005,BACKUP_JOB,Synchronization,9,Friday,5,21,8,55,19774,33,42,Ready,Failed
3069,JOB006,FINANCE_REPORT,Data Transfer,2,Wednesday,18,4,3,22,158437,26,71,Delayed,Success
3070,JOB005,BACKUP_JOB,Reporting,18,Thursday,14,6,2,81,115049,54,92,Ready,Success
3071,JOB008,SALES_REPORT,Backup,16,Sunday,3,9,7,85,338062,53,93,Ready,Success
3072,JOB007,CUSTOMER_REPORT,Synchronization,6,Wednesday,20,10,3,63,103240,86,89,Ready,Failed
3073,JOB003,INVENTORY_UPDATE,Data Processing,20,Thursday,30,2,6,101,84415,82,23,Delayed,Failed
3074,JOB020,ARCHIVE_JOB,Reporting,19,Sunday,2,12,4,32,191603,21,20,Delayed,Failed
3075,JOB018,VENDOR_DATA_SYNC,Backup,3,Sunday,3,29,4,73,164044,64,25,Ready,Success
3076,JOB001,DAILY_SALES,Reporting,13,Saturday,4,1,5,32,39984,82,75,Delayed,Success
3077,JOB019,SYSTEM_MONITORING,Data Processing,19,Wednesday,17,3,3,93,284051,21,48,Delayed,Failed
3078,JOB008,SALES_REPORT,Reporting,21,Friday,25,2,1,88,4370,73,22,Ready,Success
3079,JOB001,DAILY_SALES,Backup,14,Friday,24,14,5,89,198867,70,61,Ready,Failed
3080,JOB015,DAILY_ANALYTICS,Data Processing,23,Monday,9,3,4,17,137898,60,28,Ready,Success
3081,JOB015,DAILY_ANALYTICS,Data Transfer,7,Thursday,7,22,2,10,54227,24,78,Not Ready,Success
3082,JOB003,INVENTORY_UPDATE,Reporting,20,Monday,11,20,3,33,233406,90,57,Ready,Success
3083,JOB015,DAILY_ANALYTICS,Data Processing,14,Tuesday,21,3,2,110,267839,44,61,Not Ready,Failed
3084,JOB007,CUSTOMER_REPORT,Reporting,21,Friday,25,29,2,13,296008,20,69,Delayed,Success
3085,JOB001,DAILY_SALES,Data Processing,19,Thursday,26,14,3,33,341445,28,33,Delayed,Success
3086,JOB004,DATA_TRANSFER,Synchronization,13,Saturday,2,5,1,42,129677,85,64,Ready,Success
3087,JOB003,INVENTORY_UPDATE,Reporting,8,Monday,26,22,3,69,243685,86,52,Ready,Success
3088,JOB002,MONTHLY_PAYROLL,Synchronization,7,Saturday,17,27,9,60,62930,23,39,Delayed,Failed
3089,JOB010,ORDER_PROCESSING,Synchronization,16,Saturday,22,29,1,34,230313,40,53,Ready,Success
3090,JOB010,ORDER_PROCESSING,Data Transfer,1,Saturday,7,26,9,118,321807,80,86,Delayed,Failed
3091,JOB005,BACKUP_JOB,Synchronization,23,Monday,25,4,7,100,54653,45,86,Ready,Success
3092,JOB020,ARCHIVE_JOB,Reporting,2,Tuesday,0,11,9,63,485042,63,89,Delayed,Failed
3093,JOB012,DATABASE_BACKUP,Reporting,7,Sunday,13,6,4,91,85414,56,58,Ready,Success
3094,JOB017,INVOICE_PROCESSING,Backup,11,Sunday,30,2,6,107,267187,29,62,Ready,Failed
3095,JOB009,STOCK_UPDATE,Synchronization,0,Monday,21,6,3,62,276730,93,58,Ready,Success
3096,JOB013,LOG_CLEANUP,Data Transfer,9,Sunday,22,11,9,14,464891,93,63,Not Ready,Failed
3097,JOB007,CUSTOMER_REPORT,Data Processing,19,Wednesday,30,14,5,112,295774,94,20,Not Ready,Failed
3098,JOB011,EMPLOYEE_DATA_SYNC,Data Processing,2,Sunday,12,18,9,25,443952,66,69,Ready,Failed
3099,JOB013,LOG_CLEANUP,Data Processing,5,Friday,24,29,3,60,48530,42,93,Delayed,Failed
3100,JOB010,ORDER_PROCESSING,Data Transfer,6,Monday,11,5,5,30,247713,95,81,Ready,Failed
3101,JOB017,INVOICE_PROCESSING,Data Transfer,19,Sunday,2,7,0,19,266041,73,22,Delayed,Failed
3102,JOB015,DAILY_ANALYTICS,Backup,22,Monday,17,28,5,85,237904,78,27,Delayed,Failed
3103,JOB017,INVOICE_PROCESSING,Backup,17,Tuesday,20,5,5,39,265174,38,67,Ready,Success
3104,JOB008,SALES_REPORT,Data Processing,10,Wednesday,12,25,1,93,344349,44,60,Delayed,Success
3105,JOB020,ARCHIVE_JOB,Synchronization,18,Monday,14,26,9,19,214585,86,55,Ready,Success
3106,JOB006,FINANCE_REPORT,Data Transfer,4,Friday,9,2,9,101,232207,32,76,Ready,Success
3107,JOB018,VENDOR_DATA_SYNC,Synchronization,18,Sunday,0,27,8,79,408578,40,62,Not Ready,Failed
3108,JOB015,DAILY_ANALYTICS,Backup,10,Friday,28,4,5,92,305780,41,47,Ready,Success
3109,JOB002,MONTHLY_PAYROLL,Synchronization,23,Sunday,5,8,6,10,389142,66,78,Not Ready,Failed
3110,JOB013,LOG_CLEANUP,Reporting,11,Monday,8,23,1,32,335279,82,48,Ready,Success
3111,JOB018,VENDOR_DATA_SYNC,Data Transfer,9,Saturday,9,15,1,67,33879,48,57,Delayed,Success
3112,JOB013,LOG_CLEANUP,Data Transfer,7,Sunday,14,21,1,33,130770,68,53,Ready,Success
3113,JOB006,FINANCE_REPORT,Data Processing,23,Saturday,8,15,9,52,94846,44,84,Ready,Success
3114,JOB003,INVENTORY_UPDATE,Data Processing,8,Wednesday,22,8,8,67,38238,42,39,Not Ready,Failed
3115,JOB003,INVENTORY_UPDATE,Data Processing,3,Friday,13,17,2,62,342306,95,45,Ready,Success
3116,JOB019,SYSTEM_MONITORING,Reporting,4,Saturday,10,12,3,25,157492,68,46,Delayed,Success
3117,JOB019,SYSTEM_MONITORING,Data Processing,20,Friday,6,10,0,80,363621,42,42,Delayed,Failed
3118,JOB007,CUSTOMER_REPORT,Data Processing,7,Sunday,30,24,0,26,135150,24,90,Ready,Failed
3119,JOB017,INVOICE_PROCESSING,Data Transfer,22,Sunday,23,9,3,31,388633,48,41,Ready,Failed
3120,JOB019,SYSTEM_MONITORING,Synchronization,8,Wednesday,25,28,1,89,330063,24,66,Ready,Success
3121,JOB008,SALES_REPORT,Data Transfer,14,Sunday,29,9,7,83,40489,58,87,Not Ready,Failed
3122,JOB014,MASTER_DATA_SYNC,Synchronization,14,Wednesday,1,5,3,61,267114,54,86,Ready,Success
3123,JOB003,INVENTORY_UPDATE,Data Transfer,15,Saturday,13,15,2,86,181585,49,85,Ready,Failed
3124,JOB008,SALES_REPORT,Reporting,13,Sunday,5,24,2,14,464830,75,88,Ready,Failed
3125,JOB017,INVOICE_PROCESSING,Synchronization,7,Monday,4,11,5,26,36579,21,34,Ready,Success
3126,JOB004,DATA_TRANSFER,Reporting,17,Thursday,4,3,5,48,184046,34,63,Ready,Failed
3127,JOB002,MONTHLY_PAYROLL,Data Transfer,9,Tuesday,28,4,5,88,256683,70,70,Not Ready,Success
3128,JOB015,DAILY_ANALYTICS,Backup,19,Thursday,18,1,5,87,244700,42,84,Ready,Success
3129,JOB008,SALES_REPORT,Reporting,5,Thursday,18,18,7,32,277150,45,44,Ready,Success
3130,JOB005,BACKUP_JOB,Data Processing,11,Friday,5,0,7,105,452847,30,80,Ready,Failed
3131,JOB003,INVENTORY_UPDATE,Backup,1,Wednesday,27,3,8,54,415495,43,36,Ready,Success
3132,JOB010,ORDER_PROCESSING,Data Transfer,6,Friday,25,11,0,55,80477,28,71,Ready,Success
3133,JOB018,VENDOR_DATA_SYNC,Backup,15,Saturday,28,1,9,112,114035,90,77,Not Ready,Failed
3134,JOB011,EMPLOYEE_DATA_SYNC,Reporting,2,Tuesday,9,11,7,5,473376,29,76,Ready,Success
3135,JOB007,CUSTOMER_REPORT,Backup,12,Saturday,22,15,4,38,100209,91,57,Ready,Success
3136,JOB007,CUSTOMER_REPORT,Data Transfer,2,Monday,13,1,2,39,484277,90,88,Delayed,Failed
3137,JOB005,BACKUP_JOB,Backup,17,Tuesday,16,16,9,94,117570,76,56,Ready,Success
3138,JOB006,FINANCE_REPORT,Reporting,10,Friday,29,25,2,65,230867,34,94,Delayed,Failed
3139,JOB007,CUSTOMER_REPORT,Synchronization,7,Sunday,2,27,5,34,393980,52,95,Ready,Failed
3140,JOB011,EMPLOYEE_DATA_SYNC,Synchronization,5,Sunday,27,1,7,80,145787,30,53,Ready,Success
3141,JOB019,SYSTEM_MONITORING,Reporting,0,Friday,0,3,9,82,179552,38,54,Ready,Success
3142,JOB004,DATA_TRANSFER,Data Transfer,0,Saturday,9,5,1,107,254571,61,79,Delayed,Failed
3143,JOB018,VENDOR_DATA_SYNC,Backup,22,Friday,2,28,8,72,128634,77,58,Ready,Success
3144,JOB002,MONTHLY_PAYROLL,Data Processing,7,Friday,4,27,4,80,304644,37,65,Ready,Success
3145,JOB001,DAILY_SALES,Reporting,4,Thursday,24,22,4,92,233262,37,35,Ready,Success
3146,JOB001,DAILY_SALES,Backup,15,Monday,18,6,0,44,275751,41,50,Ready,Failed
3147,JOB011,EMPLOYEE_DATA_SYNC,Data Transfer,10,Sunday,9,22,5,99,252892,71,33,Ready,Failed
3148,JOB007,CUSTOMER_REPORT,Backup,4,Thursday,29,14,4,69,48328,63,66,Not Ready,Failed
3149,JOB016,WAREHOUSE_UPDATE,Data Transfer,3,Friday,25,19,6,41,345519,50,51,Delayed,Failed
3150,JOB004,DATA_TRANSFER,Reporting,5,Wednesday,24,11,6,68,362098,28,36,Delayed,Success
3151,JOB013,LOG_CLEANUP,Backup,13,Thursday,15,4,3,5,92424,69,75,Ready,Failed
3152,JOB014,MASTER_DATA_SYNC,Data Processing,21,Friday,0,13,4,19,316808,80,55,Ready,Failed
3153,JOB020,ARCHIVE_JOB,Data Processing,18,Sunday,5,15,9,17,217601,38,61,Ready,Success
3154,JOB016,WAREHOUSE_UPDATE,Backup,8,Friday,8,10,7,33,435979,71,38,Ready,Success
3155,JOB009,STOCK_UPDATE,Reporting,11,Monday,27,11,1,59,458482,74,26,Ready,Failed
3156,JOB009,STOCK_UPDATE,Synchronization,10,Saturday,4,18,0,49,59141,44,74,Delayed,Success
3157,JOB007,CUSTOMER_REPORT,Data Transfer,13,Tuesday,26,16,5,8,168224,88,49,Ready,Success
3158,JOB007,CUSTOMER_REPORT,Synchronization,22,Thursday,13,29,3,68,169544,94,95,Ready,Failed
3159,JOB011,EMPLOYEE_DATA_SYNC,Data Transfer,15,Thursday,9,23,9,19,164465,32,94,Not Ready,Failed
3160,JOB007,CUSTOMER_REPORT,Data Transfer,0,Thursday,1,25,2,112,453572,53,48,Ready,Failed
3161,JOB019,SYSTEM_MONITORING,Data Transfer,12,Friday,4,26,6,108,175872,91,86,Ready,Failed
3162,JOB007,CUSTOMER_REPORT,Synchronization,22,Monday,0,6,7,52,318023,44,53,Ready,Success
3163,JOB016,WAREHOUSE_UPDATE,Data Processing,20,Friday,24,29,3,80,328619,94,53,Ready,Success
3164,JOB016,WAREHOUSE_UPDATE,Data Processing,20,Friday,9,8,9,60,12254,83,21,Ready,Failed
3165,JOB015,DAILY_ANALYTICS,Data Processing,12,Saturday,28,13,5,93,327778,29,46,Ready,Success
3166,JOB002,MONTHLY_PAYROLL,Reporting,1,Wednesday,25,25,1,95,17102,36,66,Ready,Success
3167,JOB007,CUSTOMER_REPORT,Synchronization,3,Monday,24,19,7,74,20029,24,76,Ready,Success
3168,JOB015,DAILY_ANALYTICS,Data Transfer,5,Thursday,21,11,5,91,483252,86,36,Ready,Failed
3169,JOB001,DAILY_SALES,Reporting,22,Tuesday,26,14,8,19,416029,29,45,Delayed,Failed
3170,JOB007,CUSTOMER_REPORT,Reporting,4,Thursday,8,11,5,43,324122,46,29,Ready,Success
3171,JOB016,WAREHOUSE_UPDATE,Synchronization,2,Friday,29,20,5,73,65739,75,58,Ready,Success
3172,JOB013,LOG_CLEANUP,Backup,0,Monday,2,20,1,91,396269,26,28,Not Ready,Success
3173,JOB005,BACKUP_JOB,Backup,3,Sunday,14,28,4,83,414114,48,44,Ready,Failed
3174,JOB007,CUSTOMER_REPORT,Data Processing,19,Monday,3,22,8,93,99613,68,39,Not Ready,Failed
3175,JOB008,SALES_REPORT,Data Processing,1,Monday,12,12,0,64,124664,58,34,Ready,Success
3176,JOB011,EMPLOYEE_DATA_SYNC,Data Processing,4,Wednesday,5,8,3,98,162689,89,30,Delayed,Failed
3177,JOB010,ORDER_PROCESSING,Backup,2,Thursday,19,23,9,48,81727,28,35,Ready,Failed
3178,JOB015,DAILY_ANALYTICS,Reporting,8,Wednesday,16,6,9,47,284528,91,41,Ready,Success
3179,JOB013,LOG_CLEANUP,Reporting,19,Sunday,22,29,2,8,202729,80,81,Ready,Failed
3180,JOB007,CUSTOMER_REPORT,Reporting,5,Sunday,4,0,0,81,361211,73,43,Not Ready,Failed
3181,JOB002,MONTHLY_PAYROLL,Data Processing,17,Saturday,29,27,0,54,219714,28,55,Ready,Success
3182,JOB006,FINANCE_REPORT,Backup,5,Tuesday,14,9,0,108,360173,79,37,Ready,Success
3183,JOB013,LOG_CLEANUP,Data Processing,18,Saturday,7,28,0,43,237273,71,39,Ready,Success
3184,JOB006,FINANCE_REPORT,Data Transfer,11,Friday,24,5,1,58,263106,94,27,Delayed,Failed
3185,JOB012,DATABASE_BACKUP,Data Processing,10,Wednesday,4,25,4,27,88414,30,34,Ready,Failed
3186,JOB012,DATABASE_BACKUP,Data Transfer,1,Wednesday,23,14,1,64,49373,54,66,Ready,Success
3187,JOB015,DAILY_ANALYTICS,Data Transfer,14,Saturday,12,14,3,84,188863,94,43,Ready,Success
3188,JOB012,DATABASE_BACKUP,Backup,11,Friday,0,8,8,39,469558,55,66,Not Ready,Failed
3189,JOB003,INVENTORY_UPDATE,Reporting,11,Monday,0,12,2,58,10519,74,37,Ready,Success
3190,JOB001,DAILY_SALES,Synchronization,8,Friday,6,22,1,62,476193,22,51,Ready,Failed
3191,JOB012,DATABASE_BACKUP,Data Processing,20,Thursday,30,0,3,66,428232,91,61,Ready,Failed
3192,JOB010,ORDER_PROCESSING,Backup,23,Saturday,21,8,8,84,354705,72,56,Delayed,Failed
3193,JOB001,DAILY_SALES,Data Processing,1,Friday,4,2,3,52,424113,47,52,Ready,Success
3194,JOB010,ORDER_PROCESSING,Data Transfer,21,Monday,13,29,4,11,121724,72,20,Ready,Failed
3195,JOB020,ARCHIVE_JOB,Reporting,2,Friday,14,8,3,49,476653,73,46,Delayed,Success
3196,JOB012,DATABASE_BACKUP,Reporting,11,Wednesday,20,19,7,17,216069,72,36,Delayed,Failed
3197,JOB015,DAILY_ANALYTICS,Synchronization,15,Tuesday,29,24,3,57,353406,84,65,Ready,Success
3198,JOB008,SALES_REPORT,Data Transfer,20,Wednesday,24,28,1,119,259595,72,53,Delayed,Failed
3199,JOB006,FINANCE_REPORT,Synchronization,23,Sunday,16,14,3,118,325728,59,22,Delayed,Success
3200,JOB016,WAREHOUSE_UPDATE,Data Processing,0,Tuesday,23,23,1,97,7384,60,75,Ready,Failed
3201,JOB008,SALES_REPORT,Reporting,20,Sunday,17,6,8,43,180970,57,31,Ready,Failed
3202,JOB002,MONTHLY_PAYROLL,Reporting,2,Friday,6,3,7,88,430657,94,45,Not Ready,Failed
3203,JOB003,INVENTORY_UPDATE,Synchronization,19,Thursday,21,24,8,118,123785,48,43,Ready,Failed
3204,JOB002,MONTHLY_PAYROLL,Data Transfer,1,Friday,25,19,3,97,38917,50,79,Ready,Success
3205,JOB004,DATA_TRANSFER,Reporting,8,Monday,17,16,0,22,478649,80,77,Not Ready,Failed
3206,JOB017,INVOICE_PROCESSING,Backup,18,Friday,27,21,2,26,7608,93,82,Not Ready,Failed
3207,JOB020,ARCHIVE_JOB,Backup,14,Tuesday,28,3,6,40,240852,59,27,Delayed,Failed
3208,JOB019,SYSTEM_MONITORING,Data Transfer,17,Wednesday,18,25,0,109,411994,21,95,Delayed,Success
3209,JOB020,ARCHIVE_JOB,Data Transfer,10,Thursday,19,18,7,57,281233,67,92,Ready,Success
3210,JOB019,SYSTEM_MONITORING,Synchronization,22,Sunday,6,27,8,116,305276,20,45,Ready,Success
3211,JOB005,BACKUP_JOB,Data Transfer,15,Friday,7,4,7,104,478557,78,77,Ready,Failed
3212,JOB004,DATA_TRANSFER,Synchronization,21,Friday,12,15,4,76,403007,51,57,Not Ready,Failed
3213,JOB011,EMPLOYEE_DATA_SYNC,Data Transfer,16,Wednesday,26,2,8,7,228843,21,68,Delayed,Failed
3214,JOB009,STOCK_UPDATE,Backup,4,Thursday,17,10,3,66,86424,78,62,Delayed,Success
3215,JOB005,BACKUP_JOB,Reporting,11,Saturday,23,24,8,33,478435,22,78,Ready,Success
3216,JOB002,MONTHLY_PAYROLL,Data Transfer,10,Sunday,10,27,0,77,349079,92,40,Ready,Success
3217,JOB020,ARCHIVE_JOB,Data Transfer,14,Friday,8,21,2,12,313792,68,32,Ready,Success
3218,JOB004,DATA_TRANSFER,Data Transfer,2,Friday,22,14,3,98,433690,95,22,Ready,Failed
3219,JOB005,BACKUP_JOB,Backup,0,Saturday,0,18,9,80,307221,53,51,Delayed,Success
3220,JOB013,LOG_CLEANUP,Data Processing,19,Sunday,21,20,0,50,138843,81,40,Ready,Failed
3221,JOB004,DATA_TRANSFER,Data Transfer,15,Tuesday,7,23,5,96,57858,53,33,Ready,Success
3222,JOB010,ORDER_PROCESSING,Backup,1,Tuesday,20,13,3,60,292422,42,27,Ready,Failed
3223,JOB013,LOG_CLEANUP,Reporting,1,Monday,11,15,3,110,279382,38,26,Ready,Success
3224,JOB012,DATABASE_BACKUP,Backup,2,Wednesday,30,23,0,53,157082,71,78,Not Ready,Failed
3225,JOB012,DATABASE_BACKUP,Data Transfer,7,Thursday,1,5,4,47,396874,79,21,Ready,Success
3226,JOB002,MONTHLY_PAYROLL,Reporting,23,Friday,14,4,8,14,406107,47,88,Ready,Success
3227,JOB014,MASTER_DATA_SYNC,Backup,14,Sunday,20,20,5,17,167163,68,63,Ready,Success
3228,JOB010,ORDER_PROCESSING,Synchronization,6,Friday,23,16,7,61,167735,64,85,Delayed,Failed
3229,JOB015,DAILY_ANALYTICS,Data Transfer,5,Monday,17,15,3,6,330211,95,37,Ready,Success
3230,JOB002,MONTHLY_PAYROLL,Data Processing,8,Sunday,16,1,8,69,340038,79,35,Ready,Failed
3231,JOB016,WAREHOUSE_UPDATE,Backup,19,Sunday,14,27,6,90,96942,94,31,Ready,Success
3232,JOB007,CUSTOMER_REPORT,Data Processing,0,Friday,19,10,6,101,475257,75,79,Ready,Failed
3233,JOB009,STOCK_UPDATE,Backup,7,Wednesday,19,3,7,84,294767,23,73,Delayed,Failed
3234,JOB015,DAILY_ANALYTICS,Reporting,22,Monday,8,5,1,46,112258,37,59,Delayed,Success
3235,JOB009,STOCK_UPDATE,Data Processing,22,Wednesday,2,26,5,62,296693,48,62,Ready,Success
3236,JOB014,MASTER_DATA_SYNC,Data Transfer,2,Monday,19,6,6,97,362873,58,41,Ready,Failed
3237,JOB008,SALES_REPORT,Data Processing,3,Friday,18,16,2,14,104232,74,23,Ready,Success
3238,JOB012,DATABASE_BACKUP,Data Transfer,14,Monday,17,7,7,67,69087,77,95,Not Ready,Failed
3239,JOB002,MONTHLY_PAYROLL,Reporting,5,Tuesday,19,27,0,107,29062,66,40,Ready,Failed
3240,JOB009,STOCK_UPDATE,Data Transfer,14,Sunday,29,0,0,75,77051,50,42,Ready,Success
3241,JOB007,CUSTOMER_REPORT,Backup,20,Thursday,7,24,9,65,439597,47,61,Ready,Success
3242,JOB020,ARCHIVE_JOB,Data Transfer,2,Friday,0,14,2,5,254183,46,60,Ready,Success
3243,JOB015,DAILY_ANALYTICS,Data Processing,20,Saturday,23,19,5,30,230932,49,35,Ready,Success
3244,JOB001,DAILY_SALES,Data Processing,20,Thursday,23,11,6,113,9704,68,55,Ready,Success
3245,JOB004,DATA_TRANSFER,Backup,13,Friday,14,14,1,9,143482,61,36,Ready,Success
3246,JOB016,WAREHOUSE_UPDATE,Data Transfer,19,Thursday,18,22,5,39,72974,94,73,Delayed,Success
3247,JOB009,STOCK_UPDATE,Data Transfer,13,Tuesday,29,26,4,17,286046,87,26,Ready,Success
3248,JOB012,DATABASE_BACKUP,Data Transfer,3,Thursday,25,29,5,31,137858,20,60,Ready,Success
3249,JOB010,ORDER_PROCESSING,Synchronization,11,Monday,9,21,0,16,168991,63,81,Ready,Success
3250,JOB004,DATA_TRANSFER,Synchronization,16,Thursday,11,14,9,98,210807,56,76,Ready,Failed
3251,JOB015,DAILY_ANALYTICS,Data Processing,6,Friday,27,28,6,54,72629,52,52,Ready,Success
3252,JOB018,VENDOR_DATA_SYNC,Data Processing,8,Saturday,5,8,7,100,442569,40,45,Delayed,Failed
3253,JOB014,MASTER_DATA_SYNC,Reporting,2,Saturday,28,15,6,63,129518,59,43,Delayed,Failed
3254,JOB003,INVENTORY_UPDATE,Data Transfer,12,Wednesday,12,29,8,35,29691,80,50,Delayed,Failed
3255,JOB014,MASTER_DATA_SYNC,Data Processing,14,Sunday,3,1,0,73,426118,32,46,Ready,Success
3256,JOB001,DAILY_SALES,Reporting,17,Thursday,12,14,9,41,389565,57,68,Ready,Failed
3257,JOB019,SYSTEM_MONITORING,Synchronization,18,Saturday,16,14,8,6,24118,48,92,Ready,Failed
3258,JOB012,DATABASE_BACKUP,Data Processing,0,Thursday,29,26,2,106,137088,72,85,Ready,Failed
3259,JOB016,WAREHOUSE_UPDATE,Data Transfer,5,Sunday,0,6,1,75,302421,83,89,Not Ready,Success
3260,JOB009,STOCK_UPDATE,Data Processing,22,Saturday,4,26,5,69,364408,55,50,Ready,Success
3261,JOB009,STOCK_UPDATE,Synchronization,1,Sunday,27,20,4,7,153399,24,44,Ready,Success
3262,JOB013,LOG_CLEANUP,Reporting,23,Thursday,23,12,3,24,354508,39,35,Ready,Failed
3263,JOB015,DAILY_ANALYTICS,Reporting,13,Friday,16,22,3,6,173756,30,25,Not Ready,Failed
3264,JOB012,DATABASE_BACKUP,Reporting,5,Thursday,17,16,7,46,215298,91,88,Ready,Failed
3265,JOB016,WAREHOUSE_UPDATE,Data Transfer,13,Sunday,6,10,9,47,378591,47,36,Ready,Failed
3266,JOB010,ORDER_PROCESSING,Data Processing,3,Friday,15,26,2,25,88158,68,28,Ready,Success
3267,JOB017,INVOICE_PROCESSING,Data Processing,20,Friday,7,9,0,49,146274,60,81,Ready,Success
3268,JOB008,SALES_REPORT,Reporting,7,Wednesday,11,24,4,100,345290,37,32,Ready,Success
3269,JOB013,LOG_CLEANUP,Backup,2,Saturday,13,0,7,116,491519,49,26,Ready,Failed
3270,JOB010,ORDER_PROCESSING,Synchronization,18,Monday,18,13,2,24,448165,33,37,Ready,Success
3271,JOB015,DAILY_ANALYTICS,Data Processing,13,Friday,10,4,1,47,468251,75,64,Ready,Success
3272,JOB015,DAILY_ANALYTICS,Synchronization,19,Sunday,11,29,0,54,381210,92,43,Ready,Failed
3273,JOB010,ORDER_PROCESSING,Data Transfer,16,Saturday,12,7,3,99,192425,93,74,Ready,Failed
3274,JOB003,INVENTORY_UPDATE,Data Processing,7,Tuesday,7,0,1,47,450080,71,51,Delayed,Failed
3275,JOB009,STOCK_UPDATE,Data Transfer,23,Thursday,0,6,7,101,485845,85,26,Delayed,Failed
3276,JOB008,SALES_REPORT,Data Transfer,13,Sunday,8,1,9,28,387555,86,39,Ready,Success
3277,JOB010,ORDER_PROCESSING,Data Processing,5,Tuesday,27,6,8,86,33054,48,38,Ready,Failed
3278,JOB007,CUSTOMER_REPORT,Synchronization,22,Sunday,1,6,9,88,174876,46,81,Delayed,Failed
3279,JOB002,MONTHLY_PAYROLL,Data Processing,21,Thursday,13,8,0,64,464960,87,33,Delayed,Success
3280,JOB001,DAILY_SALES,Reporting,15,Wednesday,12,21,1,36,336122,54,51,Ready,Failed
3281,JOB005,BACKUP_JOB,Data Transfer,18,Sunday,15,3,5,9,437844,29,28,Ready,Success
3282,JOB017,INVOICE_PROCESSING,Data Transfer,13,Friday,1,22,9,6,480884,45,68,Delayed,Success
3283,JOB016,WAREHOUSE_UPDATE,Synchronization,18,Monday,3,6,6,30,386820,90,35,Ready,Success
3284,JOB020,ARCHIVE_JOB,Reporting,2,Friday,11,19,1,29,259527,95,43,Delayed,Success
3285,JOB004,DATA_TRANSFER,Backup,9,Thursday,15,17,7,54,204653,80,49,Ready,Failed
3286,JOB014,MASTER_DATA_SYNC,Synchronization,18,Sunday,9,12,9,90,50015,88,27,Ready,Failed
3287,JOB002,MONTHLY_PAYROLL,Backup,8,Monday,2,10,8,43,8624,75,29,Delayed,Success
3288,JOB004,DATA_TRANSFER,Reporting,19,Friday,3,8,7,90,346843,83,55,Ready,Success
3289,JOB015,DAILY_ANALYTICS,Data Transfer,12,Monday,5,13,8,79,341864,60,43,Ready,Success
3290,JOB001,DAILY_SALES,Reporting,6,Thursday,22,7,5,15,57215,23,27,Ready,Failed
3291,JOB018,VENDOR_DATA_SYNC,Reporting,13,Wednesday,4,20,6,67,476721,85,20,Not Ready,Failed
3292,JOB008,SALES_REPORT,Synchronization,8,Wednesday,17,13,5,113,379210,56,93,Delayed,Failed
3293,JOB020,ARCHIVE_JOB,Data Transfer,22,Sunday,2,20,6,72,210157,53,93,Ready,Failed
3294,JOB016,WAREHOUSE_UPDATE,Data Transfer,18,Friday,9,16,2,101,325783,69,52,Delayed,Success
3295,JOB016,WAREHOUSE_UPDATE,Data Transfer,14,Tuesday,10,26,3,22,195963,89,50,Ready,Success
3296,JOB004,DATA_TRANSFER,Data Processing,19,Thursday,18,24,8,99,295117,94,81,Ready,Failed
3297,JOB013,LOG_CLEANUP,Reporting,13,Friday,13,26,2,112,285235,61,54,Not Ready,Failed
3298,JOB008,SALES_REPORT,Data Transfer,23,Friday,20,13,1,32,416042,20,63,Delayed,Success
3299,JOB017,INVOICE_PROCESSING,Data Processing,5,Wednesday,27,25,6,46,407198,53,66,Ready,Success
3300,JOB008,SALES_REPORT,Synchronization,20,Sunday,10,26,5,64,106233,29,51,Ready,Success
3301,JOB009,STOCK_UPDATE,Data Processing,3,Monday,27,23,2,26,138492,24,82,Ready,Failed
3302,JOB020,ARCHIVE_JOB,Synchronization,7,Thursday,20,4,5,44,307914,63,41,Ready,Success
3303,JOB014,MASTER_DATA_SYNC,Backup,16,Monday,3,9,6,66,136103,38,26,Ready,Success
3304,JOB010,ORDER_PROCESSING,Reporting,8,Saturday,23,5,5,7,61068,40,25,Ready,Success
3305,JOB017,INVOICE_PROCESSING,Data Processing,0,Saturday,21,27,0,75,237818,53,60,Delayed,Success
3306,JOB007,CUSTOMER_REPORT,Synchronization,23,Thursday,5,9,0,67,40128,48,31,Ready,Success
3307,JOB018,VENDOR_DATA_SYNC,Backup,19,Sunday,16,10,8,24,215839,59,92,Ready,Success
3308,JOB014,MASTER_DATA_SYNC,Data Transfer,13,Tuesday,21,25,5,111,355493,37,59,Ready,Failed
3309,JOB005,BACKUP_JOB,Backup,10,Saturday,18,23,1,75,378873,68,88,Ready,Failed
3310,JOB013,LOG_CLEANUP,Data Transfer,20,Wednesday,12,5,0,75,300751,80,77,Ready,Failed
3311,JOB001,DAILY_SALES,Synchronization,2,Tuesday,21,9,1,97,242053,84,22,Delayed,Failed
3312,JOB011,EMPLOYEE_DATA_SYNC,Reporting,8,Friday,9,13,7,30,336031,94,62,Ready,Success
3313,JOB006,FINANCE_REPORT,Backup,13,Saturday,28,19,4,45,254545,55,93,Ready,Success
3314,JOB015,DAILY_ANALYTICS,Synchronization,8,Wednesday,10,2,6,7,476378,89,27,Ready,Success
3315,JOB014,MASTER_DATA_SYNC,Synchronization,3,Friday,28,6,6,47,235921,26,92,Ready,Failed
3316,JOB009,STOCK_UPDATE,Synchronization,3,Tuesday,5,28,1,21,265244,80,32,Not Ready,Success
3317,JOB014,MASTER_DATA_SYNC,Data Transfer,7,Thursday,1,1,3,108,207049,83,75,Delayed,Failed
3318,JOB010,ORDER_PROCESSING,Reporting,1,Friday,0,6,1,88,264881,93,38,Ready,Success
3319,JOB019,SYSTEM_MONITORING,Backup,8,Monday,10,16,6,102,127549,49,42,Ready,Failed
3320,JOB003,INVENTORY_UPDATE,Data Transfer,13,Thursday,30,12,4,57,228889,36,62,Ready,Success
3321,JOB001,DAILY_SALES,Reporting,21,Thursday,15,25,0,56,142182,63,43,Ready,Success
3322,JOB016,WAREHOUSE_UPDATE,Reporting,8,Tuesday,2,20,1,37,458475,91,22,Ready,Success
3323,JOB006,FINANCE_REPORT,Data Transfer,23,Tuesday,4,8,5,84,249514,95,33,Not Ready,Success
3324,JOB013,LOG_CLEANUP,Backup,22,Wednesday,14,12,3,64,149848,45,52,Ready,Success
3325,JOB020,ARCHIVE_JOB,Data Transfer,15,Wednesday,14,14,6,91,140511,36,46,Not Ready,Failed
3326,JOB002,MONTHLY_PAYROLL,Reporting,16,Monday,3,12,1,72,390296,54,31,Ready,Success
3327,JOB004,DATA_TRANSFER,Backup,15,Thursday,22,16,1,60,221635,65,65,Ready,Failed
3328,JOB019,SYSTEM_MONITORING,Synchronization,11,Sunday,3,7,5,109,125565,24,90,Ready,Failed
3329,JOB015,DAILY_ANALYTICS,Synchronization,2,Monday,7,8,7,68,289651,64,65,Ready,Failed
3330,JOB015,DAILY_ANALYTICS,Data Processing,10,Monday,6,8,0,108,447384,94,35,Ready,Failed
3331,JOB005,BACKUP_JOB,Data Processing,13,Sunday,25,7,4,101,472052,35,77,Ready,Failed
3332,JOB014,MASTER_DATA_SYNC,Synchronization,17,Sunday,24,15,0,12,184656,77,33,Ready,Success
3333,JOB005,BACKUP_JOB,Data Transfer,20,Sunday,16,19,5,73,423176,61,62,Delayed,Failed
3334,JOB011,EMPLOYEE_DATA_SYNC,Data Processing,20,Tuesday,14,29,6,37,316822,79,44,Delayed,Failed
3335,JOB007,CUSTOMER_REPORT,Data Processing,4,Monday,4,29,5,29,392743,75,34,Ready,Failed
3336,JOB005,BACKUP_JOB,Backup,15,Monday,12,6,8,75,375098,25,93,Ready,Success
3337,JOB007,CUSTOMER_REPORT,Data Transfer,19,Friday,3,16,2,115,434768,39,49,Delayed,Success
3338,JOB002,MONTHLY_PAYROLL,Data Transfer,4,Sunday,21,6,7,11,160632,43,63,Delayed,Failed
3339,JOB017,INVOICE_PROCESSING,Data Transfer,2,Sunday,16,5,2,63,389846,86,28,Ready,Success
3340,JOB010,ORDER_PROCESSING,Backup,11,Wednesday,21,4,6,37,183305,71,30,Ready,Success
3341,JOB017,INVOICE_PROCESSING,Data Processing,0,Wednesday,16,16,4,45,272683,29,85,Ready,Failed
3342,JOB001,DAILY_SALES,Backup,20,Thursday,13,7,0,37,342542,44,41,Not Ready,Failed
3343,JOB019,SYSTEM_MONITORING,Synchronization,8,Wednesday,13,25,3,33,383407,64,39,Delayed,Success
3344,JOB003,INVENTORY_UPDATE,Reporting,8,Saturday,16,0,8,112,252104,20,48,Delayed,Failed
3345,JOB003,INVENTORY_UPDATE,Synchronization,3,Thursday,7,15,7,43,185960,44,82,Ready,Success
3346,JOB005,BACKUP_JOB,Synchronization,2,Sunday,1,16,2,61,229831,95,60,Not Ready,Failed
3347,JOB015,DAILY_ANALYTICS,Data Processing,16,Friday,25,29,1,109,406031,92,95,Ready,Success
3348,JOB018,VENDOR_DATA_SYNC,Data Processing,1,Wednesday,12,2,8,100,2854,28,67,Delayed,Failed
3349,JOB001,DAILY_SALES,Reporting,23,Friday,29,12,0,105,44904,61,46,Ready,Success
3350,JOB006,FINANCE_REPORT,Data Processing,0,Wednesday,21,7,8,112,285578,82,50,Ready,Failed
3351,JOB010,ORDER_PROCESSING,Data Transfer,7,Wednesday,15,15,6,97,300989,44,44,Ready,Failed
3352,JOB012,DATABASE_BACKUP,Synchronization,12,Friday,29,23,1,68,39108,67,68,Ready,Success
3353,JOB004,DATA_TRANSFER,Reporting,22,Monday,15,29,4,90,124280,74,89,Ready,Failed
3354,JOB017,INVOICE_PROCESSING,Reporting,14,Monday,5,6,1,70,460357,85,83,Ready,Failed
3355,JOB007,CUSTOMER_REPORT,Data Processing,7,Monday,21,20,4,118,439882,43,75,Not Ready,Failed
3356,JOB006,FINANCE_REPORT,Reporting,11,Saturday,23,14,6,13,79907,63,26,Ready,Failed
3357,JOB020,ARCHIVE_JOB,Reporting,21,Monday,3,23,4,33,15976,75,89,Ready,Failed
3358,JOB012,DATABASE_BACKUP,Data Transfer,11,Wednesday,2,1,1,101,312427,54,54,Ready,Success
3359,JOB008,SALES_REPORT,Synchronization,13,Sunday,5,23,4,78,79216,53,40,Ready,Failed
3360,JOB009,STOCK_UPDATE,Reporting,14,Tuesday,3,27,9,32,374548,25,66,Ready,Failed
3361,JOB017,INVOICE_PROCESSING,Reporting,14,Friday,17,26,5,114,188295,68,79,Ready,Failed
3362,JOB016,WAREHOUSE_UPDATE,Reporting,8,Sunday,5,1,4,57,226860,35,36,Ready,Failed
3363,JOB003,INVENTORY_UPDATE,Backup,18,Tuesday,25,9,1,50,269301,32,36,Not Ready,Success
3364,JOB010,ORDER_PROCESSING,Data Transfer,19,Sunday,4,4,5,43,318874,31,90,Ready,Success
3365,JOB011,EMPLOYEE_DATA_SYNC,Synchronization,21,Saturday,26,26,5,80,359873,30,44,Ready,Success
3366,JOB015,DAILY_ANALYTICS,Backup,7,Tuesday,8,28,1,62,425086,66,53,Delayed,Success
3367,JOB018,VENDOR_DATA_SYNC,Reporting,20,Thursday,10,3,3,90,82581,79,45,Ready,Success
3368,JOB004,DATA_TRANSFER,Data Processing,18,Monday,5,14,6,58,89533,68,25,Ready,Failed
3369,JOB013,LOG_CLEANUP,Reporting,5,Saturday,29,12,0,10,120194,71,29,Not Ready,Success
3370,JOB005,BACKUP_JOB,Data Transfer,19,Sunday,15,16,0,49,423232,80,22,Ready,Failed
3371,JOB006,FINANCE_REPORT,Reporting,18,Wednesday,18,20,5,44,247563,59,78,Ready,Success
3372,JOB010,ORDER_PROCESSING,Data Processing,3,Monday,10,22,6,27,438443,90,88,Ready,Failed
3373,JOB019,SYSTEM_MONITORING,Backup,22,Monday,20,0,4,102,228871,94,67,Ready,Success
3374,JOB018,VENDOR_DATA_SYNC,Data Transfer,6,Tuesday,14,17,9,46,350256,72,42,Ready,Failed
3375,JOB012,DATABASE_BACKUP,Backup,3,Thursday,25,27,7,42,480425,80,24,Delayed,Failed
3376,JOB016,WAREHOUSE_UPDATE,Data Processing,21,Monday,23,14,3,20,374673,41,75,Delayed,Success
3377,JOB009,STOCK_UPDATE,Synchronization,11,Sunday,8,13,2,78,496153,57,57,Ready,Failed
3378,JOB013,LOG_CLEANUP,Backup,12,Sunday,23,8,6,51,358944,80,95,Ready,Success
3379,JOB018,VENDOR_DATA_SYNC,Backup,2,Friday,30,11,3,25,492494,66,26,Ready,Failed
3380,JOB012,DATABASE_BACKUP,Reporting,21,Friday,18,4,0,120,265820,46,36,Ready,Success
3381,JOB019,SYSTEM_MONITORING,Data Transfer,11,Monday,24,29,7,78,2215,37,28,Ready,Success
3382,JOB006,FINANCE_REPORT,Data Transfer,1,Tuesday,18,28,4,79,413077,39,94,Ready,Failed
3383,JOB017,INVOICE_PROCESSING,Synchronization,23,Tuesday,23,22,7,25,147932,61,65,Not Ready,Failed
3384,JOB006,FINANCE_REPORT,Synchronization,1,Wednesday,25,1,7,29,330944,60,56,Delayed,Success
3385,JOB002,MONTHLY_PAYROLL,Backup,22,Saturday,8,22,4,65,163812,91,26,Ready,Failed
3386,JOB006,FINANCE_REPORT,Synchronization,8,Saturday,22,22,7,102,385622,77,36,Not Ready,Failed
3387,JOB017,INVOICE_PROCESSING,Data Transfer,0,Saturday,3,6,6,58,133041,59,60,Delayed,Failed
3388,JOB019,SYSTEM_MONITORING,Data Transfer,7,Thursday,9,20,2,99,302540,94,83,Not Ready,Failed
3389,JOB018,VENDOR_DATA_SYNC,Backup,22,Tuesday,30,8,3,95,1600,49,76,Ready,Failed
3390,JOB011,EMPLOYEE_DATA_SYNC,Backup,5,Wednesday,8,17,6,93,431439,31,64,Ready,Success
3391,JOB003,INVENTORY_UPDATE,Data Processing,5,Friday,18,3,3,64,285469,81,92,Ready,Failed
3392,JOB019,SYSTEM_MONITORING,Data Transfer,21,Sunday,14,1,5,46,207132,81,27,Not Ready,Failed
3393,JOB009,STOCK_UPDATE,Synchronization,17,Saturday,18,23,1,65,134788,89,29,Ready,Success
3394,JOB013,LOG_CLEANUP,Data Processing,16,Friday,1,27,1,36,406924,34,73,Ready,Failed
3395,JOB008,SALES_REPORT,Reporting,11,Friday,9,26,2,57,491052,26,85,Not Ready,Success
3396,JOB003,INVENTORY_UPDATE,Synchronization,5,Monday,30,0,9,48,280309,25,63,Ready,Failed
3397,JOB006,FINANCE_REPORT,Reporting,7,Thursday,18,24,6,15,324296,46,67,Delayed,Success
3398,JOB020,ARCHIVE_JOB,Data Processing,18,Wednesday,16,11,2,51,264578,21,90,Ready,Failed
3399,JOB016,WAREHOUSE_UPDATE,Data Transfer,9,Thursday,30,12,2,94,15852,25,21,Ready,Failed
3400,JOB014,MASTER_DATA_SYNC,Data Transfer,0,Monday,19,13,3,64,169178,80,25,Ready,Success
3401,JOB004,DATA_TRANSFER,Reporting,12,Wednesday,23,4,9,40,409181,51,64,Ready,Success
3402,JOB010,ORDER_PROCESSING,Data Transfer,16,Wednesday,20,26,5,105,157664,48,29,Ready,Failed
3403,JOB002,MONTHLY_PAYROLL,Backup,2,Tuesday,1,27,0,64,191635,84,28,Ready,Success
3404,JOB001,DAILY_SALES,Data Processing,7,Thursday,18,2,5,37,200310,34,51,Not Ready,Failed
3405,JOB017,INVOICE_PROCESSING,Synchronization,13,Thursday,16,27,7,101,389930,29,21,Not Ready,Failed
3406,JOB011,EMPLOYEE_DATA_SYNC,Data Processing,2,Tuesday,17,26,7,46,356072,29,40,Ready,Success
3407,JOB009,STOCK_UPDATE,Reporting,15,Friday,16,3,5,104,21375,29,22,Ready,Success
3408,JOB010,ORDER_PROCESSING,Reporting,12,Monday,1,16,5,17,9651,56,42,Ready,Success
3409,JOB011,EMPLOYEE_DATA_SYNC,Data Transfer,19,Thursday,18,18,2,18,450900,51,56,Ready,Success
3410,JOB015,DAILY_ANALYTICS,Reporting,23,Tuesday,0,10,1,62,82725,55,91,Ready,Failed
3411,JOB002,MONTHLY_PAYROLL,Synchronization,16,Sunday,10,7,6,119,385077,83,55,Ready,Failed
3412,JOB017,INVOICE_PROCESSING,Data Processing,12,Wednesday,24,11,7,105,391633,34,33,Ready,Failed
3413,JOB011,EMPLOYEE_DATA_SYNC,Synchronization,5,Saturday,9,17,9,111,83451,92,34,Ready,Failed
3414,JOB011,EMPLOYEE_DATA_SYNC,Data Processing,16,Sunday,4,17,5,44,134049,35,54,Ready,Success
3415,JOB006,FINANCE_REPORT,Data Transfer,13,Tuesday,15,8,4,69,375285,65,41,Delayed,Failed
3416,JOB005,BACKUP_JOB,Reporting,16,Saturday,23,4,3,9,209077,63,66,Ready,Success
3417,JOB018,VENDOR_DATA_SYNC,Data Processing,7,Friday,4,20,0,34,47828,95,55,Delayed,Failed
3418,JOB014,MASTER_DATA_SYNC,Backup,10,Monday,23,16,8,86,53916,54,34,Ready,Success
3419,JOB005,BACKUP_JOB,Backup,19,Saturday,22,12,9,49,361738,70,77,Ready,Success
3420,JOB016,WAREHOUSE_UPDATE,Backup,0,Friday,11,5,3,105,334757,77,50,Ready,Failed
3421,JOB014,MASTER_DATA_SYNC,Backup,6,Saturday,3,23,1,62,451236,24,60,Delayed,Success
3422,JOB018,VENDOR_DATA_SYNC,Synchronization,20,Wednesday,30,21,3,43,53727,57,93,Ready,Failed
3423,JOB002,MONTHLY_PAYROLL,Reporting,20,Wednesday,22,13,4,16,128634,25,45,Ready,Success
3424,JOB007,CUSTOMER_REPORT,Data Processing,16,Wednesday,5,14,1,38,316945,70,49,Not Ready,Success
3425,JOB008,SALES_REPORT,Backup,9,Wednesday,18,22,6,113,306579,33,31,Ready,Success
3426,JOB011,EMPLOYEE_DATA_SYNC,Backup,10,Tuesday,8,13,2,18,73150,67,50,Ready,Success
3427,JOB017,INVOICE_PROCESSING,Data Processing,21,Wednesday,11,3,7,42,458569,31,21,Ready,Failed
3428,JOB005,BACKUP_JOB,Data Transfer,8,Sunday,25,17,3,20,378344,71,39,Ready,Success
3429,JOB011,EMPLOYEE_DATA_SYNC,Synchronization,8,Wednesday,14,0,4,110,458027,87,77,Ready,Failed
3430,JOB012,DATABASE_BACKUP,Synchronization,23,Sunday,15,11,2,65,363087,78,39,Ready,Success
3431,JOB004,DATA_TRANSFER,Reporting,4,Tuesday,12,21,4,63,402662,37,53,Not Ready,Success
3432,JOB020,ARCHIVE_JOB,Backup,16,Wednesday,24,8,8,79,104120,72,79,Delayed,Failed
3433,JOB002,MONTHLY_PAYROLL,Reporting,8,Friday,29,9,1,101,121537,50,53,Ready,Success
3434,JOB018,VENDOR_DATA_SYNC,Reporting,16,Friday,20,20,6,83,347701,54,56,Ready,Failed
3435,JOB004,DATA_TRANSFER,Reporting,23,Thursday,23,27,9,116,248725,23,86,Ready,Success
3436,JOB017,INVOICE_PROCESSING,Reporting,20,Friday,6,17,7,110,50202,28,38,Delayed,Failed
3437,JOB020,ARCHIVE_JOB,Data Processing,18,Monday,24,16,2,78,132871,34,71,Ready,Success
3438,JOB012,DATABASE_BACKUP,Data Processing,6,Monday,22,18,3,71,451659,61,63,Delayed,Failed
3439,JOB013,LOG_CLEANUP,Data Processing,22,Monday,19,3,9,15,273083,78,46,Not Ready,Failed
3440,JOB012,DATABASE_BACKUP,Reporting,8,Tuesday,3,15,1,15,224695,92,57,Ready,Success
3441,JOB006,FINANCE_REPORT,Backup,6,Friday,10,6,9,20,171482,51,40,Not Ready,Failed
3442,JOB002,MONTHLY_PAYROLL,Synchronization,12,Sunday,7,8,8,42,458618,64,57,Ready,Success
3443,JOB016,WAREHOUSE_UPDATE,Backup,10,Monday,5,7,2,34,17620,24,32,Ready,Success
3444,JOB013,LOG_CLEANUP,Reporting,13,Thursday,24,24,8,45,443839,50,40,Ready,Failed
3445,JOB004,DATA_TRANSFER,Data Transfer,18,Tuesday,29,6,6,5,457077,44,61,Ready,Success
3446,JOB016,WAREHOUSE_UPDATE,Data Processing,10,Thursday,9,9,5,42,363652,75,67,Delayed,Success
3447,JOB015,DAILY_ANALYTICS,Backup,12,Friday,29,7,2,118,97553,20,65,Ready,Failed
3448,JOB013,LOG_CLEANUP,Data Processing,13,Wednesday,6,23,6,113,401397,80,76,Ready,Failed
3449,JOB010,ORDER_PROCESSING,Backup,12,Thursday,6,16,2,102,498779,86,71,Ready,Failed
3450,JOB018,VENDOR_DATA_SYNC,Data Transfer,0,Wednesday,3,11,5,64,304242,86,41,Ready,Failed
3451,JOB003,INVENTORY_UPDATE,Backup,7,Tuesday,2,13,7,23,441394,61,36,Ready,Success
3452,JOB004,DATA_TRANSFER,Data Processing,11,Thursday,23,11,4,102,192278,78,45,Delayed,Failed
3453,JOB016,WAREHOUSE_UPDATE,Data Transfer,18,Thursday,6,24,2,63,45055,69,58,Delayed,Failed
3454,JOB004,DATA_TRANSFER,Data Processing,11,Saturday,3,1,5,104,21885,53,90,Ready,Failed
3455,JOB019,SYSTEM_MONITORING,Synchronization,7,Tuesday,12,11,7,72,150168,87,82,Ready,Failed
3456,JOB003,INVENTORY_UPDATE,Reporting,7,Tuesday,19,26,9,14,26526,73,70,Ready,Success
3457,JOB007,CUSTOMER_REPORT,Synchronization,20,Monday,16,13,2,21,417310,33,49,Ready,Success
3458,JOB005,BACKUP_JOB,Reporting,12,Friday,26,6,4,84,4796,51,60,Delayed,Failed
3459,JOB013,LOG_CLEANUP,Reporting,11,Thursday,6,28,8,89,118061,89,52,Ready,Success
3460,JOB001,DAILY_SALES,Synchronization,15,Thursday,16,25,9,96,256309,27,69,Ready,Failed
3461,JOB003,INVENTORY_UPDATE,Data Transfer,0,Sunday,25,25,9,76,349488,54,82,Ready,Success
3462,JOB016,WAREHOUSE_UPDATE,Reporting,12,Tuesday,25,12,2,33,490122,43,58,Ready,Success
3463,JOB001,DAILY_SALES,Backup,6,Tuesday,3,20,1,10,55571,22,47,Ready,Success
3464,JOB006,FINANCE_REPORT,Synchronization,4,Friday,10,3,7,98,215691,55,37,Ready,Failed
3465,JOB018,VENDOR_DATA_SYNC,Backup,7,Tuesday,29,0,6,70,207936,70,93,Ready,Failed
3466,JOB009,STOCK_UPDATE,Data Transfer,13,Wednesday,2,16,8,115,136182,76,78,Ready,Success
3467,JOB006,FINANCE_REPORT,Data Transfer,22,Wednesday,10,2,3,67,479508,78,85,Ready,Success
3468,JOB016,WAREHOUSE_UPDATE,Synchronization,12,Saturday,2,29,2,35,255585,41,62,Delayed,Failed
3469,JOB003,INVENTORY_UPDATE,Backup,14,Wednesday,11,16,9,29,180517,56,32,Ready,Success
3470,JOB020,ARCHIVE_JOB,Data Processing,22,Wednesday,0,7,4,91,174915,94,20,Ready,Success
3471,JOB019,SYSTEM_MONITORING,Reporting,16,Friday,3,2,0,111,31897,31,51,Ready,Success
3472,JOB015,DAILY_ANALYTICS,Data Processing,14,Thursday,13,26,4,25,235957,40,29,Ready,Failed
3473,JOB017,INVOICE_PROCESSING,Data Processing,19,Wednesday,0,9,2,20,142580,34,34,Ready,Success
3474,JOB010,ORDER_PROCESSING,Synchronization,17,Saturday,13,1,0,8,321616,31,36,Ready,Success
3475,JOB015,DAILY_ANALYTICS,Data Processing,17,Tuesday,12,21,2,111,293510,75,82,Delayed,Failed
3476,JOB018,VENDOR_DATA_SYNC,Data Processing,1,Wednesday,12,3,4,50,131564,35,73,Not Ready,Success
3477,JOB015,DAILY_ANALYTICS,Reporting,3,Saturday,23,28,4,12,52538,52,42,Ready,Failed
3478,JOB015,DAILY_ANALYTICS,Data Transfer,0,Friday,14,28,9,10,402799,62,90,Ready,Success
3479,JOB005,BACKUP_JOB,Reporting,3,Sunday,30,13,7,57,326772,68,69,Ready,Failed
3480,JOB009,STOCK_UPDATE,Reporting,17,Sunday,16,10,0,68,263312,37,78,Ready,Success
3481,JOB020,ARCHIVE_JOB,Synchronization,4,Sunday,11,13,6,95,356344,35,55,Ready,Success
3482,JOB020,ARCHIVE_JOB,Data Transfer,18,Tuesday,29,12,4,55,66055,59,25,Delayed,Failed
3483,JOB013,LOG_CLEANUP,Backup,14,Saturday,21,26,2,104,388076,86,85,Ready,Failed
3484,JOB014,MASTER_DATA_SYNC,Backup,7,Wednesday,22,28,3,104,54117,81,51,Delayed,Failed
3485,JOB010,ORDER_PROCESSING,Data Processing,19,Thursday,30,3,2,67,86128,46,72,Not Ready,Failed
3486,JOB010,ORDER_PROCESSING,Synchronization,16,Tuesday,25,1,7,92,194130,33,88,Ready,Failed
3487,JOB019,SYSTEM_MONITORING,Data Transfer,0,Tuesday,13,1,3,10,156628,85,21,Not Ready,Success
3488,JOB009,STOCK_UPDATE,Synchronization,11,Sunday,11,10,2,66,243432,46,62,Ready,Success
3489,JOB011,EMPLOYEE_DATA_SYNC,Data Transfer,18,Thursday,17,21,1,111,315023,73,59,Ready,Success
3490,JOB001,DAILY_SALES,Data Transfer,14,Sunday,3,4,2,37,261558,79,87,Ready,Success
3491,JOB008,SALES_REPORT,Reporting,8,Tuesday,26,8,6,6,479645,59,23,Ready,Success
3492,JOB017,INVOICE_PROCESSING,Data Transfer,6,Wednesday,13,19,5,45,287077,64,94,Delayed,Failed
3493,JOB009,STOCK_UPDATE,Data Transfer,1,Sunday,18,20,9,20,17159,87,65,Delayed,Success
3494,JOB012,DATABASE_BACKUP,Backup,8,Sunday,28,16,4,106,415077,87,39,Ready,Failed
3495,JOB011,EMPLOYEE_DATA_SYNC,Data Processing,9,Sunday,12,11,7,63,128457,82,33,Ready,Failed
3496,JOB001,DAILY_SALES,Backup,1,Tuesday,24,27,0,13,356682,59,33,Ready,Success
3497,JOB001,DAILY_SALES,Reporting,18,Wednesday,29,17,2,119,407772,60,68,Ready,Failed
3498,JOB012,DATABASE_BACKUP,Reporting,10,Thursday,22,2,1,73,333400,80,22,Ready,Success
3499,JOB008,SALES_REPORT,Synchronization,12,Monday,17,4,1,14,84633,84,40,Ready,Success
3500,JOB013,LOG_CLEANUP,Reporting,9,Thursday,10,27,0,98,132002,20,80,Ready,Success
3501,JOB002,MONTHLY_PAYROLL,Data Processing,13,Wednesday,27,20,4,11,384451,28,21,Ready,Success
3502,JOB015,DAILY_ANALYTICS,Data Transfer,17,Friday,5,19,4,97,36280,94,40,Ready,Success
3503,JOB018,VENDOR_DATA_SYNC,Backup,18,Sunday,8,13,2,70,290981,34,29,Ready,Success
3504,JOB015,DAILY_ANALYTICS,Synchronization,21,Thursday,11,15,8,24,185813,78,38,Ready,Success
3505,JOB010,ORDER_PROCESSING,Reporting,8,Friday,18,25,5,67,80370,85,72,Ready,Failed
3506,JOB008,SALES_REPORT,Reporting,6,Friday,13,18,9,8,433662,29,95,Ready,Failed
3507,JOB004,DATA_TRANSFER,Data Processing,2,Wednesday,14,8,5,32,101982,68,68,Not Ready,Failed
3508,JOB007,CUSTOMER_REPORT,Backup,19,Wednesday,10,16,9,76,34049,30,27,Ready,Success
3509,JOB015,DAILY_ANALYTICS,Synchronization,5,Sunday,5,21,5,39,431910,49,76,Ready,Success
3510,JOB013,LOG_CLEANUP,Backup,20,Monday,13,6,1,6,214421,42,43,Ready,Success
3511,JOB010,ORDER_PROCESSING,Backup,1,Saturday,2,9,9,45,142892,41,66,Ready,Failed
3512,JOB005,BACKUP_JOB,Synchronization,5,Tuesday,18,3,9,32,194369,70,40,Ready,Failed
3513,JOB012,DATABASE_BACKUP,Reporting,2,Thursday,19,9,7,79,279149,61,27,Ready,Failed
3514,JOB002,MONTHLY_PAYROLL,Data Processing,15,Wednesday,24,2,5,104,226532,48,38,Delayed,Failed
3515,JOB018,VENDOR_DATA_SYNC,Data Processing,7,Thursday,10,23,2,77,480794,64,49,Ready,Failed
3516,JOB013,LOG_CLEANUP,Data Processing,1,Saturday,28,8,9,106,219154,52,45,Delayed,Success
3517,JOB019,SYSTEM_MONITORING,Synchronization,16,Saturday,23,12,8,5,442825,58,39,Ready,Failed
3518,JOB010,ORDER_PROCESSING,Backup,8,Sunday,16,0,1,31,123793,92,92,Ready,Success
3519,JOB013,LOG_CLEANUP,Data Processing,11,Friday,28,14,6,71,446580,84,64,Ready,Failed
3520,JOB019,SYSTEM_MONITORING,Data Processing,2,Sunday,27,14,2,43,326118,69,83,Ready,Success
3521,JOB012,DATABASE_BACKUP,Backup,10,Tuesday,26,10,5,77,71168,67,49,Delayed,Failed
3522,JOB005,BACKUP_JOB,Reporting,0,Monday,16,27,4,44,241513,56,72,Ready,Success
3523,JOB003,INVENTORY_UPDATE,Reporting,22,Thursday,22,9,5,32,109813,52,69,Delayed,Failed
3524,JOB017,INVOICE_PROCESSING,Data Processing,12,Tuesday,2,24,7,89,439160,25,81,Ready,Success
3525,JOB015,DAILY_ANALYTICS,Backup,14,Monday,13,6,2,96,454992,89,61,Ready,Failed
3526,JOB009,STOCK_UPDATE,Reporting,4,Thursday,26,0,1,113,216655,74,47,Ready,Failed
3527,JOB003,INVENTORY_UPDATE,Data Transfer,20,Tuesday,6,6,7,28,436111,63,77,Ready,Success
3528,JOB004,DATA_TRANSFER,Data Transfer,16,Wednesday,24,4,0,86,273678,69,50,Ready,Success
3529,JOB008,SALES_REPORT,Synchronization,22,Thursday,18,25,1,55,330368,73,78,Ready,Success
3530,JOB018,VENDOR_DATA_SYNC,Synchronization,23,Tuesday,2,28,9,60,88855,82,94,Ready,Success
3531,JOB002,MONTHLY_PAYROLL,Data Processing,5,Saturday,1,28,0,77,370522,35,31,Ready,Success
3532,JOB012,DATABASE_BACKUP,Backup,20,Monday,25,22,4,30,241087,66,64,Ready,Failed
3533,JOB003,INVENTORY_UPDATE,Synchronization,21,Tuesday,16,15,7,92,1816,76,85,Ready,Failed
3534,JOB012,DATABASE_BACKUP,Backup,10,Wednesday,8,27,1,56,258184,21,87,Ready,Success
3535,JOB009,STOCK_UPDATE,Data Transfer,17,Sunday,21,24,3,10,496386,56,51,Ready,Success
3536,JOB009,STOCK_UPDATE,Backup,3,Thursday,5,7,3,63,121876,42,60,Delayed,Success
3537,JOB006,FINANCE_REPORT,Data Processing,2,Thursday,23,21,6,16,388870,32,74,Delayed,Success
3538,JOB010,ORDER_PROCESSING,Reporting,12,Thursday,26,1,0,67,99110,84,88,Ready,Failed
3539,JOB003,INVENTORY_UPDATE,Synchronization,22,Wednesday,20,7,8,40,440151,67,24,Ready,Success
3540,JOB016,WAREHOUSE_UPDATE,Backup,8,Monday,8,27,2,13,427661,26,82,Ready,Failed
3541,JOB009,STOCK_UPDATE,Data Processing,20,Thursday,30,13,5,78,142518,50,23,Delayed,Failed
3542,JOB009,STOCK_UPDATE,Backup,5,Monday,26,3,9,71,358483,82,60,Ready,Failed
3543,JOB003,INVENTORY_UPDATE,Data Processing,11,Tuesday,4,23,4,117,408031,64,31,Delayed,Success
3544,JOB009,STOCK_UPDATE,Data Processing,1,Saturday,1,14,3,33,356239,75,56,Ready,Success
3545,JOB012,DATABASE_BACKUP,Synchronization,2,Saturday,21,6,8,75,368680,83,74,Delayed,Failed
3546,JOB003,INVENTORY_UPDATE,Reporting,2,Monday,14,19,8,94,77042,41,64,Ready,Success
3547,JOB005,BACKUP_JOB,Backup,11,Monday,8,7,0,12,3446,82,47,Ready,Failed
3548,JOB001,DAILY_SALES,Data Transfer,14,Saturday,18,26,6,47,346952,47,78,Ready,Success
3549,JOB009,STOCK_UPDATE,Synchronization,8,Thursday,9,10,9,81,133792,63,26,Ready,Success
3550,JOB017,INVOICE_PROCESSING,Synchronization,22,Friday,3,27,8,39,289623,33,79,Ready,Success
3551,JOB004,DATA_TRANSFER,Synchronization,7,Friday,9,26,4,87,459975,38,72,Ready,Success
3552,JOB014,MASTER_DATA_SYNC,Backup,10,Wednesday,26,1,0,114,341632,79,59,Ready,Success
3553,JOB020,ARCHIVE_JOB,Synchronization,15,Sunday,7,8,7,26,362382,21,71,Delayed,Failed
3554,JOB005,BACKUP_JOB,Synchronization,21,Saturday,21,5,4,84,59656,70,30,Ready,Success
3555,JOB012,DATABASE_BACKUP,Synchronization,3,Saturday,12,22,5,83,297220,53,69,Ready,Success
3556,JOB013,LOG_CLEANUP,Synchronization,0,Wednesday,6,25,6,70,47265,70,69,Not Ready,Failed
3557,JOB013,LOG_CLEANUP,Reporting,23,Friday,6,0,9,106,33967,38,67,Delayed,Failed
3558,JOB019,SYSTEM_MONITORING,Backup,6,Tuesday,3,2,6,25,390623,55,73,Ready,Success
3559,JOB017,INVOICE_PROCESSING,Data Processing,1,Thursday,14,29,6,98,54258,45,25,Ready,Success
3560,JOB017,INVOICE_PROCESSING,Data Transfer,23,Thursday,11,9,0,75,126764,54,69,Ready,Failed
3561,JOB020,ARCHIVE_JOB,Data Processing,4,Tuesday,15,4,6,99,49625,82,22,Ready,Failed
3562,JOB007,CUSTOMER_REPORT,Synchronization,6,Tuesday,5,11,2,45,137146,23,60,Ready,Failed
3563,JOB015,DAILY_ANALYTICS,Backup,3,Friday,27,22,4,45,257276,22,47,Not Ready,Success
3564,JOB001,DAILY_SALES,Data Transfer,4,Wednesday,8,0,9,53,180202,24,51,Ready,Success
3565,JOB008,SALES_REPORT,Data Processing,23,Tuesday,2,8,4,103,283521,48,58,Delayed,Failed
3566,JOB008,SALES_REPORT,Backup,0,Wednesday,7,20,7,8,89992,38,90,Ready,Failed
3567,JOB010,ORDER_PROCESSING,Synchronization,0,Sunday,6,12,6,102,54085,36,82,Ready,Failed
3568,JOB017,INVOICE_PROCESSING,Synchronization,14,Monday,3,27,6,69,40701,53,38,Not Ready,Failed
3569,JOB001,DAILY_SALES,Synchronization,19,Thursday,25,18,5,14,51749,39,20,Ready,Success
3570,JOB014,MASTER_DATA_SYNC,Data Transfer,18,Friday,12,6,6,98,377836,47,52,Ready,Failed
3571,JOB008,SALES_REPORT,Data Transfer,9,Thursday,18,25,6,100,328225,92,52,Ready,Success
3572,JOB020,ARCHIVE_JOB,Synchronization,17,Friday,29,15,4,71,271615,86,30,Not Ready,Failed
3573,JOB015,DAILY_ANALYTICS,Data Transfer,2,Monday,6,7,4,14,172430,29,79,Ready,Success
3574,JOB018,VENDOR_DATA_SYNC,Data Processing,10,Thursday,9,25,3,77,397235,40,47,Ready,Success
3575,JOB001,DAILY_SALES,Reporting,14,Monday,24,25,3,21,104661,23,81,Ready,Failed
3576,JOB010,ORDER_PROCESSING,Backup,10,Friday,11,18,4,115,412964,41,66,Ready,Failed
3577,JOB004,DATA_TRANSFER,Reporting,16,Tuesday,25,6,9,71,115814,90,36,Ready,Failed
3578,JOB007,CUSTOMER_REPORT,Reporting,16,Sunday,2,22,8,95,29975,81,93,Ready,Success
3579,JOB019,SYSTEM_MONITORING,Backup,5,Thursday,30,3,5,57,470740,31,91,Not Ready,Failed
3580,JOB011,EMPLOYEE_DATA_SYNC,Data Processing,4,Monday,25,9,7,39,169666,30,28,Ready,Success
3581,JOB020,ARCHIVE_JOB,Data Transfer,7,Saturday,24,24,8,8,266393,41,27,Ready,Success
3582,JOB010,ORDER_PROCESSING,Reporting,1,Thursday,28,0,3,72,119589,48,78,Delayed,Failed
3583,JOB017,INVOICE_PROCESSING,Reporting,15,Thursday,23,16,6,117,62929,80,88,Delayed,Failed
3584,JOB007,CUSTOMER_REPORT,Data Processing,19,Thursday,11,20,4,100,292252,80,64,Delayed,Failed
3585,JOB007,CUSTOMER_REPORT,Data Processing,23,Wednesday,18,12,3,106,359036,46,52,Delayed,Success
3586,JOB001,DAILY_SALES,Synchronization,11,Monday,14,18,6,15,22541,66,57,Ready,Failed
3587,JOB010,ORDER_PROCESSING,Synchronization,5,Monday,7,25,2,48,176733,33,82,Ready,Success
3588,JOB004,DATA_TRANSFER,Data Processing,0,Thursday,11,12,0,64,91594,26,31,Ready,Success
3589,JOB008,SALES_REPORT,Reporting,3,Tuesday,19,8,6,107,282567,34,86,Ready,Success
3590,JOB002,MONTHLY_PAYROLL,Backup,16,Thursday,5,4,8,113,87330,65,48,Not Ready,Failed
3591,JOB010,ORDER_PROCESSING,Reporting,12,Wednesday,27,22,1,74,59851,47,41,Delayed,Success
3592,JOB002,MONTHLY_PAYROLL,Synchronization,17,Friday,9,0,6,66,421960,62,53,Delayed,Success
3593,JOB017,INVOICE_PROCESSING,Reporting,4,Wednesday,1,1,9,103,124818,29,89,Ready,Failed
3594,JOB008,SALES_REPORT,Data Transfer,23,Tuesday,23,10,1,114,66552,70,58,Delayed,Failed
3595,JOB020,ARCHIVE_JOB,Data Transfer,23,Thursday,12,27,2,36,385836,22,35,Ready,Success
3596,JOB006,FINANCE_REPORT,Data Transfer,2,Monday,24,3,9,50,139155,95,50,Ready,Failed
3597,JOB006,FINANCE_REPORT,Data Processing,10,Sunday,6,8,9,27,169915,63,68,Ready,Success
3598,JOB020,ARCHIVE_JOB,Reporting,12,Saturday,7,4,2,110,30118,73,63,Delayed,Success
3599,JOB006,FINANCE_REPORT,Backup,3,Thursday,22,4,3,41,308478,53,65,Ready,Success
3600,JOB017,INVOICE_PROCESSING,Synchronization,13,Tuesday,15,24,5,94,243115,84,20,Ready,Failed
3601,JOB006,FINANCE_REPORT,Data Processing,21,Monday,10,7,2,102,339585,44,63,Ready,Success
3602,JOB014,MASTER_DATA_SYNC,Data Processing,10,Wednesday,25,1,8,106,177733,82,65,Delayed,Failed
3603,JOB007,CUSTOMER_REPORT,Data Transfer,9,Friday,3,6,1,79,197527,89,91,Ready,Failed
3604,JOB006,FINANCE_REPORT,Data Transfer,18,Friday,16,16,6,118,96918,64,72,Ready,Success
3605,JOB004,DATA_TRANSFER,Data Transfer,17,Sunday,15,25,5,62,318468,87,52,Ready,Failed
3606,JOB006,FINANCE_REPORT,Synchronization,5,Thursday,18,26,1,89,250377,45,64,Not Ready,Success
3607,JOB002,MONTHLY_PAYROLL,Data Transfer,14,Wednesday,22,10,2,47,190449,45,83,Ready,Failed
3608,JOB001,DAILY_SALES,Data Processing,20,Sunday,26,14,5,92,436987,45,22,Ready,Failed
3609,JOB016,WAREHOUSE_UPDATE,Data Transfer,9,Saturday,10,24,9,19,93119,81,43,Ready,Success
3610,JOB017,INVOICE_PROCESSING,Data Processing,4,Saturday,6,2,3,71,458505,80,95,Ready,Success
3611,JOB010,ORDER_PROCESSING,Reporting,4,Sunday,26,12,0,6,46156,21,50,Ready,Success
3612,JOB020,ARCHIVE_JOB,Synchronization,9,Tuesday,12,17,0,75,245364,60,90,Delayed,Success
3613,JOB006,FINANCE_REPORT,Reporting,4,Friday,18,19,2,9,7230,64,59,Delayed,Failed
3614,JOB006,FINANCE_REPORT,Reporting,2,Wednesday,16,19,7,57,295793,33,69,Ready,Failed
3615,JOB008,SALES_REPORT,Backup,22,Thursday,25,2,3,49,304573,56,93,Ready,Success
3616,JOB012,DATABASE_BACKUP,Backup,5,Monday,24,1,0,108,493844,21,34,Ready,Success
3617,JOB011,EMPLOYEE_DATA_SYNC,Data Transfer,3,Thursday,27,4,7,97,65127,24,40,Ready,Success
3618,JOB001,DAILY_SALES,Data Transfer,17,Thursday,21,19,9,45,430261,21,40,Not Ready,Failed
3619,JOB001,DAILY_SALES,Data Processing,8,Wednesday,12,4,5,67,68160,20,79,Ready,Failed
3620,JOB008,SALES_REPORT,Data Processing,16,Friday,28,12,0,100,335929,67,84,Delayed,Success
3621,JOB013,LOG_CLEANUP,Synchronization,12,Wednesday,11,27,9,98,26811,41,40,Ready,Success
3622,JOB005,BACKUP_JOB,Reporting,14,Monday,6,27,9,76,345182,60,74,Ready,Success
3623,JOB005,BACKUP_JOB,Reporting,19,Sunday,0,7,5,36,60227,44,88,Ready,Success
3624,JOB010,ORDER_PROCESSING,Synchronization,16,Wednesday,0,26,0,110,303215,65,45,Ready,Success
3625,JOB019,SYSTEM_MONITORING,Data Transfer,12,Tuesday,19,15,9,6,41708,28,94,Ready,Failed
3626,JOB010,ORDER_PROCESSING,Data Transfer,15,Thursday,22,17,9,14,207804,80,74,Ready,Success
3627,JOB009,STOCK_UPDATE,Data Transfer,21,Friday,13,24,2,47,59131,66,65,Ready,Success
3628,JOB008,SALES_REPORT,Data Transfer,3,Saturday,26,25,1,47,499040,93,81,Delayed,Failed
3629,JOB010,ORDER_PROCESSING,Data Processing,4,Monday,14,15,3,105,200083,22,89,Ready,Success
3630,JOB003,INVENTORY_UPDATE,Data Transfer,4,Saturday,10,0,1,114,429751,27,73,Ready,Failed
3631,JOB013,LOG_CLEANUP,Data Transfer,8,Thursday,23,7,4,71,195873,44,23,Ready,Success
3632,JOB011,EMPLOYEE_DATA_SYNC,Reporting,16,Wednesday,25,27,3,120,436603,55,64,Ready,Failed
3633,JOB005,BACKUP_JOB,Backup,12,Saturday,8,20,5,27,181466,62,73,Delayed,Failed
3634,JOB001,DAILY_SALES,Synchronization,1,Tuesday,16,1,6,102,432064,69,72,Ready,Failed
3635,JOB002,MONTHLY_PAYROLL,Synchronization,12,Wednesday,3,23,1,86,439214,82,63,Ready,Success
3636,JOB012,DATABASE_BACKUP,Synchronization,21,Thursday,19,4,1,101,317760,53,55,Ready,Success
3637,JOB013,LOG_CLEANUP,Backup,20,Saturday,18,25,7,101,426571,92,53,Not Ready,Failed
3638,JOB017,INVOICE_PROCESSING,Data Processing,22,Sunday,6,14,8,64,87642,29,71,Ready,Failed
3639,JOB002,MONTHLY_PAYROLL,Synchronization,18,Monday,0,13,4,85,422705,46,25,Ready,Failed
3640,JOB006,FINANCE_REPORT,Synchronization,2,Saturday,8,25,6,10,309647,32,57,Ready,Success
3641,JOB015,DAILY_ANALYTICS,Synchronization,9,Sunday,12,28,8,17,402423,70,52,Ready,Success
3642,JOB015,DAILY_ANALYTICS,Synchronization,1,Sunday,23,29,0,25,169451,87,94,Ready,Success
3643,JOB013,LOG_CLEANUP,Data Processing,12,Saturday,1,2,7,99,318705,35,74,Ready,Failed
3644,JOB015,DAILY_ANALYTICS,Data Transfer,18,Friday,1,6,9,62,400919,31,42,Not Ready,Failed
3645,JOB009,STOCK_UPDATE,Data Processing,16,Saturday,23,3,9,89,282310,44,63,Ready,Success
3646,JOB012,DATABASE_BACKUP,Data Processing,20,Thursday,26,10,8,101,450227,68,47,Delayed,Failed
3647,JOB007,CUSTOMER_REPORT,Reporting,13,Sunday,29,26,8,32,400379,35,83,Delayed,Failed
3648,JOB009,STOCK_UPDATE,Data Processing,11,Monday,14,25,9,74,445191,21,67,Delayed,Failed
3649,JOB002,MONTHLY_PAYROLL,Reporting,20,Thursday,16,11,6,12,246441,92,78,Ready,Success
3650,JOB007,CUSTOMER_REPORT,Data Processing,11,Tuesday,12,14,9,81,464675,95,78,Ready,Failed
3651,JOB002,MONTHLY_PAYROLL,Backup,10,Wednesday,6,5,2,102,173042,54,62,Delayed,Failed
3652,JOB013,LOG_CLEANUP,Reporting,6,Saturday,8,25,4,62,88059,41,62,Not Ready,Failed
3653,JOB012,DATABASE_BACKUP,Backup,3,Friday,11,23,1,44,75006,67,32,Ready,Success
3654,JOB015,DAILY_ANALYTICS,Data Processing,18,Monday,30,0,9,90,110438,83,91,Ready,Failed
3655,JOB003,INVENTORY_UPDATE,Backup,0,Friday,2,17,2,5,406836,86,62,Not Ready,Failed
3656,JOB019,SYSTEM_MONITORING,Data Processing,23,Friday,22,13,9,81,219658,41,32,Delayed,Success
3657,JOB006,FINANCE_REPORT,Reporting,2,Friday,21,28,6,69,399736,92,54,Ready,Success
3658,JOB007,CUSTOMER_REPORT,Backup,12,Saturday,14,23,0,14,89841,66,30,Not Ready,Success
3659,JOB011,EMPLOYEE_DATA_SYNC,Data Processing,14,Monday,6,6,2,64,61135,59,40,Ready,Success
3660,JOB003,INVENTORY_UPDATE,Data Transfer,1,Monday,22,9,4,73,101389,72,91,Ready,Success
3661,JOB002,MONTHLY_PAYROLL,Data Transfer,10,Sunday,25,8,3,24,55221,22,45,Ready,Success
3662,JOB019,SYSTEM_MONITORING,Data Processing,3,Friday,0,1,2,66,477242,25,69,Ready,Failed
3663,JOB007,CUSTOMER_REPORT,Reporting,18,Sunday,13,7,5,17,467975,33,68,Ready,Success
3664,JOB011,EMPLOYEE_DATA_SYNC,Synchronization,16,Sunday,18,21,5,62,80863,77,93,Not Ready,Failed
3665,JOB011,EMPLOYEE_DATA_SYNC,Backup,2,Wednesday,15,0,3,41,454685,26,32,Ready,Success
3666,JOB003,INVENTORY_UPDATE,Synchronization,17,Saturday,9,19,8,14,419528,48,58,Ready,Success
3667,JOB007,CUSTOMER_REPORT,Backup,7,Saturday,0,29,5,7,117536,22,74,Ready,Success
3668,JOB011,EMPLOYEE_DATA_SYNC,Backup,21,Thursday,4,1,8,38,458322,32,26,Ready,Success
3669,JOB012,DATABASE_BACKUP,Data Transfer,23,Sunday,2,6,9,38,323520,55,62,Ready,Success
3670,JOB013,LOG_CLEANUP,Backup,18,Saturday,16,24,9,34,37376,57,61,Ready,Success
3671,JOB001,DAILY_SALES,Data Processing,4,Friday,17,15,1,41,79733,94,77,Ready,Failed
3672,JOB007,CUSTOMER_REPORT,Backup,6,Tuesday,25,21,5,72,46100,79,31,Ready,Failed
3673,JOB020,ARCHIVE_JOB,Data Processing,20,Friday,20,3,3,38,222099,92,32,Ready,Failed
3674,JOB020,ARCHIVE_JOB,Data Processing,7,Monday,26,20,1,36,36445,41,31,Ready,Success
3675,JOB004,DATA_TRANSFER,Synchronization,4,Saturday,18,26,4,89,328973,40,95,Not Ready,Success
3676,JOB003,INVENTORY_UPDATE,Data Transfer,16,Saturday,21,16,2,62,118884,52,57,Delayed,Failed
3677,JOB017,INVOICE_PROCESSING,Reporting,4,Thursday,24,28,5,109,444939,23,22,Delayed,Failed
3678,JOB003,INVENTORY_UPDATE,Reporting,3,Sunday,21,3,7,28,97599,63,91,Delayed,Success
3679,JOB010,ORDER_PROCESSING,Reporting,21,Tuesday,17,28,3,13,61392,20,81,Ready,Failed
3680,JOB005,BACKUP_JOB,Data Processing,18,Saturday,15,25,3,45,94051,81,50,Ready,Success
3681,JOB016,WAREHOUSE_UPDATE,Backup,20,Thursday,1,2,4,28,13454,41,91,Ready,Failed
3682,JOB017,INVOICE_PROCESSING,Synchronization,1,Thursday,14,8,5,29,345332,78,56,Ready,Success
3683,JOB002,MONTHLY_PAYROLL,Data Processing,10,Tuesday,12,21,6,40,311465,56,43,Ready,Success
3684,JOB017,INVOICE_PROCESSING,Data Processing,21,Friday,12,14,5,12,483209,42,87,Ready,Failed
3685,JOB008,SALES_REPORT,Reporting,12,Friday,15,19,6,118,288867,52,83,Ready,Failed
3686,JOB009,STOCK_UPDATE,Data Processing,14,Friday,7,2,8,109,250102,41,35,Ready,Success
3687,JOB007,CUSTOMER_REPORT,Reporting,11,Wednesday,10,11,3,97,301089,83,37,Ready,Success
3688,JOB001,DAILY_SALES,Reporting,21,Sunday,7,14,9,93,460631,81,87,Ready,Failed
3689,JOB020,ARCHIVE_JOB,Reporting,20,Sunday,21,28,0,63,443426,73,59,Ready,Failed
3690,JOB008,SALES_REPORT,Data Processing,21,Friday,9,19,8,39,437673,77,77,Ready,Failed
3691,JOB009,STOCK_UPDATE,Synchronization,10,Tuesday,22,7,6,42,365339,31,64,Delayed,Failed
3692,JOB020,ARCHIVE_JOB,Data Transfer,6,Wednesday,0,11,3,96,181440,37,72,Delayed,Failed
3693,JOB016,WAREHOUSE_UPDATE,Backup,4,Sunday,30,20,9,87,432684,86,46,Not Ready,Failed
3694,JOB018,VENDOR_DATA_SYNC,Reporting,16,Friday,11,12,7,36,270793,79,55,Ready,Success
3695,JOB002,MONTHLY_PAYROLL,Data Processing,23,Wednesday,8,14,6,105,390363,20,87,Delayed,Failed
3696,JOB020,ARCHIVE_JOB,Data Transfer,19,Tuesday,4,10,1,117,439788,39,32,Ready,Failed
3697,JOB008,SALES_REPORT,Data Processing,8,Friday,8,16,0,55,240879,36,70,Ready,Success
3698,JOB018,VENDOR_DATA_SYNC,Data Processing,13,Monday,15,20,8,32,138456,68,67,Ready,Success
3699,JOB016,WAREHOUSE_UPDATE,Backup,11,Saturday,17,23,6,60,260917,41,79,Delayed,Failed
3700,JOB019,SYSTEM_MONITORING,Reporting,5,Tuesday,29,26,9,103,153412,52,89,Ready,Failed
3701,JOB001,DAILY_SALES,Data Processing,16,Thursday,7,11,0,12,181957,45,70,Delayed,Success
3702,JOB014,MASTER_DATA_SYNC,Backup,18,Thursday,22,19,3,45,23334,46,33,Delayed,Failed
3703,JOB006,FINANCE_REPORT,Data Processing,18,Tuesday,10,29,4,27,366796,79,62,Ready,Failed
3704,JOB012,DATABASE_BACKUP,Data Transfer,15,Thursday,29,17,4,58,72107,53,22,Delayed,Success
3705,JOB001,DAILY_SALES,Synchronization,11,Sunday,19,28,4,108,302986,71,44,Ready,Success
3706,JOB019,SYSTEM_MONITORING,Synchronization,11,Tuesday,18,15,2,114,11694,74,53,Delayed,Success
3707,JOB001,DAILY_SALES,Reporting,19,Monday,3,2,4,27,358337,80,89,Ready,Failed
3708,JOB006,FINANCE_REPORT,Synchronization,5,Tuesday,19,29,3,36,79367,69,75,Delayed,Success
3709,JOB016,WAREHOUSE_UPDATE,Backup,22,Friday,25,26,4,14,492498,82,84,Ready,Failed
3710,JOB015,DAILY_ANALYTICS,Backup,3,Friday,9,8,6,85,212808,83,79,Ready,Success
3711,JOB012,DATABASE_BACKUP,Synchronization,5,Wednesday,23,29,4,39,183645,33,67,Delayed,Failed
3712,JOB006,FINANCE_REPORT,Backup,10,Thursday,12,6,7,103,393215,70,91,Delayed,Failed
3713,JOB015,DAILY_ANALYTICS,Data Processing,0,Saturday,28,18,7,67,381209,46,38,Ready,Success
3714,JOB018,VENDOR_DATA_SYNC,Data Processing,23,Thursday,19,4,2,71,157021,59,54,Delayed,Success
3715,JOB001,DAILY_SALES,Backup,22,Sunday,13,18,4,40,376994,87,52,Ready,Success
3716,JOB020,ARCHIVE_JOB,Data Transfer,14,Tuesday,20,9,3,97,434088,28,61,Ready,Failed
3717,JOB016,WAREHOUSE_UPDATE,Reporting,10,Saturday,1,19,4,53,82884,75,73,Ready,Success
3718,JOB011,EMPLOYEE_DATA_SYNC,Backup,18,Saturday,28,11,7,50,319079,58,58,Ready,Success
3719,JOB009,STOCK_UPDATE,Reporting,17,Thursday,3,7,3,31,279639,34,83,Ready,Success
3720,JOB016,WAREHOUSE_UPDATE,Synchronization,16,Saturday,6,29,4,35,339412,37,57,Delayed,Failed
3721,JOB016,WAREHOUSE_UPDATE,Data Transfer,18,Saturday,18,2,6,38,386317,71,57,Delayed,Failed
3722,JOB001,DAILY_SALES,Data Processing,20,Friday,29,18,2,80,363917,80,92,Ready,Failed
3723,JOB019,SYSTEM_MONITORING,Backup,13,Monday,29,26,5,105,97404,56,71,Ready,Failed
3724,JOB018,VENDOR_DATA_SYNC,Data Transfer,17,Tuesday,16,10,8,63,380030,72,66,Ready,Success
3725,JOB002,MONTHLY_PAYROLL,Reporting,18,Thursday,15,7,3,58,284821,31,84,Ready,Failed
3726,JOB007,CUSTOMER_REPORT,Backup,14,Friday,12,25,3,93,143532,44,61,Ready,Failed
3727,JOB017,INVOICE_PROCESSING,Data Processing,14,Sunday,23,12,5,70,114918,44,74,Ready,Failed
3728,JOB007,CUSTOMER_REPORT,Data Processing,3,Sunday,23,25,5,34,90501,40,78,Not Ready,Failed
3729,JOB003,INVENTORY_UPDATE,Backup,6,Wednesday,21,22,2,112,189583,26,85,Delayed,Failed
3730,JOB013,LOG_CLEANUP,Backup,12,Saturday,22,22,0,77,340025,95,93,Delayed,Failed
3731,JOB012,DATABASE_BACKUP,Data Transfer,2,Saturday,30,9,2,27,427053,68,73,Ready,Success
3732,JOB013,LOG_CLEANUP,Data Processing,15,Thursday,25,17,7,13,39724,58,70,Delayed,Success
3733,JOB006,FINANCE_REPORT,Reporting,8,Monday,26,11,7,88,146833,94,42,Not Ready,Failed
3734,JOB017,INVOICE_PROCESSING,Data Processing,7,Monday,17,6,5,59,76153,68,92,Ready,Success
3735,JOB015,DAILY_ANALYTICS,Backup,19,Thursday,20,25,6,5,236450,53,30,Ready,Failed
3736,JOB004,DATA_TRANSFER,Reporting,12,Thursday,11,10,1,60,69108,94,55,Delayed,Success
3737,JOB018,VENDOR_DATA_SYNC,Backup,16,Friday,22,9,8,43,494174,35,75,Ready,Failed
3738,JOB003,INVENTORY_UPDATE,Data Processing,16,Sunday,30,2,2,91,314555,34,61,Ready,Success
3739,JOB020,ARCHIVE_JOB,Data Transfer,16,Thursday,24,29,1,22,246861,59,32,Ready,Success
3740,JOB013,LOG_CLEANUP,Reporting,0,Sunday,0,6,4,46,219900,26,71,Ready,Success
3741,JOB001,DAILY_SALES,Data Transfer,7,Wednesday,14,28,0,100,141995,59,49,Ready,Success
3742,JOB020,ARCHIVE_JOB,Synchronization,18,Sunday,2,3,4,115,367156,85,31,Not Ready,Failed
3743,JOB012,DATABASE_BACKUP,Reporting,5,Friday,5,28,9,77,428345,89,95,Ready,Failed
3744,JOB004,DATA_TRANSFER,Data Processing,2,Saturday,13,7,3,79,58676,41,40,Ready,Success
3745,JOB012,DATABASE_BACKUP,Data Transfer,4,Saturday,22,7,5,69,421044,78,31,Delayed,Failed
3746,JOB019,SYSTEM_MONITORING,Data Transfer,12,Sunday,5,5,4,79,31182,24,81,Ready,Failed
3747,JOB019,SYSTEM_MONITORING,Data Processing,14,Saturday,0,12,8,37,446628,37,58,Delayed,Failed
3748,JOB005,BACKUP_JOB,Backup,13,Saturday,19,11,4,34,84042,30,63,Delayed,Success
3749,JOB002,MONTHLY_PAYROLL,Synchronization,22,Tuesday,5,2,7,9,265101,27,23,Ready,Success
3750,JOB001,DAILY_SALES,Data Processing,15,Wednesday,7,5,1,54,227714,39,50,Ready,Success
3751,JOB005,BACKUP_JOB,Data Transfer,17,Friday,25,21,2,69,309153,94,43,Ready,Success
3752,JOB010,ORDER_PROCESSING,Reporting,21,Friday,14,18,2,14,457409,78,61,Not Ready,Failed
3753,JOB017,INVOICE_PROCESSING,Synchronization,21,Saturday,13,10,2,64,320947,44,68,Ready,Success
3754,JOB014,MASTER_DATA_SYNC,Data Processing,10,Monday,15,3,5,81,157865,77,39,Ready,Success
3755,JOB005,BACKUP_JOB,Data Transfer,2,Friday,19,14,6,31,89618,38,27,Not Ready,Failed
3756,JOB004,DATA_TRANSFER,Synchronization,21,Wednesday,22,1,6,76,317281,21,52,Ready,Failed
3757,JOB013,LOG_CLEANUP,Backup,9,Thursday,15,14,6,32,56931,77,87,Ready,Success
3758,JOB016,WAREHOUSE_UPDATE,Synchronization,9,Wednesday,26,16,2,49,473083,85,57,Delayed,Success
3759,JOB013,LOG_CLEANUP,Data Processing,20,Saturday,18,1,0,56,386334,26,55,Ready,Success
3760,JOB018,VENDOR_DATA_SYNC,Reporting,15,Saturday,23,6,5,70,429873,70,67,Ready,Failed
3761,JOB007,CUSTOMER_REPORT,Data Transfer,11,Tuesday,0,25,2,66,416559,52,27,Delayed,Failed
3762,JOB008,SALES_REPORT,Data Processing,1,Sunday,3,15,2,80,441999,94,92,Ready,Failed
3763,JOB005,BACKUP_JOB,Reporting,8,Friday,23,4,2,95,47637,32,79,Ready,Success
3764,JOB016,WAREHOUSE_UPDATE,Data Transfer,23,Sunday,9,15,8,81,434123,29,43,Delayed,Failed
3765,JOB014,MASTER_DATA_SYNC,Data Processing,2,Sunday,19,24,3,64,264902,78,36,Ready,Failed
3766,JOB003,INVENTORY_UPDATE,Backup,23,Friday,17,18,4,90,64566,57,84,Delayed,Success
3767,JOB006,FINANCE_REPORT,Reporting,14,Friday,1,1,2,44,295057,39,58,Ready,Success
3768,JOB013,LOG_CLEANUP,Reporting,2,Saturday,3,14,9,19,369529,33,74,Ready,Success
3769,JOB017,INVOICE_PROCESSING,Synchronization,18,Friday,14,3,0,99,234717,59,80,Ready,Success
3770,JOB019,SYSTEM_MONITORING,Backup,17,Monday,28,1,3,11,458486,26,50,Ready,Success
3771,JOB011,EMPLOYEE_DATA_SYNC,Data Transfer,7,Monday,3,26,0,43,165311,88,47,Ready,Failed
3772,JOB010,ORDER_PROCESSING,Synchronization,16,Thursday,15,22,6,117,458826,25,51,Delayed,Failed
3773,JOB009,STOCK_UPDATE,Backup,7,Friday,14,9,6,55,54569,59,26,Ready,Success
3774,JOB011,EMPLOYEE_DATA_SYNC,Data Processing,6,Tuesday,17,21,3,103,488564,72,33,Ready,Success
3775,JOB002,MONTHLY_PAYROLL,Reporting,6,Thursday,6,23,4,11,495700,28,92,Ready,Failed
3776,JOB006,FINANCE_REPORT,Synchronization,2,Saturday,14,28,9,16,470304,84,73,Ready,Failed
3777,JOB011,EMPLOYEE_DATA_SYNC,Reporting,0,Friday,21,4,6,18,41584,39,89,Ready,Success
3778,JOB009,STOCK_UPDATE,Backup,3,Monday,10,17,5,38,444512,25,70,Ready,Failed
3779,JOB017,INVOICE_PROCESSING,Reporting,4,Tuesday,18,28,3,43,279626,58,49,Ready,Failed
3780,JOB014,MASTER_DATA_SYNC,Synchronization,0,Thursday,7,3,3,116,119337,40,49,Ready,Success
3781,JOB020,ARCHIVE_JOB,Data Processing,14,Tuesday,23,0,1,77,460245,56,35,Ready,Success
3782,JOB003,INVENTORY_UPDATE,Synchronization,4,Friday,0,17,9,68,489591,31,42,Ready,Success
3783,JOB017,INVOICE_PROCESSING,Data Transfer,12,Wednesday,2,19,1,101,134229,89,50,Ready,Success
3784,JOB004,DATA_TRANSFER,Reporting,7,Tuesday,4,5,3,16,234955,34,31,Ready,Success
3785,JOB010,ORDER_PROCESSING,Synchronization,7,Tuesday,17,19,4,38,248937,40,22,Ready,Success
3786,JOB013,LOG_CLEANUP,Synchronization,4,Saturday,11,19,3,31,108919,65,86,Delayed,Failed
3787,JOB001,DAILY_SALES,Data Processing,8,Monday,11,13,2,26,341807,90,57,Delayed,Failed
3788,JOB009,STOCK_UPDATE,Reporting,0,Friday,20,26,1,22,435681,29,35,Delayed,Success
3789,JOB003,INVENTORY_UPDATE,Reporting,3,Tuesday,26,25,3,50,319208,85,23,Delayed,Failed
3790,JOB015,DAILY_ANALYTICS,Data Transfer,2,Friday,25,9,4,48,210105,95,39,Not Ready,Failed
3791,JOB010,ORDER_PROCESSING,Backup,1,Monday,18,17,0,22,195293,58,64,Ready,Success
3792,JOB012,DATABASE_BACKUP,Backup,7,Saturday,30,8,0,41,337232,41,32,Not Ready,Failed
3793,JOB001,DAILY_SALES,Reporting,22,Friday,8,11,5,11,418707,61,21,Delayed,Success
3794,JOB014,MASTER_DATA_SYNC,Synchronization,8,Sunday,10,9,4,72,213612,25,50,Ready,Success
3795,JOB002,MONTHLY_PAYROLL,Backup,1,Monday,16,23,3,113,345596,71,47,Delayed,Failed
3796,JOB008,SALES_REPORT,Backup,13,Monday,15,23,0,84,317962,56,92,Delayed,Failed
3797,JOB003,INVENTORY_UPDATE,Synchronization,13,Thursday,3,20,6,90,82255,25,78,Ready,Failed
3798,JOB010,ORDER_PROCESSING,Data Transfer,3,Saturday,9,18,3,64,175043,92,30,Delayed,Success
3799,JOB009,STOCK_UPDATE,Data Transfer,5,Saturday,21,5,2,52,429341,48,54,Ready,Success
3800,JOB005,BACKUP_JOB,Reporting,10,Sunday,14,13,6,55,359873,88,68,Delayed,Failed
3801,JOB001,DAILY_SALES,Backup,2,Friday,24,24,1,104,122467,70,63,Ready,Failed
3802,JOB005,BACKUP_JOB,Synchronization,7,Wednesday,18,7,9,88,178903,46,77,Ready,Failed
3803,JOB012,DATABASE_BACKUP,Data Transfer,2,Sunday,30,22,0,99,265113,56,70,Not Ready,Failed
3804,JOB020,ARCHIVE_JOB,Synchronization,13,Thursday,2,13,3,56,366419,65,36,Ready,Success
3805,JOB007,CUSTOMER_REPORT,Reporting,12,Saturday,30,10,7,101,306451,44,23,Delayed,Failed
3806,JOB011,EMPLOYEE_DATA_SYNC,Reporting,12,Monday,27,23,5,81,275772,56,52,Delayed,Failed
3807,JOB001,DAILY_SALES,Data Transfer,1,Saturday,20,15,8,56,122859,42,81,Delayed,Failed
3808,JOB016,WAREHOUSE_UPDATE,Backup,12,Sunday,22,19,0,88,83554,45,91,Delayed,Failed
3809,JOB003,INVENTORY_UPDATE,Synchronization,18,Wednesday,29,5,0,58,134673,95,62,Not Ready,Failed
3810,JOB005,BACKUP_JOB,Backup,5,Tuesday,4,14,4,45,379024,71,61,Ready,Success
3811,JOB008,SALES_REPORT,Data Transfer,15,Tuesday,10,14,5,46,390539,22,70,Ready,Failed
3812,JOB019,SYSTEM_MONITORING,Reporting,1,Saturday,23,13,7,106,16639,92,57,Not Ready,Failed
3813,JOB016,WAREHOUSE_UPDATE,Reporting,7,Saturday,4,20,2,26,157384,91,62,Ready,Success
3814,JOB011,EMPLOYEE_DATA_SYNC,Data Transfer,16,Thursday,6,11,5,43,322924,47,67,Ready,Failed
3815,JOB009,STOCK_UPDATE,Reporting,22,Saturday,5,1,2,27,321696,53,61,Delayed,Failed
3816,JOB011,EMPLOYEE_DATA_SYNC,Data Processing,1,Wednesday,29,7,7,52,325930,84,76,Not Ready,Failed
3817,JOB018,VENDOR_DATA_SYNC,Reporting,9,Saturday,25,18,3,117,191474,48,73,Not Ready,Failed
3818,JOB012,DATABASE_BACKUP,Data Processing,15,Friday,12,13,1,37,99911,23,36,Ready,Success
3819,JOB011,EMPLOYEE_DATA_SYNC,Data Processing,5,Sunday,1,4,8,45,105725,87,70,Delayed,Failed
3820,JOB007,CUSTOMER_REPORT,Data Processing,1,Wednesday,18,23,9,34,202866,81,28,Ready,Failed
3821,JOB018,VENDOR_DATA_SYNC,Backup,1,Thursday,10,26,7,82,36833,57,27,Ready,Success
3822,JOB006,FINANCE_REPORT,Data Transfer,12,Friday,26,8,5,51,62093,86,82,Ready,Failed
3823,JOB008,SALES_REPORT,Data Transfer,23,Friday,19,12,2,104,336546,21,75,Ready,Failed
3824,JOB013,LOG_CLEANUP,Data Transfer,14,Sunday,4,8,1,61,172093,95,89,Not Ready,Failed
3825,JOB003,INVENTORY_UPDATE,Data Processing,1,Tuesday,8,13,3,76,31595,63,28,Delayed,Failed
3826,JOB003,INVENTORY_UPDATE,Data Processing,6,Wednesday,5,4,3,61,316622,51,94,Ready,Failed
3827,JOB015,DAILY_ANALYTICS,Data Processing,2,Sunday,16,1,0,115,399786,22,24,Ready,Success
3828,JOB008,SALES_REPORT,Reporting,7,Friday,18,6,8,66,314333,36,91,Ready,Failed
3829,JOB015,DAILY_ANALYTICS,Synchronization,22,Thursday,22,15,9,90,19569,31,83,Ready,Failed
3830,JOB001,DAILY_SALES,Synchronization,13,Sunday,7,10,7,61,419788,83,71,Delayed,Failed
3831,JOB003,INVENTORY_UPDATE,Reporting,23,Tuesday,6,10,6,72,139577,82,54,Not Ready,Failed
3832,JOB012,DATABASE_BACKUP,Synchronization,22,Friday,4,22,5,119,264323,91,79,Ready,Success
3833,JOB009,STOCK_UPDATE,Synchronization,21,Sunday,14,11,2,103,349766,60,58,Ready,Failed
3834,JOB007,CUSTOMER_REPORT,Backup,6,Wednesday,9,12,3,76,229368,21,25,Not Ready,Failed
3835,JOB001,DAILY_SALES,Synchronization,20,Tuesday,23,7,1,102,188159,72,40,Ready,Success
3836,JOB011,EMPLOYEE_DATA_SYNC,Reporting,6,Wednesday,15,23,6,90,207720,53,55,Ready,Success
3837,JOB010,ORDER_PROCESSING,Data Processing,0,Wednesday,8,15,1,29,290951,93,37,Ready,Success
3838,JOB019,SYSTEM_MONITORING,Backup,16,Wednesday,6,20,9,93,277560,59,20,Ready,Success
3839,JOB002,MONTHLY_PAYROLL,Synchronization,8,Sunday,10,0,0,44,151200,90,36,Ready,Success
3840,JOB013,LOG_CLEANUP,Reporting,20,Tuesday,8,12,5,108,396476,84,88,Ready,Failed
3841,JOB017,INVOICE_PROCESSING,Data Transfer,12,Sunday,16,10,3,21,302032,74,25,Not Ready,Success
3842,JOB002,MONTHLY_PAYROLL,Data Transfer,20,Sunday,29,28,7,84,70034,93,77,Ready,Failed
3843,JOB001,DAILY_SALES,Backup,18,Sunday,8,3,0,116,381245,70,64,Ready,Failed
3844,JOB003,INVENTORY_UPDATE,Data Transfer,20,Friday,2,3,8,52,137550,24,91,Ready,Success
3845,JOB010,ORDER_PROCESSING,Reporting,18,Saturday,21,14,5,43,137870,75,67,Ready,Success
3846,JOB001,DAILY_SALES,Data Transfer,21,Monday,7,26,1,19,336777,40,69,Delayed,Failed
3847,JOB014,MASTER_DATA_SYNC,Data Transfer,16,Friday,18,2,7,21,181429,77,75,Ready,Success
3848,JOB006,FINANCE_REPORT,Synchronization,22,Tuesday,19,23,4,39,82231,92,28,Ready,Success
3849,JOB018,VENDOR_DATA_SYNC,Reporting,22,Monday,15,18,4,37,399596,50,81,Ready,Failed
3850,JOB020,ARCHIVE_JOB,Reporting,9,Monday,6,28,4,108,215801,65,50,Ready,Success
3851,JOB014,MASTER_DATA_SYNC,Reporting,9,Monday,27,20,6,107,419691,46,84,Ready,Success
3852,JOB012,DATABASE_BACKUP,Data Processing,3,Saturday,6,1,6,22,304851,89,80,Ready,Failed
3853,JOB011,EMPLOYEE_DATA_SYNC,Reporting,7,Sunday,19,5,9,34,295130,50,29,Not Ready,Failed
3854,JOB015,DAILY_ANALYTICS,Synchronization,21,Thursday,24,21,6,91,230083,60,72,Ready,Success
3855,JOB006,FINANCE_REPORT,Data Transfer,19,Tuesday,12,23,9,41,145236,64,83,Not Ready,Success
3856,JOB002,MONTHLY_PAYROLL,Data Transfer,19,Saturday,2,7,1,115,394050,55,83,Ready,Failed
3857,JOB014,MASTER_DATA_SYNC,Data Transfer,17,Saturday,11,16,7,11,421421,21,69,Ready,Success
3858,JOB005,BACKUP_JOB,Reporting,13,Thursday,23,4,0,78,47804,81,84,Not Ready,Failed
3859,JOB015,DAILY_ANALYTICS,Reporting,17,Monday,7,1,1,84,30008,40,33,Ready,Failed
3860,JOB005,BACKUP_JOB,Backup,13,Sunday,12,25,6,32,436937,53,42,Ready,Success
3861,JOB010,ORDER_PROCESSING,Backup,19,Thursday,19,11,3,91,46836,32,47,Ready,Success
3862,JOB014,MASTER_DATA_SYNC,Backup,20,Thursday,15,4,9,102,79102,38,77,Ready,Failed
3863,JOB018,VENDOR_DATA_SYNC,Data Processing,23,Saturday,6,9,9,22,249056,52,59,Ready,Success
3864,JOB002,MONTHLY_PAYROLL,Backup,14,Tuesday,3,27,8,51,300840,68,83,Ready,Failed
3865,JOB017,INVOICE_PROCESSING,Synchronization,21,Wednesday,28,8,8,27,60075,22,21,Ready,Success
3866,JOB006,FINANCE_REPORT,Reporting,3,Sunday,11,19,2,119,284677,57,62,Ready,Success
3867,JOB001,DAILY_SALES,Data Processing,12,Thursday,16,7,2,24,316294,90,31,Ready,Failed
3868,JOB004,DATA_TRANSFER,Synchronization,22,Sunday,0,0,8,35,400150,34,54,Ready,Failed
3869,JOB020,ARCHIVE_JOB,Data Transfer,7,Thursday,29,23,9,18,61303,57,93,Delayed,Failed
3870,JOB015,DAILY_ANALYTICS,Backup,17,Monday,16,5,7,27,477074,44,88,Delayed,Success
3871,JOB004,DATA_TRANSFER,Backup,11,Sunday,1,23,0,6,481386,80,82,Ready,Failed
3872,JOB005,BACKUP_JOB,Reporting,22,Monday,5,21,5,33,439795,69,60,Ready,Success
3873,JOB019,SYSTEM_MONITORING,Synchronization,13,Saturday,11,10,6,54,366003,29,83,Delayed,Failed
3874,JOB015,DAILY_ANALYTICS,Synchronization,1,Monday,25,2,7,77,499058,69,37,Ready,Success
3875,JOB014,MASTER_DATA_SYNC,Backup,17,Sunday,10,27,1,63,319991,61,89,Ready,Success
3876,JOB013,LOG_CLEANUP,Backup,23,Friday,20,14,0,37,302468,90,30,Ready,Failed
3877,JOB018,VENDOR_DATA_SYNC,Synchronization,1,Sunday,10,10,3,52,314460,71,84,Ready,Failed
3878,JOB001,DAILY_SALES,Synchronization,10,Thursday,17,23,0,48,481404,65,42,Ready,Success
3879,JOB011,EMPLOYEE_DATA_SYNC,Data Transfer,8,Monday,7,4,1,16,482388,59,23,Ready,Success
3880,JOB012,DATABASE_BACKUP,Backup,11,Tuesday,24,27,2,87,228563,77,26,Ready,Success
3881,JOB003,INVENTORY_UPDATE,Backup,16,Friday,6,25,3,46,498641,43,60,Delayed,Success
3882,JOB016,WAREHOUSE_UPDATE,Synchronization,14,Saturday,27,15,5,88,53025,88,68,Not Ready,Failed
3883,JOB004,DATA_TRANSFER,Reporting,16,Wednesday,13,20,7,105,297362,59,36,Ready,Success
3884,JOB016,WAREHOUSE_UPDATE,Synchronization,17,Thursday,15,27,8,99,202713,39,94,Ready,Success
3885,JOB006,FINANCE_REPORT,Backup,21,Thursday,30,6,3,39,104940,48,74,Ready,Failed
3886,JOB008,SALES_REPORT,Data Transfer,5,Tuesday,30,5,0,45,100507,56,46,Ready,Failed
3887,JOB006,FINANCE_REPORT,Backup,16,Wednesday,11,8,4,89,302964,39,31,Ready,Failed
3888,JOB004,DATA_TRANSFER,Data Processing,22,Wednesday,8,6,4,59,92984,37,66,Ready,Failed
3889,JOB002,MONTHLY_PAYROLL,Backup,23,Saturday,19,2,8,115,53176,23,53,Not Ready,Failed
3890,JOB008,SALES_REPORT,Backup,17,Saturday,28,10,5,114,23528,30,27,Ready,Success
3891,JOB003,INVENTORY_UPDATE,Backup,7,Friday,22,26,4,111,314351,83,42,Not Ready,Failed
3892,JOB016,WAREHOUSE_UPDATE,Synchronization,8,Thursday,20,11,9,17,3191,71,45,Delayed,Failed
3893,JOB006,FINANCE_REPORT,Reporting,5,Monday,15,20,9,43,158326,62,53,Ready,Success
3894,JOB017,INVOICE_PROCESSING,Backup,4,Saturday,20,24,4,95,48378,33,51,Ready,Success
3895,JOB003,INVENTORY_UPDATE,Backup,11,Tuesday,18,10,7,93,352896,64,25,Delayed,Failed
3896,JOB014,MASTER_DATA_SYNC,Backup,10,Tuesday,15,28,0,70,306641,47,84,Ready,Success
3897,JOB001,DAILY_SALES,Backup,0,Tuesday,8,25,4,39,371305,23,78,Not Ready,Failed
3898,JOB007,CUSTOMER_REPORT,Backup,10,Sunday,12,29,0,120,317024,35,69,Ready,Success
3899,JOB010,ORDER_PROCESSING,Data Transfer,18,Saturday,25,1,6,76,104994,57,87,Ready,Failed
3900,JOB020,ARCHIVE_JOB,Synchronization,8,Saturday,4,0,6,37,218816,82,27,Delayed,Failed
3901,JOB002,MONTHLY_PAYROLL,Synchronization,1,Tuesday,21,26,9,93,193542,42,59,Delayed,Failed
3902,JOB014,MASTER_DATA_SYNC,Backup,11,Saturday,18,23,7,89,348075,39,65,Ready,Success
3903,JOB008,SALES_REPORT,Data Transfer,3,Sunday,9,23,6,40,237995,88,52,Ready,Failed
3904,JOB020,ARCHIVE_JOB,Data Processing,3,Monday,6,1,8,17,287963,40,77,Ready,Failed
3905,JOB006,FINANCE_REPORT,Data Processing,17,Monday,8,13,7,60,173171,61,22,Ready,Success
3906,JOB005,BACKUP_JOB,Data Transfer,14,Friday,24,12,7,50,36216,88,46,Ready,Failed
3907,JOB012,DATABASE_BACKUP,Data Processing,18,Thursday,13,23,2,77,362172,33,84,Delayed,Success
3908,JOB011,EMPLOYEE_DATA_SYNC,Synchronization,12,Monday,14,4,9,103,354820,89,76,Delayed,Failed
3909,JOB020,ARCHIVE_JOB,Data Processing,18,Friday,12,1,3,50,65469,24,54,Delayed,Success
3910,JOB018,VENDOR_DATA_SYNC,Backup,16,Wednesday,9,22,3,104,308363,43,71,Ready,Success
3911,JOB001,DAILY_SALES,Reporting,5,Thursday,13,22,0,117,279631,48,70,Ready,Failed
3912,JOB001,DAILY_SALES,Data Transfer,15,Monday,25,18,5,115,37815,21,36,Not Ready,Failed
3913,JOB005,BACKUP_JOB,Reporting,23,Sunday,20,29,1,48,459814,25,71,Ready,Failed
3914,JOB007,CUSTOMER_REPORT,Data Transfer,11,Wednesday,22,16,8,50,429046,53,67,Delayed,Failed
3915,JOB012,DATABASE_BACKUP,Data Transfer,18,Friday,28,10,0,119,226053,95,77,Ready,Success
3916,JOB005,BACKUP_JOB,Data Transfer,4,Monday,11,15,0,78,217557,41,95,Ready,Success
3917,JOB014,MASTER_DATA_SYNC,Synchronization,16,Monday,27,19,9,73,93338,23,45,Ready,Success
3918,JOB020,ARCHIVE_JOB,Synchronization,22,Saturday,28,17,5,35,256498,25,46,Ready,Failed
3919,JOB009,STOCK_UPDATE,Data Transfer,0,Wednesday,18,19,0,28,302496,86,43,Delayed,Success
3920,JOB018,VENDOR_DATA_SYNC,Backup,23,Monday,5,7,2,36,187892,82,30,Ready,Success
3921,JOB018,VENDOR_DATA_SYNC,Data Processing,22,Tuesday,11,1,9,117,54974,92,27,Not Ready,Failed
3922,JOB010,ORDER_PROCESSING,Backup,9,Sunday,23,16,1,117,213455,87,67,Not Ready,Failed
3923,JOB017,INVOICE_PROCESSING,Synchronization,14,Saturday,12,10,8,71,474398,53,51,Not Ready,Failed
3924,JOB005,BACKUP_JOB,Data Transfer,22,Saturday,7,13,4,20,406480,91,48,Ready,Success
3925,JOB005,BACKUP_JOB,Synchronization,20,Monday,15,15,5,61,399049,53,24,Ready,Success
3926,JOB001,DAILY_SALES,Data Processing,20,Sunday,1,14,1,109,21030,76,68,Ready,Success
3927,JOB006,FINANCE_REPORT,Reporting,10,Saturday,21,14,7,117,240358,56,32,Not Ready,Failed
3928,JOB007,CUSTOMER_REPORT,Reporting,12,Thursday,6,2,5,88,211899,25,61,Ready,Failed
3929,JOB011,EMPLOYEE_DATA_SYNC,Backup,4,Wednesday,11,25,7,112,214121,90,29,Ready,Failed
3930,JOB001,DAILY_SALES,Data Transfer,0,Thursday,6,6,7,28,495535,64,45,Ready,Success
3931,JOB003,INVENTORY_UPDATE,Synchronization,23,Friday,18,28,0,38,213433,60,45,Not Ready,Failed
3932,JOB013,LOG_CLEANUP,Backup,11,Thursday,13,11,6,56,261023,24,42,Not Ready,Failed
3933,JOB016,WAREHOUSE_UPDATE,Backup,10,Sunday,29,21,1,52,385501,79,63,Ready,Failed
3934,JOB013,LOG_CLEANUP,Backup,16,Tuesday,8,21,7,91,260334,86,95,Ready,Failed
3935,JOB009,STOCK_UPDATE,Data Processing,3,Saturday,17,22,1,57,268434,36,58,Ready,Success
3936,JOB006,FINANCE_REPORT,Backup,14,Sunday,10,23,3,59,247686,84,62,Delayed,Failed
3937,JOB018,VENDOR_DATA_SYNC,Data Transfer,8,Saturday,15,2,1,42,494500,74,71,Ready,Failed
3938,JOB003,INVENTORY_UPDATE,Data Processing,20,Tuesday,18,18,6,6,235901,28,77,Ready,Success
3939,JOB019,SYSTEM_MONITORING,Reporting,19,Saturday,30,9,4,109,125605,23,95,Delayed,Failed
3940,JOB018,VENDOR_DATA_SYNC,Reporting,18,Thursday,10,28,8,73,133891,61,51,Ready,Success
3941,JOB005,BACKUP_JOB,Reporting,18,Friday,17,7,4,86,229376,65,37,Ready,Success
3942,JOB003,INVENTORY_UPDATE,Data Transfer,11,Monday,10,15,7,57,333787,93,61,Ready,Failed
3943,JOB005,BACKUP_JOB,Data Transfer,4,Tuesday,24,15,1,54,275880,20,21,Delayed,Failed
3944,JOB011,EMPLOYEE_DATA_SYNC,Data Processing,9,Thursday,3,11,2,33,158855,36,79,Delayed,Success
3945,JOB010,ORDER_PROCESSING,Reporting,16,Sunday,17,28,5,78,274624,26,52,Ready,Failed
3946,JOB014,MASTER_DATA_SYNC,Data Processing,4,Thursday,18,29,6,110,300695,24,65,Delayed,Failed
3947,JOB019,SYSTEM_MONITORING,Reporting,21,Thursday,12,28,9,59,167735,71,78,Delayed,Failed
3948,JOB019,SYSTEM_MONITORING,Reporting,15,Monday,3,22,7,110,281284,72,76,Not Ready,Failed
3949,JOB004,DATA_TRANSFER,Reporting,6,Wednesday,30,25,2,65,388561,22,81,Delayed,Success
3950,JOB010,ORDER_PROCESSING,Reporting,8,Saturday,29,4,6,54,347391,81,82,Delayed,Failed
3951,JOB018,VENDOR_DATA_SYNC,Data Processing,2,Saturday,9,19,7,20,109624,51,92,Ready,Success
3952,JOB017,INVOICE_PROCESSING,Data Transfer,14,Sunday,28,5,9,91,151652,21,50,Ready,Success
3953,JOB008,SALES_REPORT,Reporting,15,Friday,21,24,5,98,421009,72,58,Ready,Failed
3954,JOB005,BACKUP_JOB,Backup,17,Sunday,4,5,3,74,168493,31,41,Ready,Success
3955,JOB008,SALES_REPORT,Synchronization,13,Wednesday,2,7,5,48,311861,24,36,Ready,Success
3956,JOB008,SALES_REPORT,Data Transfer,2,Saturday,15,16,8,104,404835,23,22,Ready,Success
3957,JOB004,DATA_TRANSFER,Data Transfer,11,Friday,25,11,2,88,14147,75,51,Ready,Success
3958,JOB010,ORDER_PROCESSING,Data Processing,8,Sunday,7,29,1,20,40022,83,52,Ready,Success
3959,JOB019,SYSTEM_MONITORING,Synchronization,6,Friday,23,21,4,32,464011,64,83,Ready,Failed
3960,JOB009,STOCK_UPDATE,Data Processing,8,Thursday,6,29,6,61,99718,79,29,Ready,Success
3961,JOB015,DAILY_ANALYTICS,Data Transfer,12,Tuesday,18,13,2,30,291814,39,24,Ready,Success
3962,JOB020,ARCHIVE_JOB,Reporting,17,Thursday,13,1,4,90,196199,72,87,Ready,Success
3963,JOB006,FINANCE_REPORT,Reporting,4,Monday,14,18,3,15,357506,92,57,Ready,Failed
3964,JOB018,VENDOR_DATA_SYNC,Data Processing,12,Saturday,16,5,6,5,203945,35,60,Delayed,Failed
3965,JOB012,DATABASE_BACKUP,Data Transfer,3,Friday,20,17,1,73,9146,49,92,Delayed,Failed
3966,JOB007,CUSTOMER_REPORT,Data Transfer,1,Sunday,0,3,6,117,276931,39,80,Ready,Failed
3967,JOB012,DATABASE_BACKUP,Data Transfer,15,Tuesday,5,21,1,47,179860,71,34,Ready,Success
3968,JOB014,MASTER_DATA_SYNC,Backup,8,Sunday,26,4,2,50,191251,55,71,Ready,Success
3969,JOB014,MASTER_DATA_SYNC,Reporting,8,Saturday,22,5,4,109,294688,41,27,Not Ready,Failed
3970,JOB011,EMPLOYEE_DATA_SYNC,Data Processing,5,Friday,14,14,6,110,44028,20,75,Delayed,Failed
3971,JOB017,INVOICE_PROCESSING,Data Processing,10,Friday,30,5,5,40,184094,40,49,Delayed,Failed
3972,JOB018,VENDOR_DATA_SYNC,Reporting,21,Thursday,11,7,6,70,26598,67,93,Ready,Success
3973,JOB003,INVENTORY_UPDATE,Data Processing,23,Tuesday,20,8,5,61,498772,91,53,Ready,Failed
3974,JOB019,SYSTEM_MONITORING,Data Processing,21,Tuesday,19,20,0,10,492918,24,78,Ready,Success
3975,JOB006,FINANCE_REPORT,Data Processing,0,Saturday,1,21,4,66,389001,59,75,Ready,Failed
3976,JOB008,SALES_REPORT,Data Processing,3,Friday,4,5,0,31,323407,64,32,Delayed,Success
3977,JOB003,INVENTORY_UPDATE,Data Processing,12,Tuesday,8,21,6,30,21354,50,70,Ready,Success
3978,JOB020,ARCHIVE_JOB,Data Transfer,22,Tuesday,19,1,3,103,289252,34,78,Delayed,Failed
3979,JOB009,STOCK_UPDATE,Backup,12,Sunday,13,15,4,17,351634,77,81,Ready,Success
3980,JOB012,DATABASE_BACKUP,Synchronization,12,Saturday,17,19,0,80,247810,72,48,Ready,Success
3981,JOB008,SALES_REPORT,Data Transfer,1,Thursday,28,0,7,22,167792,64,81,Delayed,Failed
3982,JOB008,SALES_REPORT,Data Transfer,8,Sunday,30,29,3,42,279871,86,26,Ready,Failed
3983,JOB001,DAILY_SALES,Data Transfer,23,Sunday,21,27,2,110,469368,61,63,Ready,Failed
3984,JOB007,CUSTOMER_REPORT,Data Transfer,7,Wednesday,7,15,0,10,230979,43,25,Delayed,Success
3985,JOB010,ORDER_PROCESSING,Data Processing,6,Monday,1,0,3,96,407822,57,81,Ready,Failed
3986,JOB016,WAREHOUSE_UPDATE,Synchronization,3,Wednesday,8,0,2,32,469534,70,87,Delayed,Failed
3987,JOB004,DATA_TRANSFER,Synchronization,17,Tuesday,6,6,7,93,162987,43,89,Not Ready,Failed
3988,JOB013,LOG_CLEANUP,Data Processing,2,Friday,29,15,8,9,434020,52,36,Ready,Failed
3989,JOB017,INVOICE_PROCESSING,Data Processing,5,Monday,28,16,4,63,497348,38,68,Ready,Success
3990,JOB011,EMPLOYEE_DATA_SYNC,Synchronization,11,Monday,17,15,8,83,154388,44,43,Delayed,Success
3991,JOB015,DAILY_ANALYTICS,Data Transfer,11,Friday,26,15,0,115,447619,89,31,Ready,Success
3992,JOB016,WAREHOUSE_UPDATE,Data Processing,20,Monday,15,5,6,112,138655,68,76,Delayed,Failed
3993,JOB009,STOCK_UPDATE,Data Transfer,7,Friday,20,17,6,77,461900,36,48,Ready,Failed
3994,JOB016,WAREHOUSE_UPDATE,Data Transfer,21,Monday,4,21,5,49,203652,40,81,Ready,Success
3995,JOB012,DATABASE_BACKUP,Data Processing,21,Sunday,22,21,3,116,50899,62,46,Not Ready,Failed
3996,JOB009,STOCK_UPDATE,Data Processing,0,Saturday,28,27,8,57,189915,95,24,Ready,Failed
3997,JOB015,DAILY_ANALYTICS,Synchronization,3,Saturday,14,26,2,6,135428,41,59,Ready,Success
3998,JOB017,INVOICE_PROCESSING,Data Processing,20,Wednesday,4,2,0,53,202796,82,66,Ready,Failed
3999,JOB012,DATABASE_BACKUP,Reporting,10,Sunday,10,7,1,77,121586,43,28,Ready,Failed
4000,JOB010,ORDER_PROCESSING,Data Transfer,2,Monday,29,26,2,94,329065,52,35,Ready,Success
4001,JOB006,FINANCE_REPORT,Data Transfer,12,Thursday,21,3,1,91,278955,86,32,Ready,Failed
4002,JOB006,FINANCE_REPORT,Backup,16,Friday,13,28,5,119,70769,36,73,Ready,Success
4003,JOB001,DAILY_SALES,Data Transfer,21,Sunday,24,22,6,67,292063,67,34,Ready,Success
4004,JOB002,MONTHLY_PAYROLL,Reporting,21,Monday,18,3,4,96,7246,63,44,Delayed,Failed
4005,JOB010,ORDER_PROCESSING,Data Transfer,9,Saturday,2,16,4,74,129619,44,35,Ready,Success
4006,JOB008,SALES_REPORT,Data Transfer,20,Saturday,23,21,6,62,68271,91,63,Ready,Success
4007,JOB018,VENDOR_DATA_SYNC,Backup,11,Friday,9,4,5,8,282085,79,66,Ready,Failed
4008,JOB010,ORDER_PROCESSING,Data Transfer,14,Thursday,27,24,7,34,342366,48,52,Ready,Failed
4009,JOB009,STOCK_UPDATE,Reporting,20,Monday,5,13,8,61,169662,31,45,Delayed,Success
4010,JOB020,ARCHIVE_JOB,Data Processing,9,Monday,27,29,1,51,362626,28,59,Ready,Failed
4011,JOB011,EMPLOYEE_DATA_SYNC,Data Processing,13,Thursday,25,14,1,22,277566,72,90,Ready,Success
4012,JOB004,DATA_TRANSFER,Data Transfer,12,Thursday,2,24,0,98,100183,80,64,Ready,Success
4013,JOB005,BACKUP_JOB,Data Processing,4,Thursday,1,11,6,95,84425,50,62,Ready,Success
4014,JOB007,CUSTOMER_REPORT,Synchronization,5,Saturday,12,26,3,112,383160,67,91,Delayed,Failed
4015,JOB017,INVOICE_PROCESSING,Synchronization,23,Friday,17,12,8,99,104601,66,42,Delayed,Failed
4016,JOB009,STOCK_UPDATE,Reporting,1,Sunday,1,23,5,48,463409,52,66,Ready,Success
4017,JOB015,DAILY_ANALYTICS,Data Transfer,21,Thursday,14,22,6,56,120797,86,63,Delayed,Failed
4018,JOB006,FINANCE_REPORT,Data Processing,16,Friday,4,29,6,53,77033,83,61,Ready,Success
4019,JOB005,BACKUP_JOB,Data Processing,3,Wednesday,14,17,7,107,148728,36,31,Ready,Success
4020,JOB013,LOG_CLEANUP,Reporting,13,Monday,27,13,3,34,393030,63,55,Not Ready,Success
4021,JOB017,INVOICE_PROCESSING,Synchronization,9,Monday,20,23,2,56,233271,24,32,Not Ready,Failed
4022,JOB001,DAILY_SALES,Data Transfer,2,Tuesday,16,18,2,41,495615,81,84,Ready,Failed
4023,JOB018,VENDOR_DATA_SYNC,Synchronization,2,Wednesday,1,21,9,67,192288,82,46,Ready,Failed
4024,JOB014,MASTER_DATA_SYNC,Reporting,14,Sunday,17,25,7,16,84526,58,39,Ready,Success
4025,JOB012,DATABASE_BACKUP,Data Transfer,5,Thursday,14,6,2,21,63034,91,37,Ready,Failed
4026,JOB004,DATA_TRANSFER,Reporting,16,Thursday,19,27,7,38,429431,61,83,Ready,Failed
4027,JOB008,SALES_REPORT,Reporting,11,Sunday,22,5,1,32,302408,40,28,Ready,Failed
4028,JOB006,FINANCE_REPORT,Data Processing,21,Saturday,2,4,4,8,356107,66,93,Ready,Success
4029,JOB020,ARCHIVE_JOB,Synchronization,19,Wednesday,4,3,4,102,264468,93,44,Ready,Success
4030,JOB017,INVOICE_PROCESSING,Reporting,23,Thursday,10,17,6,50,207857,47,20,Ready,Success
4031,JOB001,DAILY_SALES,Reporting,10,Tuesday,8,24,4,18,21286,40,78,Ready,Success
4032,JOB007,CUSTOMER_REPORT,Data Transfer,3,Friday,4,13,8,17,483346,47,55,Ready,Failed
4033,JOB006,FINANCE_REPORT,Data Transfer,5,Monday,24,15,2,117,151578,38,37,Delayed,Success
4034,JOB017,INVOICE_PROCESSING,Synchronization,0,Wednesday,0,22,8,62,388790,82,66,Not Ready,Failed
4035,JOB017,INVOICE_PROCESSING,Synchronization,19,Monday,24,22,0,53,27730,71,52,Delayed,Failed
4036,JOB014,MASTER_DATA_SYNC,Synchronization,22,Friday,13,19,2,54,477865,57,41,Ready,Success
4037,JOB002,MONTHLY_PAYROLL,Data Processing,15,Wednesday,4,13,3,71,235730,65,84,Ready,Failed
4038,JOB016,WAREHOUSE_UPDATE,Data Processing,14,Friday,7,4,5,25,316881,43,30,Delayed,Success
4039,JOB013,LOG_CLEANUP,Reporting,16,Thursday,20,21,9,84,380554,64,45,Ready,Failed
4040,JOB016,WAREHOUSE_UPDATE,Data Transfer,7,Sunday,13,27,7,55,193986,28,89,Ready,Success
4041,JOB013,LOG_CLEANUP,Data Processing,11,Thursday,27,10,6,42,448044,28,82,Ready,Failed
4042,JOB011,EMPLOYEE_DATA_SYNC,Backup,21,Sunday,15,11,7,30,266038,40,57,Ready,Success
4043,JOB001,DAILY_SALES,Synchronization,20,Thursday,5,17,5,10,160011,43,68,Delayed,Success
4044,JOB013,LOG_CLEANUP,Data Transfer,9,Friday,7,3,5,22,191256,83,36,Delayed,Failed
4045,JOB012,DATABASE_BACKUP,Reporting,14,Friday,1,12,5,109,123336,59,76,Ready,Success
4046,JOB005,BACKUP_JOB,Data Transfer,8,Friday,18,19,2,118,312040,93,33,Ready,Failed
4047,JOB015,DAILY_ANALYTICS,Data Transfer,1,Monday,26,27,9,10,48563,71,27,Ready,Success
4048,JOB003,INVENTORY_UPDATE,Reporting,4,Friday,8,12,3,45,166801,23,75,Delayed,Success
4049,JOB004,DATA_TRANSFER,Data Processing,5,Thursday,4,3,5,61,384400,22,42,Not Ready,Failed
4050,JOB015,DAILY_ANALYTICS,Backup,6,Tuesday,4,22,6,54,472368,32,63,Delayed,Success
4051,JOB015,DAILY_ANALYTICS,Data Processing,20,Friday,24,28,2,29,426144,40,85,Delayed,Failed
4052,JOB014,MASTER_DATA_SYNC,Synchronization,0,Tuesday,25,22,3,52,235238,27,22,Ready,Success
4053,JOB009,STOCK_UPDATE,Backup,22,Sunday,18,6,5,28,128481,92,72,Ready,Failed
4054,JOB006,FINANCE_REPORT,Backup,6,Thursday,29,22,0,34,347739,20,32,Ready,Success
4055,JOB011,EMPLOYEE_DATA_SYNC,Data Processing,19,Friday,3,1,6,91,281467,33,88,Not Ready,Failed
4056,JOB016,WAREHOUSE_UPDATE,Data Processing,11,Monday,15,20,0,49,95685,95,20,Delayed,Failed
4057,JOB013,LOG_CLEANUP,Synchronization,15,Monday,15,25,9,47,50165,55,40,Ready,Success
4058,JOB011,EMPLOYEE_DATA_SYNC,Synchronization,15,Sunday,15,17,8,76,48993,41,75,Ready,Success
4059,JOB002,MONTHLY_PAYROLL,Data Transfer,10,Tuesday,6,20,9,60,112318,55,21,Ready,Success
4060,JOB018,VENDOR_DATA_SYNC,Reporting,20,Saturday,17,27,8,117,393284,64,50,Ready,Success
4061,JOB009,STOCK_UPDATE,Data Processing,3,Monday,23,5,8,77,116433,35,32,Ready,Failed
4062,JOB015,DAILY_ANALYTICS,Reporting,12,Monday,20,15,3,74,58314,30,33,Not Ready,Failed
4063,JOB014,MASTER_DATA_SYNC,Data Processing,6,Monday,30,2,1,37,244891,86,95,Delayed,Failed
4064,JOB010,ORDER_PROCESSING,Backup,3,Thursday,0,21,6,101,240578,44,76,Ready,Success
4065,JOB007,CUSTOMER_REPORT,Synchronization,14,Monday,2,14,3,49,159261,86,32,Delayed,Failed
4066,JOB004,DATA_TRANSFER,Backup,18,Wednesday,30,20,4,11,277784,50,33,Ready,Failed
4067,JOB015,DAILY_ANALYTICS,Data Processing,8,Friday,24,19,0,110,202178,84,46,Ready,Failed
4068,JOB020,ARCHIVE_JOB,Synchronization,10,Sunday,20,9,9,22,238085,30,89,Ready,Success
4069,JOB018,VENDOR_DATA_SYNC,Data Transfer,7,Monday,7,8,5,74,167786,57,79,Delayed,Failed
4070,JOB012,DATABASE_BACKUP,Synchronization,0,Saturday,0,10,6,49,112115,21,89,Ready,Failed
4071,JOB006,FINANCE_REPORT,Synchronization,22,Saturday,29,13,2,41,299094,73,34,Delayed,Failed
4072,JOB006,FINANCE_REPORT,Data Processing,23,Monday,6,23,9,25,381318,26,75,Delayed,Failed
4073,JOB012,DATABASE_BACKUP,Reporting,7,Monday,6,11,1,94,171404,68,81,Ready,Success
4074,JOB005,BACKUP_JOB,Synchronization,12,Wednesday,7,6,9,83,87426,59,32,Ready,Failed
4075,JOB009,STOCK_UPDATE,Data Processing,21,Monday,18,10,6,48,152534,64,26,Ready,Failed
4076,JOB002,MONTHLY_PAYROLL,Synchronization,3,Monday,16,16,0,34,297819,73,40,Ready,Failed
4077,JOB012,DATABASE_BACKUP,Data Processing,7,Friday,10,24,1,15,430975,80,33,Ready,Failed
4078,JOB011,EMPLOYEE_DATA_SYNC,Backup,2,Saturday,14,8,2,12,248407,23,22,Ready,Success
4079,JOB003,INVENTORY_UPDATE,Data Processing,8,Wednesday,8,21,3,9,448144,53,82,Ready,Success
4080,JOB009,STOCK_UPDATE,Backup,1,Saturday,16,22,4,12,298575,27,62,Ready,Success
4081,JOB008,SALES_REPORT,Backup,1,Wednesday,10,12,3,9,271271,51,31,Ready,Success
4082,JOB002,MONTHLY_PAYROLL,Reporting,12,Saturday,5,15,9,14,458226,37,74,Delayed,Failed
4083,JOB005,BACKUP_JOB,Backup,14,Monday,8,2,2,19,494402,59,78,Delayed,Success
4084,JOB016,WAREHOUSE_UPDATE,Data Processing,22,Saturday,29,4,0,106,279856,94,39,Ready,Failed
4085,JOB009,STOCK_UPDATE,Reporting,11,Saturday,17,22,6,60,496887,75,88,Not Ready,Failed
4086,JOB008,SALES_REPORT,Reporting,3,Wednesday,19,16,9,118,195573,56,64,Ready,Success
4087,JOB004,DATA_TRANSFER,Reporting,7,Sunday,1,27,5,59,144534,74,74,Not Ready,Failed
4088,JOB014,MASTER_DATA_SYNC,Backup,8,Tuesday,3,0,1,7,273541,55,78,Delayed,Success
4089,JOB012,DATABASE_BACKUP,Data Processing,22,Wednesday,17,20,1,45,22101,29,94,Ready,Success
4090,JOB019,SYSTEM_MONITORING,Synchronization,4,Wednesday,27,8,2,14,387711,89,79,Ready,Success
4091,JOB019,SYSTEM_MONITORING,Synchronization,23,Wednesday,0,22,7,11,46196,82,80,Ready,Success
4092,JOB019,SYSTEM_MONITORING,Reporting,19,Thursday,10,16,7,67,203208,53,61,Not Ready,Failed
4093,JOB013,LOG_CLEANUP,Data Transfer,17,Sunday,2,28,9,119,183390,91,63,Ready,Failed
4094,JOB019,SYSTEM_MONITORING,Synchronization,10,Thursday,7,12,9,67,460133,36,25,Ready,Failed
4095,JOB003,INVENTORY_UPDATE,Data Processing,14,Thursday,4,14,9,92,209392,80,88,Ready,Failed
4096,JOB008,SALES_REPORT,Reporting,21,Wednesday,19,27,9,30,81560,37,41,Delayed,Failed
4097,JOB014,MASTER_DATA_SYNC,Data Transfer,8,Tuesday,20,20,7,38,141697,80,84,Delayed,Failed
4098,JOB007,CUSTOMER_REPORT,Data Processing,16,Wednesday,21,7,6,76,447512,55,39,Ready,Success
4099,JOB004,DATA_TRANSFER,Data Transfer,11,Monday,21,7,1,43,365329,72,66,Ready,Success
4100,JOB017,INVOICE_PROCESSING,Synchronization,6,Tuesday,4,27,0,64,304020,52,67,Ready,Success
4101,JOB013,LOG_CLEANUP,Data Transfer,9,Thursday,27,1,5,73,94553,42,43,Not Ready,Failed
4102,JOB012,DATABASE_BACKUP,Backup,9,Saturday,10,22,7,104,487732,83,91,Ready,Failed
4103,JOB009,STOCK_UPDATE,Backup,12,Saturday,11,9,0,111,78972,57,58,Delayed,Failed
4104,JOB007,CUSTOMER_REPORT,Reporting,18,Sunday,21,4,2,30,109700,88,74,Ready,Failed
4105,JOB013,LOG_CLEANUP,Backup,10,Friday,8,15,0,66,7747,49,74,Ready,Success
4106,JOB003,INVENTORY_UPDATE,Data Transfer,12,Sunday,20,24,9,14,281727,35,89,Delayed,Failed
4107,JOB008,SALES_REPORT,Backup,20,Tuesday,12,18,8,101,217524,73,82,Delayed,Failed
4108,JOB011,EMPLOYEE_DATA_SYNC,Reporting,7,Thursday,21,0,6,104,423263,78,38,Ready,Failed
4109,JOB005,BACKUP_JOB,Synchronization,7,Tuesday,19,12,7,58,36497,25,77,Delayed,Failed
4110,JOB010,ORDER_PROCESSING,Reporting,3,Tuesday,28,3,8,35,75323,24,45,Delayed,Success
4111,JOB002,MONTHLY_PAYROLL,Reporting,14,Saturday,2,6,2,42,402254,20,66,Ready,Success
4112,JOB002,MONTHLY_PAYROLL,Data Transfer,10,Wednesday,12,0,9,118,4910,33,33,Ready,Failed
4113,JOB003,INVENTORY_UPDATE,Data Transfer,10,Monday,27,1,1,29,102800,50,22,Ready,Success
4114,JOB006,FINANCE_REPORT,Data Processing,0,Friday,21,15,5,113,438295,70,88,Not Ready,Failed
4115,JOB016,WAREHOUSE_UPDATE,Backup,16,Thursday,10,13,4,81,303414,38,33,Ready,Success
4116,JOB019,SYSTEM_MONITORING,Synchronization,14,Tuesday,10,4,3,69,168640,51,27,Ready,Failed
4117,JOB020,ARCHIVE_JOB,Data Processing,19,Friday,20,24,5,104,140234,76,34,Ready,Failed
4118,JOB015,DAILY_ANALYTICS,Data Transfer,5,Tuesday,19,13,5,104,249396,50,64,Not Ready,Failed
4119,JOB010,ORDER_PROCESSING,Synchronization,23,Saturday,20,16,2,54,77798,77,64,Ready,Failed
4120,JOB012,DATABASE_BACKUP,Data Transfer,21,Monday,6,11,1,28,164370,45,22,Delayed,Success
4121,JOB013,LOG_CLEANUP,Backup,14,Saturday,16,19,8,31,429807,67,30,Ready,Success
4122,JOB015,DAILY_ANALYTICS,Reporting,8,Friday,15,11,7,86,362940,60,28,Ready,Success
4123,JOB007,CUSTOMER_REPORT,Synchronization,13,Thursday,13,29,3,54,31270,44,23,Ready,Success
4124,JOB016,WAREHOUSE_UPDATE,Synchronization,17,Tuesday,30,2,5,115,217308,66,69,Ready,Failed
4125,JOB013,LOG_CLEANUP,Data Processing,16,Monday,0,29,2,54,54054,73,25,Ready,Success
4126,JOB001,DAILY_SALES,Synchronization,17,Saturday,10,20,7,19,240877,76,63,Delayed,Failed
4127,JOB009,STOCK_UPDATE,Synchronization,4,Friday,12,20,2,21,104241,91,24,Ready,Success
4128,JOB001,DAILY_SALES,Data Transfer,19,Saturday,0,25,1,33,24801,80,76,Ready,Failed
4129,JOB006,FINANCE_REPORT,Backup,19,Tuesday,1,1,6,9,344536,23,68,Delayed,Success
4130,JOB014,MASTER_DATA_SYNC,Data Processing,8,Tuesday,8,20,2,15,210971,50,95,Ready,Success
4131,JOB019,SYSTEM_MONITORING,Data Transfer,10,Thursday,12,24,8,84,480720,86,88,Delayed,Failed
4132,JOB004,DATA_TRANSFER,Data Processing,23,Monday,4,20,2,56,340732,60,47,Ready,Success
4133,JOB003,INVENTORY_UPDATE,Data Processing,21,Wednesday,29,14,7,38,290933,45,58,Ready,Success
4134,JOB005,BACKUP_JOB,Backup,0,Saturday,8,10,1,85,14683,87,53,Ready,Failed
4135,JOB014,MASTER_DATA_SYNC,Backup,17,Tuesday,12,9,8,37,40162,85,81,Ready,Failed
4136,JOB018,VENDOR_DATA_SYNC,Reporting,5,Friday,4,17,0,118,402388,38,31,Not Ready,Failed
4137,JOB002,MONTHLY_PAYROLL,Data Transfer,1,Saturday,14,22,2,53,40225,44,88,Ready,Success
4138,JOB016,WAREHOUSE_UPDATE,Backup,14,Thursday,29,21,1,35,299208,66,73,Delayed,Success
4139,JOB004,DATA_TRANSFER,Data Processing,20,Thursday,6,22,6,22,88704,90,92,Ready,Failed
4140,JOB004,DATA_TRANSFER,Data Processing,13,Tuesday,13,23,4,119,434207,27,56,Ready,Success
4141,JOB011,EMPLOYEE_DATA_SYNC,Data Processing,4,Tuesday,29,25,7,93,16698,22,52,Ready,Success
4142,JOB007,CUSTOMER_REPORT,Data Transfer,5,Tuesday,15,20,1,9,340464,52,68,Ready,Failed
4143,JOB016,WAREHOUSE_UPDATE,Synchronization,5,Sunday,30,1,7,34,163544,47,20,Ready,Success
4144,JOB018,VENDOR_DATA_SYNC,Reporting,21,Wednesday,5,6,6,49,425942,41,66,Ready,Failed
4145,JOB011,EMPLOYEE_DATA_SYNC,Data Processing,17,Tuesday,1,6,4,91,256475,49,56,Ready,Failed
4146,JOB005,BACKUP_JOB,Reporting,13,Saturday,15,23,1,42,156620,66,28,Ready,Success
4147,JOB003,INVENTORY_UPDATE,Synchronization,9,Saturday,18,6,9,113,94667,55,37,Delayed,Success
4148,JOB002,MONTHLY_PAYROLL,Reporting,13,Sunday,4,25,6,86,78987,78,63,Ready,Success
4149,JOB014,MASTER_DATA_SYNC,Data Transfer,12,Sunday,3,22,9,100,39328,33,89,Ready,Success
4150,JOB005,BACKUP_JOB,Data Transfer,2,Monday,13,13,3,98,18358,92,82,Ready,Failed
4151,JOB003,INVENTORY_UPDATE,Data Processing,5,Friday,26,28,3,33,269420,33,22,Ready,Failed
4152,JOB003,INVENTORY_UPDATE,Reporting,7,Tuesday,5,24,7,40,269368,75,37,Delayed,Success
4153,JOB015,DAILY_ANALYTICS,Backup,11,Saturday,7,23,5,13,187717,43,56,Ready,Success
4154,JOB019,SYSTEM_MONITORING,Synchronization,12,Sunday,23,1,8,27,51822,68,39,Ready,Success
4155,JOB016,WAREHOUSE_UPDATE,Data Transfer,10,Saturday,2,1,1,7,106422,62,55,Delayed,Success
4156,JOB012,DATABASE_BACKUP,Data Transfer,11,Saturday,3,22,4,90,205792,22,23,Ready,Success
4157,JOB005,BACKUP_JOB,Synchronization,0,Sunday,0,25,5,60,22555,42,36,Ready,Failed
4158,JOB003,INVENTORY_UPDATE,Backup,16,Wednesday,1,14,7,44,450005,39,76,Ready,Success
4159,JOB011,EMPLOYEE_DATA_SYNC,Backup,15,Sunday,12,10,3,113,64689,34,68,Delayed,Failed
4160,JOB007,CUSTOMER_REPORT,Data Processing,10,Sunday,8,28,6,60,38573,62,72,Ready,Success
4161,JOB006,FINANCE_REPORT,Synchronization,12,Friday,30,9,6,62,450129,90,29,Ready,Failed
4162,JOB014,MASTER_DATA_SYNC,Backup,17,Sunday,11,2,3,35,324382,52,48,Ready,Success
4163,JOB016,WAREHOUSE_UPDATE,Backup,10,Thursday,9,16,0,90,27107,74,95,Ready,Failed
4164,JOB010,ORDER_PROCESSING,Data Transfer,11,Sunday,9,8,2,15,283344,60,28,Delayed,Success
4165,JOB004,DATA_TRANSFER,Reporting,5,Saturday,17,29,1,46,278452,37,40,Not Ready,Failed
4166,JOB016,WAREHOUSE_UPDATE,Synchronization,8,Tuesday,11,14,2,111,71669,22,20,Ready,Success
4167,JOB019,SYSTEM_MONITORING,Synchronization,15,Saturday,21,29,4,7,473448,22,55,Ready,Success
4168,JOB007,CUSTOMER_REPORT,Data Transfer,3,Friday,29,13,0,61,473800,35,25,Ready,Success
4169,JOB003,INVENTORY_UPDATE,Data Processing,2,Thursday,15,18,4,18,328378,62,37,Ready,Success
4170,JOB003,INVENTORY_UPDATE,Data Transfer,15,Sunday,22,16,1,50,147632,42,91,Delayed,Success
4171,JOB016,WAREHOUSE_UPDATE,Data Processing,23,Wednesday,5,21,3,23,404620,34,30,Ready,Success
4172,JOB004,DATA_TRANSFER,Reporting,11,Monday,23,19,5,64,144920,92,88,Not Ready,Failed
4173,JOB011,EMPLOYEE_DATA_SYNC,Data Transfer,10,Sunday,24,29,8,35,98412,77,40,Delayed,Success
4174,JOB010,ORDER_PROCESSING,Synchronization,4,Tuesday,23,16,9,40,75309,59,28,Ready,Success
4175,JOB001,DAILY_SALES,Backup,17,Monday,20,15,5,36,344923,57,21,Not Ready,Failed
4176,JOB018,VENDOR_DATA_SYNC,Reporting,18,Wednesday,23,19,9,67,203870,25,23,Not Ready,Failed
4177,JOB019,SYSTEM_MONITORING,Data Transfer,22,Friday,9,7,1,30,467570,65,31,Delayed,Failed
4178,JOB011,EMPLOYEE_DATA_SYNC,Synchronization,22,Friday,30,26,7,69,410330,25,58,Delayed,Failed
4179,JOB016,WAREHOUSE_UPDATE,Synchronization,5,Wednesday,14,6,4,6,81564,39,79,Ready,Success
4180,JOB020,ARCHIVE_JOB,Synchronization,21,Saturday,25,11,8,74,348621,38,53,Delayed,Failed
4181,JOB009,STOCK_UPDATE,Backup,17,Wednesday,8,0,9,49,254110,33,78,Ready,Success
4182,JOB007,CUSTOMER_REPORT,Synchronization,5,Sunday,29,25,8,82,455089,84,91,Not Ready,Failed
4183,JOB005,BACKUP_JOB,Backup,3,Tuesday,23,11,3,96,232758,48,25,Ready,Failed
4184,JOB010,ORDER_PROCESSING,Data Transfer,11,Thursday,1,24,0,101,350745,50,51,Ready,Failed
4185,JOB011,EMPLOYEE_DATA_SYNC,Data Processing,18,Sunday,17,5,8,29,391836,44,47,Ready,Success
4186,JOB020,ARCHIVE_JOB,Reporting,1,Sunday,11,15,8,44,192100,90,94,Ready,Failed
4187,JOB005,BACKUP_JOB,Reporting,16,Sunday,2,17,7,22,83150,65,60,Ready,Success
4188,JOB017,INVOICE_PROCESSING,Data Transfer,10,Monday,6,18,4,114,105758,71,91,Ready,Success
4189,JOB018,VENDOR_DATA_SYNC,Data Transfer,10,Monday,8,22,4,102,19267,35,46,Ready,Failed
4190,JOB015,DAILY_ANALYTICS,Synchronization,20,Friday,7,2,9,16,455658,30,72,Delayed,Failed
4191,JOB012,DATABASE_BACKUP,Synchronization,15,Sunday,24,28,5,95,207711,37,30,Ready,Success
4192,JOB002,MONTHLY_PAYROLL,Data Transfer,1,Saturday,5,2,0,28,334711,75,41,Ready,Failed
4193,JOB007,CUSTOMER_REPORT,Reporting,1,Friday,0,4,8,101,190100,75,24,Ready,Success
4194,JOB003,INVENTORY_UPDATE,Data Transfer,22,Tuesday,13,2,4,83,463928,76,53,Ready,Success
4195,JOB012,DATABASE_BACKUP,Synchronization,7,Wednesday,15,18,6,47,404363,88,81,Ready,Failed
4196,JOB014,MASTER_DATA_SYNC,Data Transfer,12,Monday,27,26,7,36,103787,85,50,Ready,Success
4197,JOB004,DATA_TRANSFER,Synchronization,9,Sunday,15,4,4,118,448290,93,66,Ready,Failed
4198,JOB005,BACKUP_JOB,Reporting,7,Tuesday,3,13,2,85,297280,35,56,Ready,Success
4199,JOB019,SYSTEM_MONITORING,Data Processing,3,Friday,28,20,5,103,199874,25,45,Ready,Success
4200,JOB014,MASTER_DATA_SYNC,Reporting,14,Friday,5,15,6,51,280179,71,62,Delayed,Success
4201,JOB015,DAILY_ANALYTICS,Backup,0,Monday,14,27,3,49,101414,74,80,Ready,Success
4202,JOB007,CUSTOMER_REPORT,Synchronization,10,Friday,27,24,8,39,277919,95,57,Ready,Success
4203,JOB001,DAILY_SALES,Data Transfer,6,Saturday,21,0,3,81,430082,92,51,Ready,Success
4204,JOB017,INVOICE_PROCESSING,Data Transfer,16,Friday,30,29,9,13,134827,68,88,Ready,Failed
4205,JOB006,FINANCE_REPORT,Synchronization,19,Thursday,7,16,1,14,434532,91,81,Ready,Failed
4206,JOB012,DATABASE_BACKUP,Backup,23,Wednesday,30,10,8,69,324223,75,44,Ready,Failed
4207,JOB019,SYSTEM_MONITORING,Synchronization,17,Friday,0,29,3,63,218040,60,52,Ready,Success
4208,JOB014,MASTER_DATA_SYNC,Data Transfer,21,Thursday,12,8,3,102,96995,90,83,Delayed,Failed
4209,JOB010,ORDER_PROCESSING,Data Processing,21,Tuesday,26,20,9,61,211167,75,90,Ready,Success
4210,JOB007,CUSTOMER_REPORT,Backup,11,Friday,17,3,0,114,18561,82,35,Delayed,Success
4211,JOB020,ARCHIVE_JOB,Data Transfer,8,Saturday,17,1,1,105,344061,47,68,Delayed,Failed
4212,JOB020,ARCHIVE_JOB,Reporting,4,Tuesday,12,27,2,93,434733,94,34,Ready,Failed
4213,JOB012,DATABASE_BACKUP,Backup,9,Sunday,21,8,6,90,288762,50,39,Ready,Success
4214,JOB015,DAILY_ANALYTICS,Synchronization,3,Friday,29,21,8,14,19940,74,41,Ready,Success
4215,JOB007,CUSTOMER_REPORT,Reporting,4,Monday,13,24,4,94,275020,71,29,Ready,Success
4216,JOB005,BACKUP_JOB,Data Processing,9,Thursday,10,4,3,23,48777,93,91,Ready,Failed
4217,JOB004,DATA_TRANSFER,Data Processing,10,Thursday,6,3,1,108,56946,85,74,Ready,Success
4218,JOB001,DAILY_SALES,Synchronization,20,Monday,17,22,6,113,405343,65,47,Delayed,Failed
4219,JOB020,ARCHIVE_JOB,Synchronization,23,Wednesday,20,4,5,109,436799,23,28,Delayed,Failed
4220,JOB013,LOG_CLEANUP,Reporting,9,Sunday,21,23,6,54,270740,41,50,Not Ready,Failed
4221,JOB005,BACKUP_JOB,Data Transfer,7,Saturday,3,23,7,72,281612,64,93,Ready,Success
4222,JOB005,BACKUP_JOB,Backup,1,Thursday,16,28,8,108,257406,47,76,Ready,Failed
4223,JOB018,VENDOR_DATA_SYNC,Backup,22,Tuesday,18,17,9,9,281999,29,50,Delayed,Success
4224,JOB002,MONTHLY_PAYROLL,Reporting,7,Saturday,13,12,4,33,218770,85,94,Ready,Success
4225,JOB015,DAILY_ANALYTICS,Synchronization,15,Thursday,9,4,4,106,31467,68,62,Ready,Failed
4226,JOB013,LOG_CLEANUP,Synchronization,21,Sunday,24,25,3,120,478521,92,93,Ready,Failed
4227,JOB006,FINANCE_REPORT,Data Transfer,4,Wednesday,28,23,2,9,140229,70,28,Ready,Success
4228,JOB014,MASTER_DATA_SYNC,Data Processing,2,Sunday,5,18,6,64,108790,62,61,Ready,Success
4229,JOB006,FINANCE_REPORT,Data Processing,11,Tuesday,17,22,4,69,111564,25,93,Ready,Success
4230,JOB003,INVENTORY_UPDATE,Reporting,12,Sunday,24,2,6,32,132990,44,69,Ready,Failed
4231,JOB019,SYSTEM_MONITORING,Reporting,12,Saturday,3,21,1,87,474854,23,56,Ready,Success
4232,JOB019,SYSTEM_MONITORING,Data Processing,9,Tuesday,10,17,8,104,5747,95,90,Ready,Success
4233,JOB018,VENDOR_DATA_SYNC,Data Transfer,3,Monday,12,5,8,5,490027,43,91,Ready,Success
4234,JOB016,WAREHOUSE_UPDATE,Data Transfer,8,Friday,7,5,8,33,43563,75,36,Ready,Success
4235,JOB004,DATA_TRANSFER,Reporting,21,Monday,9,23,4,55,487323,74,67,Ready,Failed
4236,JOB020,ARCHIVE_JOB,Backup,23,Saturday,22,4,9,40,66192,73,21,Ready,Failed
4237,JOB013,LOG_CLEANUP,Backup,22,Friday,27,29,8,36,121424,22,61,Not Ready,Failed
4238,JOB009,STOCK_UPDATE,Data Processing,1,Monday,10,0,0,68,416181,95,82,Delayed,Failed
4239,JOB008,SALES_REPORT,Synchronization,18,Friday,2,7,1,18,323874,66,30,Ready,Success
4240,JOB017,INVOICE_PROCESSING,Synchronization,0,Thursday,14,27,9,36,444449,49,75,Ready,Success
4241,JOB009,STOCK_UPDATE,Backup,6,Sunday,7,24,4,114,206175,95,92,Ready,Failed
4242,JOB012,DATABASE_BACKUP,Data Transfer,16,Tuesday,19,0,4,13,369314,60,64,Ready,Success
4243,JOB005,BACKUP_JOB,Data Processing,2,Friday,17,20,5,87,418223,74,64,Ready,Success
4244,JOB017,INVOICE_PROCESSING,Reporting,19,Thursday,26,27,7,15,335230,78,48,Ready,Failed
4245,JOB013,LOG_CLEANUP,Synchronization,19,Sunday,20,5,0,52,371048,59,53,Ready,Success
4246,JOB016,WAREHOUSE_UPDATE,Backup,20,Sunday,0,19,9,55,347167,64,88,Delayed,Failed
4247,JOB019,SYSTEM_MONITORING,Synchronization,2,Wednesday,28,13,8,8,262578,41,39,Ready,Failed
4248,JOB008,SALES_REPORT,Data Transfer,2,Monday,23,10,3,45,294338,34,91,Ready,Failed
4249,JOB006,FINANCE_REPORT,Data Transfer,16,Wednesday,29,1,7,29,350699,36,89,Ready,Failed
4250,JOB018,VENDOR_DATA_SYNC,Synchronization,6,Saturday,7,20,4,21,154372,78,37,Ready,Success
4251,JOB011,EMPLOYEE_DATA_SYNC,Data Transfer,13,Thursday,2,29,0,51,287736,44,91,Ready,Success
4252,JOB009,STOCK_UPDATE,Reporting,16,Wednesday,0,29,8,12,361880,62,79,Delayed,Failed
4253,JOB015,DAILY_ANALYTICS,Reporting,17,Wednesday,19,3,7,62,316346,83,74,Ready,Success
4254,JOB014,MASTER_DATA_SYNC,Backup,12,Sunday,24,12,4,113,427220,70,71,Ready,Failed
4255,JOB007,CUSTOMER_REPORT,Data Processing,19,Thursday,15,6,3,5,460058,80,44,Ready,Failed
4256,JOB002,MONTHLY_PAYROLL,Data Transfer,19,Sunday,8,5,7,6,318177,64,85,Ready,Success
4257,JOB016,WAREHOUSE_UPDATE,Data Processing,20,Tuesday,30,2,8,14,472472,22,47,Delayed,Failed
4258,JOB006,FINANCE_REPORT,Synchronization,17,Friday,16,8,6,95,230399,55,39,Ready,Failed
4259,JOB009,STOCK_UPDATE,Backup,3,Saturday,26,13,3,31,448787,83,89,Ready,Failed
4260,JOB010,ORDER_PROCESSING,Data Transfer,0,Saturday,30,19,6,17,326235,47,56,Ready,Success
4261,JOB011,EMPLOYEE_DATA_SYNC,Reporting,17,Monday,15,10,5,67,372949,64,35,Ready,Success
4262,JOB018,VENDOR_DATA_SYNC,Synchronization,0,Sunday,22,4,2,15,108509,40,54,Ready,Success
4263,JOB007,CUSTOMER_REPORT,Reporting,12,Friday,5,13,9,18,181904,46,74,Delayed,Success
4264,JOB008,SALES_REPORT,Synchronization,19,Monday,29,18,2,100,256800,95,84,Ready,Failed
4265,JOB008,SALES_REPORT,Reporting,19,Saturday,22,7,0,84,166355,54,33,Ready,Success
4266,JOB013,LOG_CLEANUP,Reporting,22,Friday,6,26,4,97,280479,67,43,Delayed,Failed
4267,JOB002,MONTHLY_PAYROLL,Backup,9,Wednesday,23,6,7,106,137479,42,57,Ready,Failed
4268,JOB013,LOG_CLEANUP,Backup,10,Tuesday,15,26,5,102,1414,83,28,Ready,Success
4269,JOB004,DATA_TRANSFER,Data Transfer,8,Wednesday,7,26,7,30,235224,32,78,Ready,Success
4270,JOB004,DATA_TRANSFER,Reporting,8,Tuesday,9,6,6,73,92535,49,70,Ready,Failed
4271,JOB020,ARCHIVE_JOB,Data Processing,4,Sunday,13,23,1,87,333651,93,70,Delayed,Success
4272,JOB020,ARCHIVE_JOB,Synchronization,0,Thursday,10,22,7,43,278289,39,38,Ready,Failed
4273,JOB016,WAREHOUSE_UPDATE,Data Transfer,16,Monday,1,2,3,96,137057,25,81,Delayed,Success
4274,JOB019,SYSTEM_MONITORING,Backup,21,Monday,11,2,4,32,353033,38,29,Ready,Success
4275,JOB004,DATA_TRANSFER,Synchronization,1,Thursday,27,17,7,21,270794,86,57,Ready,Success
4276,JOB009,STOCK_UPDATE,Synchronization,23,Friday,27,12,4,41,481506,93,22,Ready,Failed
4277,JOB007,CUSTOMER_REPORT,Backup,12,Thursday,19,0,4,112,472716,29,67,Ready,Success
4278,JOB015,DAILY_ANALYTICS,Data Transfer,8,Sunday,19,4,5,87,306551,75,60,Ready,Failed
4279,JOB020,ARCHIVE_JOB,Data Processing,3,Saturday,12,27,6,31,163644,40,36,Not Ready,Failed
4280,JOB009,STOCK_UPDATE,Data Processing,4,Thursday,14,3,8,118,191604,75,92,Ready,Failed
4281,JOB009,STOCK_UPDATE,Backup,10,Tuesday,26,15,6,80,89441,76,88,Ready,Success
4282,JOB001,DAILY_SALES,Synchronization,23,Saturday,25,14,5,71,94303,21,34,Not Ready,Failed
4283,JOB009,STOCK_UPDATE,Backup,18,Thursday,11,28,9,72,350521,58,75,Ready,Failed
4284,JOB008,SALES_REPORT,Synchronization,20,Monday,12,26,3,51,214441,80,95,Ready,Failed
4285,JOB019,SYSTEM_MONITORING,Reporting,2,Wednesday,7,17,9,115,241503,64,34,Ready,Success
4286,JOB008,SALES_REPORT,Synchronization,11,Tuesday,15,16,1,79,106632,47,24,Ready,Success
4287,JOB004,DATA_TRANSFER,Reporting,18,Sunday,29,13,8,38,159824,37,63,Not Ready,Failed
4288,JOB002,MONTHLY_PAYROLL,Synchronization,18,Tuesday,28,13,9,22,472889,33,22,Ready,Failed
4289,JOB002,MONTHLY_PAYROLL,Reporting,12,Friday,28,18,4,39,155084,74,66,Not Ready,Failed
4290,JOB001,DAILY_SALES,Data Transfer,6,Wednesday,2,28,4,22,123274,78,49,Ready,Failed
4291,JOB004,DATA_TRANSFER,Data Processing,14,Tuesday,27,5,2,114,13708,38,31,Ready,Success
4292,JOB015,DAILY_ANALYTICS,Reporting,22,Thursday,28,12,2,74,147123,60,34,Ready,Success
4293,JOB010,ORDER_PROCESSING,Synchronization,6,Tuesday,30,17,0,38,290319,31,57,Ready,Success
4294,JOB007,CUSTOMER_REPORT,Reporting,7,Tuesday,12,25,4,37,20335,39,47,Delayed,Success
4295,JOB007,CUSTOMER_REPORT,Synchronization,4,Tuesday,11,14,2,76,249885,53,68,Delayed,Failed
4296,JOB013,LOG_CLEANUP,Data Processing,20,Friday,18,28,1,110,450112,55,66,Ready,Failed
4297,JOB020,ARCHIVE_JOB,Data Transfer,13,Tuesday,28,22,8,88,133609,40,94,Ready,Failed
4298,JOB007,CUSTOMER_REPORT,Reporting,3,Tuesday,1,26,9,118,102472,75,31,Not Ready,Failed
4299,JOB012,DATABASE_BACKUP,Synchronization,22,Friday,0,6,5,88,399903,60,73,Ready,Success
4300,JOB006,FINANCE_REPORT,Data Processing,9,Saturday,7,26,2,47,17352,60,51,Ready,Success
4301,JOB018,VENDOR_DATA_SYNC,Backup,19,Wednesday,29,18,6,86,379727,62,20,Ready,Success
4302,JOB006,FINANCE_REPORT,Backup,14,Sunday,8,29,8,31,303715,91,35,Delayed,Failed
4303,JOB008,SALES_REPORT,Reporting,17,Saturday,24,16,8,52,173216,57,30,Ready,Success
4304,JOB018,VENDOR_DATA_SYNC,Data Processing,19,Monday,26,8,0,73,362904,37,74,Ready,Failed
4305,JOB002,MONTHLY_PAYROLL,Reporting,12,Friday,7,10,1,75,100798,27,55,Ready,Success
4306,JOB008,SALES_REPORT,Synchronization,7,Friday,20,4,7,26,202668,85,49,Ready,Failed
4307,JOB014,MASTER_DATA_SYNC,Synchronization,8,Tuesday,16,1,0,38,190564,39,87,Not Ready,Success
4308,JOB020,ARCHIVE_JOB,Backup,15,Tuesday,8,14,2,47,225589,88,75,Delayed,Success
4309,JOB010,ORDER_PROCESSING,Synchronization,18,Sunday,5,23,6,81,272623,76,79,Ready,Success
4310,JOB013,LOG_CLEANUP,Synchronization,15,Monday,27,11,7,120,489275,37,36,Ready,Failed
4311,JOB006,FINANCE_REPORT,Reporting,6,Tuesday,14,9,4,100,289958,79,52,Ready,Success
4312,JOB008,SALES_REPORT,Backup,13,Thursday,22,9,1,92,11065,21,49,Ready,Success
4313,JOB010,ORDER_PROCESSING,Data Transfer,13,Tuesday,23,19,2,20,494270,61,32,Delayed,Success
4314,JOB009,STOCK_UPDATE,Synchronization,3,Tuesday,12,10,8,18,288964,83,31,Delayed,Failed
4315,JOB007,CUSTOMER_REPORT,Backup,14,Thursday,20,9,9,43,404654,63,51,Ready,Success
4316,JOB001,DAILY_SALES,Data Transfer,2,Monday,21,27,6,75,23871,70,53,Delayed,Success
4317,JOB001,DAILY_SALES,Data Transfer,4,Thursday,11,6,0,112,312469,84,31,Ready,Failed
4318,JOB011,EMPLOYEE_DATA_SYNC,Backup,0,Friday,12,13,2,16,234688,84,23,Not Ready,Success
4319,JOB017,INVOICE_PROCESSING,Reporting,2,Thursday,6,12,8,88,282805,73,45,Ready,Failed
4320,JOB013,LOG_CLEANUP,Backup,14,Wednesday,22,4,6,101,478157,58,83,Ready,Failed
4321,JOB002,MONTHLY_PAYROLL,Data Transfer,23,Friday,17,28,1,59,317994,27,49,Ready,Success
4322,JOB011,EMPLOYEE_DATA_SYNC,Data Transfer,7,Tuesday,13,18,5,10,264540,86,53,Ready,Success
4323,JOB015,DAILY_ANALYTICS,Data Transfer,3,Sunday,10,9,8,44,1173,95,52,Ready,Success
4324,JOB016,WAREHOUSE_UPDATE,Backup,1,Friday,27,7,3,95,384053,68,50,Ready,Failed
4325,JOB016,WAREHOUSE_UPDATE,Synchronization,23,Monday,13,17,9,17,176426,55,75,Ready,Failed
4326,JOB015,DAILY_ANALYTICS,Data Transfer,23,Monday,16,0,1,73,279057,26,81,Ready,Failed
4327,JOB003,INVENTORY_UPDATE,Backup,9,Thursday,23,4,2,28,192039,34,50,Ready,Success
4328,JOB006,FINANCE_REPORT,Reporting,3,Friday,20,10,6,78,221543,44,43,Ready,Failed
4329,JOB015,DAILY_ANALYTICS,Synchronization,2,Tuesday,25,19,3,63,77616,76,88,Ready,Success
4330,JOB008,SALES_REPORT,Data Processing,1,Monday,30,10,6,50,232622,57,70,Delayed,Success
4331,JOB013,LOG_CLEANUP,Reporting,16,Saturday,1,15,4,100,384577,56,84,Ready,Success
4332,JOB019,SYSTEM_MONITORING,Synchronization,22,Tuesday,18,9,7,77,85998,35,28,Ready,Success
4333,JOB015,DAILY_ANALYTICS,Reporting,20,Saturday,15,14,7,117,63726,20,27,Ready,Failed
4334,JOB002,MONTHLY_PAYROLL,Data Processing,23,Wednesday,21,6,4,103,249811,66,55,Ready,Failed
4335,JOB014,MASTER_DATA_SYNC,Data Transfer,19,Saturday,9,14,6,48,448097,71,88,Ready,Success
4336,JOB014,MASTER_DATA_SYNC,Reporting,22,Monday,21,28,5,80,101003,56,75,Delayed,Failed
4337,JOB014,MASTER_DATA_SYNC,Reporting,12,Thursday,7,24,7,15,343643,64,65,Ready,Success
4338,JOB009,STOCK_UPDATE,Synchronization,4,Wednesday,20,15,8,65,318964,33,29,Ready,Success
4339,JOB005,BACKUP_JOB,Backup,20,Friday,4,5,4,40,124842,76,93,Ready,Failed
4340,JOB002,MONTHLY_PAYROLL,Synchronization,8,Tuesday,6,10,6,76,282619,53,30,Ready,Success
4341,JOB012,DATABASE_BACKUP,Backup,21,Monday,25,16,0,14,479920,85,27,Ready,Failed
4342,JOB014,MASTER_DATA_SYNC,Data Processing,5,Wednesday,12,14,7,82,461596,50,87,Ready,Failed
4343,JOB013,LOG_CLEANUP,Synchronization,4,Wednesday,15,15,2,98,433381,63,37,Delayed,Failed
4344,JOB016,WAREHOUSE_UPDATE,Reporting,9,Monday,29,23,0,5,381083,42,22,Ready,Failed
4345,JOB012,DATABASE_BACKUP,Data Processing,7,Friday,30,1,5,67,115412,85,34,Ready,Failed
4346,JOB009,STOCK_UPDATE,Synchronization,6,Friday,4,3,7,16,368968,30,79,Ready,Success
4347,JOB003,INVENTORY_UPDATE,Data Transfer,6,Thursday,15,18,2,9,404158,68,91,Ready,Failed
4348,JOB015,DAILY_ANALYTICS,Data Processing,5,Sunday,14,5,0,82,34660,77,74,Ready,Success
4349,JOB011,EMPLOYEE_DATA_SYNC,Data Transfer,20,Saturday,8,17,2,40,271550,48,89,Ready,Success
4350,JOB013,LOG_CLEANUP,Synchronization,19,Friday,21,20,4,21,217421,70,51,Ready,Success
4351,JOB003,INVENTORY_UPDATE,Synchronization,2,Thursday,22,10,7,62,145243,20,25,Ready,Failed
4352,JOB004,DATA_TRANSFER,Synchronization,18,Saturday,11,8,8,26,482881,24,35,Not Ready,Failed
4353,JOB004,DATA_TRANSFER,Backup,21,Wednesday,7,2,8,35,96839,53,85,Not Ready,Failed
4354,JOB003,INVENTORY_UPDATE,Data Processing,14,Monday,12,1,3,30,479780,38,35,Delayed,Failed
4355,JOB014,MASTER_DATA_SYNC,Data Processing,3,Friday,4,17,7,17,486943,59,33,Ready,Success
4356,JOB015,DAILY_ANALYTICS,Data Transfer,11,Thursday,13,14,4,67,88259,85,81,Delayed,Failed
4357,JOB008,SALES_REPORT,Data Transfer,5,Wednesday,15,24,2,71,83525,83,37,Not Ready,Failed
4358,JOB018,VENDOR_DATA_SYNC,Data Transfer,18,Friday,10,21,4,111,452111,91,27,Delayed,Failed
4359,JOB017,INVOICE_PROCESSING,Data Processing,3,Tuesday,19,17,1,67,376120,36,24,Ready,Failed
4360,JOB010,ORDER_PROCESSING,Data Transfer,14,Sunday,30,18,5,15,316710,57,60,Ready,Success
4361,JOB008,SALES_REPORT,Reporting,8,Wednesday,11,14,0,73,148384,62,78,Not Ready,Failed
4362,JOB017,INVOICE_PROCESSING,Synchronization,4,Friday,14,29,5,68,99039,59,28,Not Ready,Failed
4363,JOB001,DAILY_SALES,Data Transfer,12,Wednesday,23,16,4,106,314809,64,61,Ready,Failed
4364,JOB007,CUSTOMER_REPORT,Reporting,22,Monday,11,17,8,72,161472,59,37,Ready,Success
4365,JOB006,FINANCE_REPORT,Data Transfer,17,Monday,25,17,6,36,368491,90,65,Delayed,Failed
4366,JOB004,DATA_TRANSFER,Synchronization,4,Sunday,8,10,5,78,149633,49,67,Not Ready,Failed
4367,JOB018,VENDOR_DATA_SYNC,Reporting,15,Monday,0,17,6,14,439622,54,47,Ready,Failed
4368,JOB009,STOCK_UPDATE,Synchronization,18,Saturday,2,22,9,112,88101,85,56,Ready,Success
4369,JOB002,MONTHLY_PAYROLL,Backup,13,Tuesday,11,2,4,58,346547,63,93,Ready,Success
4370,JOB011,EMPLOYEE_DATA_SYNC,Synchronization,15,Monday,19,12,0,59,30621,23,39,Ready,Success
4371,JOB020,ARCHIVE_JOB,Data Processing,14,Tuesday,12,13,8,86,446679,83,57,Ready,Failed
4372,JOB019,SYSTEM_MONITORING,Synchronization,21,Monday,22,26,4,66,349349,24,60,Ready,Success
4373,JOB018,VENDOR_DATA_SYNC,Backup,3,Saturday,5,3,3,115,90233,67,81,Delayed,Failed
4374,JOB009,STOCK_UPDATE,Data Transfer,6,Wednesday,9,17,5,59,403953,85,39,Ready,Failed
4375,JOB004,DATA_TRANSFER,Data Processing,15,Friday,9,4,4,91,33035,46,42,Ready,Success
4376,JOB002,MONTHLY_PAYROLL,Backup,23,Friday,15,13,0,86,113257,43,69,Delayed,Success
4377,JOB012,DATABASE_BACKUP,Synchronization,21,Monday,26,24,1,39,76224,75,24,Ready,Success
4378,JOB006,FINANCE_REPORT,Backup,20,Friday,0,11,3,71,13974,64,79,Ready,Success
4379,JOB001,DAILY_SALES,Data Transfer,21,Monday,15,24,7,69,25648,87,92,Ready,Failed
4380,JOB015,DAILY_ANALYTICS,Data Processing,20,Monday,3,6,4,21,432342,47,62,Ready,Success
4381,JOB018,VENDOR_DATA_SYNC,Reporting,7,Sunday,5,11,6,46,482695,24,55,Ready,Failed
4382,JOB007,CUSTOMER_REPORT,Backup,16,Thursday,18,7,1,63,29612,66,22,Ready,Failed
4383,JOB014,MASTER_DATA_SYNC,Backup,15,Thursday,30,28,7,74,109722,24,80,Ready,Failed
4384,JOB014,MASTER_DATA_SYNC,Synchronization,22,Sunday,1,29,4,15,305720,24,73,Ready,Success
4385,JOB020,ARCHIVE_JOB,Data Processing,9,Thursday,17,20,3,82,408799,67,55,Ready,Success
4386,JOB002,MONTHLY_PAYROLL,Reporting,9,Tuesday,9,20,8,117,415402,92,64,Ready,Failed
4387,JOB012,DATABASE_BACKUP,Backup,1,Thursday,27,27,5,32,26563,66,48,Not Ready,Failed
4388,JOB007,CUSTOMER_REPORT,Reporting,8,Monday,27,2,3,43,158763,81,45,Delayed,Success
4389,JOB011,EMPLOYEE_DATA_SYNC,Reporting,16,Saturday,3,21,7,58,458553,46,27,Not Ready,Failed
4390,JOB014,MASTER_DATA_SYNC,Data Transfer,10,Saturday,28,0,2,104,330271,23,92,Ready,Failed
4391,JOB014,MASTER_DATA_SYNC,Synchronization,9,Wednesday,0,2,9,15,81994,68,41,Ready,Failed
4392,JOB005,BACKUP_JOB,Reporting,21,Thursday,14,10,1,119,400117,84,88,Ready,Failed
4393,JOB002,MONTHLY_PAYROLL,Synchronization,16,Saturday,9,17,6,109,107383,80,63,Ready,Success
4394,JOB014,MASTER_DATA_SYNC,Data Transfer,3,Thursday,17,6,3,62,108083,39,60,Ready,Success
4395,JOB017,INVOICE_PROCESSING,Reporting,15,Wednesday,15,8,3,44,10034,27,55,Ready,Success
4396,JOB019,SYSTEM_MONITORING,Synchronization,19,Saturday,12,3,9,120,299561,32,49,Ready,Failed
4397,JOB011,EMPLOYEE_DATA_SYNC,Data Processing,14,Monday,25,22,8,8,356872,92,68,Ready,Success
4398,JOB008,SALES_REPORT,Synchronization,20,Tuesday,14,23,1,68,212724,56,36,Delayed,Success
4399,JOB018,VENDOR_DATA_SYNC,Data Processing,4,Sunday,1,9,0,52,412165,62,49,Not Ready,Success
4400,JOB012,DATABASE_BACKUP,Data Transfer,5,Sunday,19,17,6,74,119297,75,92,Ready,Failed
4401,JOB012,DATABASE_BACKUP,Data Transfer,16,Sunday,3,22,7,106,429913,69,23,Not Ready,Failed
4402,JOB020,ARCHIVE_JOB,Data Processing,0,Thursday,0,15,2,87,34489,39,95,Ready,Success
4403,JOB014,MASTER_DATA_SYNC,Backup,18,Saturday,6,28,1,35,133876,67,54,Ready,Success
4404,JOB016,WAREHOUSE_UPDATE,Reporting,3,Saturday,22,11,3,6,79147,38,36,Ready,Success
4405,JOB008,SALES_REPORT,Reporting,16,Wednesday,25,18,1,47,61538,88,26,Ready,Failed
4406,JOB013,LOG_CLEANUP,Data Processing,8,Monday,10,23,1,93,458760,36,81,Ready,Failed
4407,JOB010,ORDER_PROCESSING,Reporting,23,Friday,25,21,4,118,198262,47,77,Ready,Success
4408,JOB014,MASTER_DATA_SYNC,Data Transfer,1,Saturday,9,2,9,45,468088,55,63,Ready,Success
4409,JOB020,ARCHIVE_JOB,Backup,7,Tuesday,0,7,4,64,311021,57,77,Ready,Success
4410,JOB003,INVENTORY_UPDATE,Data Processing,14,Wednesday,10,26,7,116,254444,89,72,Not Ready,Failed
4411,JOB008,SALES_REPORT,Data Transfer,6,Saturday,23,28,8,79,436872,45,91,Ready,Failed
4412,JOB002,MONTHLY_PAYROLL,Data Transfer,5,Saturday,9,18,1,50,417053,20,28,Ready,Success
4413,JOB004,DATA_TRANSFER,Data Processing,0,Wednesday,13,8,0,44,316535,21,25,Ready,Success
4414,JOB017,INVOICE_PROCESSING,Data Processing,14,Wednesday,13,26,2,63,14229,55,38,Ready,Success
4415,JOB002,MONTHLY_PAYROLL,Synchronization,22,Thursday,6,18,5,49,421503,75,39,Ready,Success
4416,JOB005,BACKUP_JOB,Data Transfer,6,Saturday,22,16,4,46,149348,54,83,Ready,Success
4417,JOB001,DAILY_SALES,Reporting,16,Friday,10,12,7,112,224748,46,46,Not Ready,Success
4418,JOB019,SYSTEM_MONITORING,Backup,1,Tuesday,21,1,7,25,136362,86,26,Delayed,Failed
4419,JOB007,CUSTOMER_REPORT,Synchronization,8,Monday,27,3,1,7,356810,75,43,Delayed,Success
4420,JOB012,DATABASE_BACKUP,Data Transfer,8,Monday,3,28,8,70,51812,65,27,Ready,Success
4421,JOB014,MASTER_DATA_SYNC,Data Processing,12,Friday,26,10,3,15,422338,39,86,Delayed,Success
4422,JOB017,INVOICE_PROCESSING,Backup,5,Wednesday,23,1,0,28,113203,27,30,Delayed,Success
4423,JOB013,LOG_CLEANUP,Backup,5,Wednesday,1,3,1,54,169753,91,85,Ready,Success
4424,JOB014,MASTER_DATA_SYNC,Data Transfer,19,Wednesday,6,3,5,92,417936,45,20,Ready,Success
4425,JOB004,DATA_TRANSFER,Reporting,19,Saturday,18,19,4,25,467102,93,26,Ready,Failed
4426,JOB017,INVOICE_PROCESSING,Backup,20,Wednesday,13,0,6,29,447288,81,43,Ready,Success
4427,JOB012,DATABASE_BACKUP,Data Transfer,2,Wednesday,18,24,8,8,108632,52,31,Ready,Success
4428,JOB008,SALES_REPORT,Backup,16,Saturday,29,25,5,108,248059,80,82,Delayed,Failed
4429,JOB002,MONTHLY_PAYROLL,Reporting,16,Saturday,6,10,5,47,3523,39,91,Ready,Success
4430,JOB016,WAREHOUSE_UPDATE,Synchronization,11,Friday,11,22,1,51,258201,87,32,Ready,Failed
4431,JOB014,MASTER_DATA_SYNC,Data Transfer,15,Thursday,2,1,6,27,100964,48,89,Ready,Success
4432,JOB006,FINANCE_REPORT,Data Transfer,14,Saturday,30,18,1,64,401846,65,43,Not Ready,Failed
4433,JOB013,LOG_CLEANUP,Synchronization,12,Tuesday,14,28,6,92,267656,56,57,Delayed,Success
4434,JOB003,INVENTORY_UPDATE,Data Processing,22,Wednesday,4,7,7,25,428842,72,90,Ready,Failed
4435,JOB014,MASTER_DATA_SYNC,Data Transfer,0,Thursday,7,22,0,70,157358,24,29,Ready,Success
4436,JOB002,MONTHLY_PAYROLL,Data Processing,16,Monday,13,19,8,91,271473,85,49,Not Ready,Failed
4437,JOB020,ARCHIVE_JOB,Data Transfer,2,Friday,28,3,7,55,12752,34,46,Ready,Failed
4438,JOB010,ORDER_PROCESSING,Backup,14,Thursday,3,24,8,19,117441,65,49,Ready,Success
4439,JOB015,DAILY_ANALYTICS,Reporting,3,Saturday,6,15,4,62,339728,76,21,Ready,Failed
4440,JOB010,ORDER_PROCESSING,Backup,3,Wednesday,6,14,3,30,41103,27,27,Ready,Success
4441,JOB013,LOG_CLEANUP,Data Transfer,17,Wednesday,17,4,0,94,253037,56,36,Ready,Success
4442,JOB018,VENDOR_DATA_SYNC,Data Processing,16,Wednesday,13,29,8,96,379016,76,67,Delayed,Failed
4443,JOB003,INVENTORY_UPDATE,Data Processing,18,Thursday,7,28,3,63,188151,33,83,Not Ready,Success
4444,JOB018,VENDOR_DATA_SYNC,Synchronization,10,Wednesday,25,26,3,94,327423,24,80,Ready,Success
4445,JOB012,DATABASE_BACKUP,Synchronization,19,Saturday,11,4,3,49,473823,92,32,Ready,Success
4446,JOB001,DAILY_SALES,Synchronization,2,Thursday,9,14,1,70,214725,62,40,Not Ready,Failed
4447,JOB016,WAREHOUSE_UPDATE,Reporting,7,Wednesday,30,22,3,39,314147,68,95,Ready,Failed
4448,JOB017,INVOICE_PROCESSING,Synchronization,13,Monday,13,16,1,100,7520,63,21,Ready,Success
4449,JOB010,ORDER_PROCESSING,Data Processing,0,Monday,8,2,7,98,321841,75,42,Delayed,Failed
4450,JOB003,INVENTORY_UPDATE,Backup,13,Tuesday,5,17,6,114,238962,67,35,Ready,Success
4451,JOB001,DAILY_SALES,Data Transfer,1,Wednesday,29,10,9,68,71827,49,32,Ready,Failed
4452,JOB001,DAILY_SALES,Synchronization,22,Wednesday,4,25,1,88,478653,52,23,Delayed,Success
4453,JOB019,SYSTEM_MONITORING,Reporting,3,Thursday,0,5,1,81,16106,56,21,Ready,Success
4454,JOB010,ORDER_PROCESSING,Backup,23,Thursday,0,26,1,31,254349,69,84,Delayed,Failed
4455,JOB014,MASTER_DATA_SYNC,Data Processing,18,Sunday,24,11,0,91,168167,26,45,Not Ready,Failed
4456,JOB009,STOCK_UPDATE,Reporting,5,Wednesday,29,21,5,84,164495,86,49,Ready,Failed
4457,JOB003,INVENTORY_UPDATE,Data Transfer,0,Tuesday,19,25,5,35,127934,62,57,Ready,Success
4458,JOB016,WAREHOUSE_UPDATE,Synchronization,16,Wednesday,16,16,0,16,72660,59,39,Not Ready,Success
4459,JOB009,STOCK_UPDATE,Data Transfer,7,Saturday,10,29,0,101,211039,51,44,Delayed,Failed
4460,JOB012,DATABASE_BACKUP,Data Transfer,18,Thursday,25,13,5,106,314362,74,71,Ready,Failed
4461,JOB017,INVOICE_PROCESSING,Data Processing,20,Wednesday,11,5,5,49,46863,95,29,Ready,Success
4462,JOB006,FINANCE_REPORT,Backup,0,Thursday,2,9,3,36,246556,28,60,Ready,Success
4463,JOB007,CUSTOMER_REPORT,Synchronization,4,Wednesday,5,15,2,58,99550,28,80,Ready,Success
4464,JOB020,ARCHIVE_JOB,Data Processing,15,Friday,29,17,8,70,219316,83,21,Ready,Failed
4465,JOB013,LOG_CLEANUP,Backup,5,Thursday,10,26,5,118,336267,64,26,Delayed,Success
4466,JOB011,EMPLOYEE_DATA_SYNC,Backup,7,Tuesday,28,19,0,117,200746,80,79,Ready,Success
4467,JOB013,LOG_CLEANUP,Reporting,12,Friday,12,5,2,119,378173,89,80,Ready,Failed
4468,JOB004,DATA_TRANSFER,Data Processing,15,Saturday,10,18,0,91,490816,57,46,Not Ready,Failed
4469,JOB020,ARCHIVE_JOB,Data Processing,2,Wednesday,7,2,2,36,310139,94,20,Ready,Failed
4470,JOB004,DATA_TRANSFER,Backup,18,Sunday,28,11,1,19,257923,65,46,Ready,Success
4471,JOB008,SALES_REPORT,Synchronization,11,Saturday,9,15,4,108,225952,89,79,Delayed,Failed
4472,JOB009,STOCK_UPDATE,Reporting,15,Thursday,1,2,2,59,265578,83,72,Ready,Success
4473,JOB015,DAILY_ANALYTICS,Synchronization,10,Friday,23,15,6,45,378173,54,55,Delayed,Failed
4474,JOB008,SALES_REPORT,Data Transfer,9,Saturday,13,3,7,44,148563,31,43,Ready,Success
4475,JOB011,EMPLOYEE_DATA_SYNC,Backup,19,Tuesday,28,24,6,76,237196,67,54,Delayed,Failed
4476,JOB013,LOG_CLEANUP,Data Transfer,3,Sunday,15,19,1,111,251488,82,52,Ready,Success
4477,JOB020,ARCHIVE_JOB,Synchronization,11,Thursday,16,12,9,118,153549,64,36,Ready,Failed
4478,JOB010,ORDER_PROCESSING,Reporting,22,Friday,10,3,9,53,448889,25,88,Delayed,Failed
4479,JOB012,DATABASE_BACKUP,Backup,1,Saturday,1,3,6,90,47381,64,54,Ready,Success
4480,JOB011,EMPLOYEE_DATA_SYNC,Backup,23,Friday,23,6,9,42,453356,51,66,Ready,Failed
4481,JOB017,INVOICE_PROCESSING,Reporting,21,Friday,22,20,2,60,235602,87,78,Ready,Success
4482,JOB006,FINANCE_REPORT,Data Processing,18,Saturday,4,11,6,38,205410,22,80,Ready,Failed
4483,JOB001,DAILY_SALES,Synchronization,4,Monday,30,1,0,5,144944,21,41,Delayed,Success
4484,JOB004,DATA_TRANSFER,Backup,7,Wednesday,28,15,1,14,77252,39,46,Ready,Success
4485,JOB013,LOG_CLEANUP,Backup,6,Thursday,15,6,9,44,183608,58,91,Not Ready,Failed
4486,JOB017,INVOICE_PROCESSING,Data Transfer,13,Thursday,15,18,0,20,422323,31,34,Ready,Success
4487,JOB015,DAILY_ANALYTICS,Data Transfer,23,Sunday,25,10,8,92,404768,80,55,Delayed,Failed
4488,JOB010,ORDER_PROCESSING,Reporting,22,Sunday,1,0,1,50,276609,55,76,Ready,Success
4489,JOB003,INVENTORY_UPDATE,Reporting,2,Sunday,15,8,1,28,269064,28,95,Ready,Failed
4490,JOB003,INVENTORY_UPDATE,Data Processing,17,Thursday,24,4,5,116,435784,63,60,Not Ready,Failed
4491,JOB011,EMPLOYEE_DATA_SYNC,Backup,15,Friday,4,25,6,18,449291,94,64,Ready,Success
4492,JOB011,EMPLOYEE_DATA_SYNC,Synchronization,22,Sunday,7,16,1,94,399684,72,62,Ready,Success
4493,JOB008,SALES_REPORT,Data Processing,18,Saturday,28,26,3,43,474877,49,31,Ready,Success
4494,JOB005,BACKUP_JOB,Synchronization,18,Wednesday,19,0,2,22,80613,85,87,Not Ready,Failed
4495,JOB020,ARCHIVE_JOB,Synchronization,17,Tuesday,13,16,4,88,290361,57,86,Ready,Failed
4496,JOB019,SYSTEM_MONITORING,Backup,19,Thursday,24,11,8,45,303608,57,23,Not Ready,Failed
4497,JOB014,MASTER_DATA_SYNC,Reporting,15,Saturday,9,24,1,60,306451,52,84,Ready,Failed
4498,JOB016,WAREHOUSE_UPDATE,Reporting,7,Wednesday,22,12,4,40,69275,90,24,Delayed,Success
4499,JOB011,EMPLOYEE_DATA_SYNC,Reporting,0,Wednesday,1,23,7,28,186047,74,21,Ready,Success
4500,JOB002,MONTHLY_PAYROLL,Synchronization,16,Monday,2,10,5,94,473597,95,65,Ready,Failed
4501,JOB002,MONTHLY_PAYROLL,Data Processing,11,Saturday,29,12,3,33,128211,42,94,Not Ready,Failed
4502,JOB010,ORDER_PROCESSING,Reporting,20,Thursday,17,12,9,116,464812,89,28,Ready,Failed
4503,JOB018,VENDOR_DATA_SYNC,Backup,10,Sunday,20,5,7,26,188264,33,27,Ready,Failed
4504,JOB015,DAILY_ANALYTICS,Data Transfer,4,Friday,1,25,2,15,320698,68,77,Ready,Failed
4505,JOB017,INVOICE_PROCESSING,Data Transfer,11,Sunday,20,21,3,45,484613,64,82,Ready,Failed
4506,JOB003,INVENTORY_UPDATE,Data Processing,16,Wednesday,28,5,8,53,273806,46,80,Ready,Success
4507,JOB001,DAILY_SALES,Data Transfer,5,Wednesday,8,19,4,15,383670,94,34,Ready,Failed
4508,JOB018,VENDOR_DATA_SYNC,Data Transfer,0,Tuesday,1,20,5,56,206293,86,92,Ready,Success
4509,JOB005,BACKUP_JOB,Data Transfer,4,Sunday,24,9,1,71,411617,68,61,Delayed,Failed
4510,JOB020,ARCHIVE_JOB,Data Transfer,13,Monday,6,18,8,89,397706,21,69,Ready,Success
4511,JOB003,INVENTORY_UPDATE,Data Transfer,4,Wednesday,6,2,7,79,118572,79,70,Delayed,Failed
4512,JOB002,MONTHLY_PAYROLL,Reporting,21,Wednesday,13,25,6,12,462566,85,44,Ready,Success
4513,JOB009,STOCK_UPDATE,Synchronization,23,Friday,4,6,8,35,437165,78,41,Not Ready,Failed
4514,JOB016,WAREHOUSE_UPDATE,Backup,0,Friday,7,4,4,78,255474,79,41,Delayed,Success
4515,JOB011,EMPLOYEE_DATA_SYNC,Backup,17,Tuesday,22,7,4,10,366362,41,93,Not Ready,Success
4516,JOB009,STOCK_UPDATE,Backup,15,Saturday,21,4,8,85,470310,65,88,Ready,Failed
4517,JOB012,DATABASE_BACKUP,Data Transfer,8,Tuesday,17,11,4,106,211261,72,88,Not Ready,Failed
4518,JOB016,WAREHOUSE_UPDATE,Data Processing,18,Tuesday,5,3,8,75,373090,38,85,Ready,Success
4519,JOB015,DAILY_ANALYTICS,Synchronization,21,Friday,13,29,0,100,393737,68,83,Ready,Failed
4520,JOB007,CUSTOMER_REPORT,Backup,4,Sunday,17,18,9,17,158304,36,41,Ready,Success
4521,JOB018,VENDOR_DATA_SYNC,Backup,1,Sunday,16,27,9,10,446432,46,32,Delayed,Success
4522,JOB007,CUSTOMER_REPORT,Reporting,14,Sunday,8,17,7,71,224926,38,46,Ready,Success
4523,JOB013,LOG_CLEANUP,Backup,6,Saturday,12,2,2,31,116277,49,66,Not Ready,Failed
4524,JOB019,SYSTEM_MONITORING,Synchronization,3,Friday,15,6,7,49,173666,65,40,Ready,Failed
4525,JOB017,INVOICE_PROCESSING,Data Processing,0,Monday,20,7,4,110,357296,83,50,Delayed,Failed
4526,JOB017,INVOICE_PROCESSING,Reporting,12,Thursday,9,14,1,30,129787,51,57,Not Ready,Success
4527,JOB016,WAREHOUSE_UPDATE,Synchronization,19,Thursday,9,20,8,8,91319,72,58,Not Ready,Failed
4528,JOB013,LOG_CLEANUP,Backup,21,Monday,3,26,3,41,150689,42,55,Ready,Success
4529,JOB005,BACKUP_JOB,Reporting,6,Sunday,11,16,6,25,419768,55,84,Ready,Success
4530,JOB002,MONTHLY_PAYROLL,Data Processing,14,Thursday,26,18,7,119,289784,29,30,Ready,Failed
4531,JOB019,SYSTEM_MONITORING,Synchronization,22,Saturday,7,3,6,32,411913,78,88,Ready,Failed
4532,JOB012,DATABASE_BACKUP,Data Processing,13,Friday,14,15,5,86,222161,48,53,Not Ready,Failed
4533,JOB005,BACKUP_JOB,Data Processing,22,Thursday,20,25,6,36,275685,30,24,Ready,Success
4534,JOB017,INVOICE_PROCESSING,Data Transfer,18,Saturday,29,12,3,107,18354,57,39,Ready,Failed
4535,JOB016,WAREHOUSE_UPDATE,Synchronization,21,Friday,22,28,9,57,431690,51,82,Ready,Failed
4536,JOB001,DAILY_SALES,Backup,23,Saturday,18,11,0,37,368037,71,64,Ready,Success
4537,JOB011,EMPLOYEE_DATA_SYNC,Reporting,19,Monday,14,3,4,30,50057,20,61,Ready,Success
4538,JOB005,BACKUP_JOB,Synchronization,23,Tuesday,7,11,7,21,360395,33,32,Ready,Success
4539,JOB016,WAREHOUSE_UPDATE,Synchronization,17,Monday,7,16,9,60,305583,22,28,Ready,Success
4540,JOB014,MASTER_DATA_SYNC,Reporting,9,Thursday,18,25,5,120,10362,49,24,Not Ready,Failed
4541,JOB004,DATA_TRANSFER,Synchronization,8,Friday,8,8,4,97,14171,50,57,Ready,Success
4542,JOB011,EMPLOYEE_DATA_SYNC,Synchronization,7,Saturday,29,11,1,88,69721,20,68,Ready,Success
4543,JOB011,EMPLOYEE_DATA_SYNC,Reporting,9,Thursday,23,25,9,34,467016,65,47,Ready,Failed
4544,JOB014,MASTER_DATA_SYNC,Synchronization,16,Thursday,16,14,4,118,115045,33,62,Delayed,Success
4545,JOB016,WAREHOUSE_UPDATE,Reporting,1,Tuesday,7,19,9,9,26975,55,89,Ready,Success
4546,JOB004,DATA_TRANSFER,Reporting,5,Sunday,11,1,2,10,325089,65,60,Ready,Failed
4547,JOB013,LOG_CLEANUP,Backup,4,Thursday,26,28,1,110,249135,74,63,Delayed,Success
4548,JOB018,VENDOR_DATA_SYNC,Synchronization,8,Tuesday,14,8,2,66,54596,55,48,Ready,Success
4549,JOB009,STOCK_UPDATE,Backup,4,Friday,3,13,3,119,82065,62,87,Delayed,Failed
4550,JOB019,SYSTEM_MONITORING,Backup,17,Friday,5,3,1,14,40218,62,44,Ready,Success
4551,JOB018,VENDOR_DATA_SYNC,Backup,19,Saturday,29,3,3,74,17582,34,87,Ready,Failed
4552,JOB009,STOCK_UPDATE,Data Transfer,8,Sunday,28,26,3,14,364696,57,33,Ready,Success
4553,JOB017,INVOICE_PROCESSING,Data Processing,16,Tuesday,15,5,5,110,2147,63,78,Ready,Success
4554,JOB013,LOG_CLEANUP,Synchronization,16,Monday,25,23,4,89,186500,74,81,Ready,Failed
4555,JOB014,MASTER_DATA_SYNC,Backup,11,Friday,24,4,6,48,106054,74,36,Ready,Success
4556,JOB011,EMPLOYEE_DATA_SYNC,Data Transfer,6,Sunday,4,27,6,60,98565,77,38,Ready,Success
4557,JOB003,INVENTORY_UPDATE,Data Transfer,2,Saturday,22,23,2,8,71242,76,48,Ready,Success
4558,JOB013,LOG_CLEANUP,Synchronization,9,Monday,12,16,8,17,227200,75,85,Not Ready,Failed
4559,JOB019,SYSTEM_MONITORING,Synchronization,1,Friday,14,12,6,78,359254,21,64,Ready,Success
4560,JOB017,INVOICE_PROCESSING,Data Processing,2,Friday,16,19,6,84,398251,53,90,Ready,Success
4561,JOB007,CUSTOMER_REPORT,Data Processing,15,Saturday,24,16,1,23,181080,68,47,Ready,Success
4562,JOB009,STOCK_UPDATE,Data Transfer,1,Saturday,29,18,9,74,27858,83,78,Delayed,Failed
4563,JOB015,DAILY_ANALYTICS,Reporting,23,Wednesday,21,26,2,94,338597,27,73,Delayed,Failed
4564,JOB012,DATABASE_BACKUP,Backup,9,Thursday,26,22,2,66,420109,88,27,Ready,Failed
4565,JOB007,CUSTOMER_REPORT,Synchronization,5,Thursday,19,0,5,13,227064,77,29,Ready,Success
4566,JOB001,DAILY_SALES,Synchronization,21,Monday,21,20,3,50,229169,62,40,Ready,Success
4567,JOB005,BACKUP_JOB,Data Processing,10,Thursday,4,16,3,60,463720,81,54,Ready,Success
4568,JOB004,DATA_TRANSFER,Backup,22,Monday,18,21,0,78,471033,71,23,Ready,Success
4569,JOB005,BACKUP_JOB,Synchronization,6,Sunday,6,24,5,44,300966,52,72,Delayed,Success
4570,JOB010,ORDER_PROCESSING,Data Processing,14,Friday,2,2,7,71,440469,39,44,Ready,Failed
4571,JOB015,DAILY_ANALYTICS,Reporting,5,Wednesday,12,26,7,117,248186,78,39,Ready,Success
4572,JOB002,MONTHLY_PAYROLL,Backup,19,Wednesday,13,26,7,87,421220,79,90,Ready,Success
4573,JOB018,VENDOR_DATA_SYNC,Backup,8,Friday,15,13,4,66,248601,82,90,Ready,Success
4574,JOB018,VENDOR_DATA_SYNC,Data Processing,21,Saturday,30,11,9,103,483423,75,41,Ready,Success
4575,JOB008,SALES_REPORT,Data Processing,19,Tuesday,12,14,5,50,38631,56,68,Ready,Success
4576,JOB018,VENDOR_DATA_SYNC,Data Transfer,11,Tuesday,1,5,4,10,146503,79,25,Not Ready,Success
4577,JOB018,VENDOR_DATA_SYNC,Synchronization,18,Thursday,13,19,3,33,373533,70,70,Not Ready,Success
4578,JOB015,DAILY_ANALYTICS,Reporting,19,Saturday,19,21,3,23,138246,48,46,Ready,Success
4579,JOB011,EMPLOYEE_DATA_SYNC,Data Processing,2,Monday,6,1,3,118,85064,28,37,Delayed,Success
4580,JOB015,DAILY_ANALYTICS,Data Transfer,14,Sunday,4,3,3,112,420285,59,31,Delayed,Failed
4581,JOB012,DATABASE_BACKUP,Synchronization,1,Wednesday,13,12,5,19,362152,87,47,Ready,Success
4582,JOB001,DAILY_SALES,Backup,20,Thursday,8,12,5,61,338640,62,38,Delayed,Failed
4583,JOB003,INVENTORY_UPDATE,Backup,1,Friday,9,22,4,42,100373,95,62,Not Ready,Failed
4584,JOB010,ORDER_PROCESSING,Data Transfer,21,Saturday,30,26,8,25,373514,42,34,Ready,Success
4585,JOB010,ORDER_PROCESSING,Reporting,2,Wednesday,6,21,7,112,27859,27,88,Ready,Failed
4586,JOB012,DATABASE_BACKUP,Synchronization,5,Monday,27,24,9,55,172568,93,55,Ready,Failed
4587,JOB001,DAILY_SALES,Data Transfer,14,Monday,13,26,5,43,482616,83,61,Ready,Failed
4588,JOB001,DAILY_SALES,Backup,9,Tuesday,24,22,8,91,253577,42,64,Delayed,Failed
4589,JOB007,CUSTOMER_REPORT,Data Processing,8,Thursday,13,16,4,24,204036,75,49,Delayed,Success
4590,JOB019,SYSTEM_MONITORING,Backup,0,Friday,24,5,9,110,253037,33,58,Ready,Failed
4591,JOB011,EMPLOYEE_DATA_SYNC,Reporting,15,Wednesday,27,10,3,118,75496,36,65,Ready,Success
4592,JOB017,INVOICE_PROCESSING,Backup,5,Sunday,1,18,5,6,310942,39,77,Not Ready,Failed
4593,JOB004,DATA_TRANSFER,Reporting,8,Monday,30,15,3,113,310786,31,49,Ready,Success
4594,JOB003,INVENTORY_UPDATE,Backup,3,Wednesday,16,7,7,36,307827,92,75,Ready,Success
4595,JOB011,EMPLOYEE_DATA_SYNC,Backup,1,Friday,26,28,6,115,9451,91,73,Ready,Failed
4596,JOB016,WAREHOUSE_UPDATE,Reporting,3,Wednesday,19,0,4,96,220638,60,56,Ready,Success
4597,JOB009,STOCK_UPDATE,Reporting,0,Thursday,3,9,9,8,499255,51,41,Ready,Success
4598,JOB007,CUSTOMER_REPORT,Reporting,18,Tuesday,12,1,5,11,194715,56,43,Ready,Failed
4599,JOB009,STOCK_UPDATE,Backup,9,Wednesday,17,18,6,7,53095,37,88,Ready,Failed
4600,JOB015,DAILY_ANALYTICS,Reporting,20,Saturday,2,13,1,29,49394,48,52,Delayed,Success
4601,JOB009,STOCK_UPDATE,Synchronization,14,Tuesday,18,2,8,116,223771,26,36,Ready,Success
4602,JOB001,DAILY_SALES,Data Processing,21,Friday,4,22,6,13,491493,59,81,Ready,Failed
4603,JOB011,EMPLOYEE_DATA_SYNC,Data Transfer,18,Tuesday,0,28,7,91,484411,25,31,Ready,Success
4604,JOB015,DAILY_ANALYTICS,Backup,15,Wednesday,8,23,4,91,480641,39,49,Ready,Success
4605,JOB007,CUSTOMER_REPORT,Reporting,20,Wednesday,23,8,2,117,399491,74,32,Ready,Failed
4606,JOB009,STOCK_UPDATE,Reporting,23,Saturday,7,22,1,30,250321,75,25,Ready,Success
4607,JOB006,FINANCE_REPORT,Synchronization,21,Monday,2,7,1,108,23855,92,86,Ready,Failed
4608,JOB012,DATABASE_BACKUP,Backup,3,Saturday,1,10,2,68,371279,72,30,Ready,Success
4609,JOB012,DATABASE_BACKUP,Data Transfer,1,Wednesday,0,14,0,22,216385,92,79,Ready,Success
4610,JOB014,MASTER_DATA_SYNC,Backup,12,Sunday,11,5,0,92,23624,91,29,Ready,Failed
4611,JOB015,DAILY_ANALYTICS,Data Processing,0,Tuesday,21,1,6,95,412830,52,94,Not Ready,Failed
4612,JOB003,INVENTORY_UPDATE,Backup,16,Saturday,12,0,9,113,373038,41,35,Not Ready,Failed
4613,JOB001,DAILY_SALES,Data Transfer,12,Saturday,9,2,7,6,324125,69,61,Not Ready,Failed
4614,JOB013,LOG_CLEANUP,Data Processing,3,Sunday,16,24,5,5,452373,46,63,Ready,Success
4615,JOB001,DAILY_SALES,Data Processing,6,Sunday,29,28,6,52,414347,67,38,Ready,Success
4616,JOB011,EMPLOYEE_DATA_SYNC,Data Transfer,16,Sunday,10,22,0,84,198503,85,92,Ready,Success
4617,JOB016,WAREHOUSE_UPDATE,Synchronization,8,Monday,4,17,0,67,42620,32,34,Delayed,Failed
4618,JOB003,INVENTORY_UPDATE,Reporting,3,Wednesday,24,13,8,111,382872,21,58,Not Ready,Failed
4619,JOB016,WAREHOUSE_UPDATE,Synchronization,18,Wednesday,26,16,4,92,12041,65,24,Ready,Success
4620,JOB009,STOCK_UPDATE,Data Processing,0,Friday,8,1,6,40,339297,90,50,Delayed,Success
4621,JOB017,INVOICE_PROCESSING,Data Transfer,9,Monday,12,18,5,67,67646,30,47,Ready,Success
4622,JOB016,WAREHOUSE_UPDATE,Synchronization,3,Friday,27,29,3,79,381577,45,57,Delayed,Success
4623,JOB016,WAREHOUSE_UPDATE,Synchronization,8,Friday,30,21,0,30,433807,82,71,Ready,Failed
4624,JOB012,DATABASE_BACKUP,Reporting,12,Friday,19,27,3,10,206958,68,34,Delayed,Success
4625,JOB003,INVENTORY_UPDATE,Synchronization,13,Thursday,22,8,9,30,199745,82,38,Ready,Failed
4626,JOB019,SYSTEM_MONITORING,Backup,9,Friday,29,7,9,97,294351,40,54,Ready,Success
4627,JOB001,DAILY_SALES,Data Transfer,5,Saturday,10,9,7,47,276251,68,93,Ready,Failed
4628,JOB017,INVOICE_PROCESSING,Synchronization,15,Tuesday,22,8,0,5,396056,28,34,Ready,Failed
4629,JOB009,STOCK_UPDATE,Reporting,5,Saturday,3,26,1,13,117598,40,66,Ready,Success
4630,JOB015,DAILY_ANALYTICS,Data Processing,16,Saturday,20,26,7,31,160312,72,75,Ready,Success
4631,JOB014,MASTER_DATA_SYNC,Backup,9,Wednesday,10,7,1,75,110406,74,39,Ready,Success
4632,JOB012,DATABASE_BACKUP,Backup,17,Thursday,8,6,9,7,34510,60,94,Ready,Success
4633,JOB001,DAILY_SALES,Reporting,21,Friday,6,21,8,65,266304,25,28,Delayed,Failed
4634,JOB015,DAILY_ANALYTICS,Data Processing,17,Wednesday,15,23,2,77,38309,20,24,Ready,Success
4635,JOB013,LOG_CLEANUP,Synchronization,2,Monday,22,5,2,6,57718,83,30,Delayed,Failed
4636,JOB003,INVENTORY_UPDATE,Backup,19,Monday,25,1,5,78,434665,24,21,Ready,Success
4637,JOB003,INVENTORY_UPDATE,Data Transfer,20,Wednesday,22,28,2,85,457074,45,71,Ready,Success
4638,JOB020,ARCHIVE_JOB,Backup,14,Tuesday,30,8,8,35,286535,20,39,Delayed,Failed
4639,JOB007,CUSTOMER_REPORT,Backup,14,Wednesday,24,8,7,69,479941,20,40,Ready,Failed
4640,JOB003,INVENTORY_UPDATE,Backup,3,Wednesday,4,18,3,22,485368,57,70,Ready,Success
4641,JOB003,INVENTORY_UPDATE,Backup,8,Thursday,5,8,5,10,15295,60,49,Not Ready,Failed
4642,JOB004,DATA_TRANSFER,Data Processing,18,Monday,18,1,7,106,109151,47,67,Not Ready,Success
4643,JOB013,LOG_CLEANUP,Reporting,23,Monday,0,27,3,109,450777,24,20,Ready,Success
4644,JOB018,VENDOR_DATA_SYNC,Backup,16,Friday,26,29,4,46,310180,40,54,Delayed,Failed
4645,JOB012,DATABASE_BACKUP,Synchronization,10,Saturday,15,18,6,115,245397,82,45,Ready,Success
4646,JOB018,VENDOR_DATA_SYNC,Reporting,8,Wednesday,27,15,7,72,346631,31,28,Delayed,Failed
4647,JOB010,ORDER_PROCESSING,Backup,9,Wednesday,17,29,6,108,477946,25,59,Ready,Success
4648,JOB014,MASTER_DATA_SYNC,Backup,17,Tuesday,23,21,7,8,434858,48,40,Delayed,Failed
4649,JOB016,WAREHOUSE_UPDATE,Data Transfer,19,Sunday,12,13,3,103,235499,80,31,Ready,Success
4650,JOB019,SYSTEM_MONITORING,Data Processing,12,Sunday,0,19,0,8,322816,54,56,Ready,Success
4651,JOB002,MONTHLY_PAYROLL,Reporting,7,Monday,9,23,5,69,372656,94,90,Ready,Success
4652,JOB012,DATABASE_BACKUP,Backup,6,Tuesday,6,0,4,45,474620,71,43,Ready,Success
4653,JOB017,INVOICE_PROCESSING,Reporting,16,Thursday,4,12,3,47,223678,52,69,Ready,Success
4654,JOB016,WAREHOUSE_UPDATE,Data Processing,20,Friday,12,21,1,99,147669,44,73,Not Ready,Failed
4655,JOB020,ARCHIVE_JOB,Reporting,22,Tuesday,21,1,0,59,419396,33,47,Ready,Success
4656,JOB005,BACKUP_JOB,Data Transfer,14,Monday,15,21,8,23,107973,72,23,Ready,Failed
4657,JOB005,BACKUP_JOB,Reporting,19,Thursday,23,13,1,25,457792,80,31,Ready,Success
4658,JOB016,WAREHOUSE_UPDATE,Reporting,14,Wednesday,19,0,8,62,221272,32,86,Ready,Success
4659,JOB019,SYSTEM_MONITORING,Data Transfer,0,Thursday,21,14,5,34,498372,34,56,Ready,Failed
4660,JOB018,VENDOR_DATA_SYNC,Data Processing,13,Saturday,13,17,5,120,38473,74,23,Ready,Failed
4661,JOB005,BACKUP_JOB,Synchronization,4,Tuesday,10,8,1,11,263285,72,34,Ready,Success
4662,JOB007,CUSTOMER_REPORT,Data Processing,10,Monday,18,21,5,73,245373,91,47,Ready,Success
4663,JOB012,DATABASE_BACKUP,Backup,15,Tuesday,22,7,2,68,5655,66,56,Ready,Success
4664,JOB015,DAILY_ANALYTICS,Backup,1,Wednesday,1,6,6,6,183322,64,28,Ready,Success
4665,JOB015,DAILY_ANALYTICS,Data Transfer,7,Sunday,27,8,9,119,490679,94,33,Ready,Failed
4666,JOB020,ARCHIVE_JOB,Reporting,10,Wednesday,7,8,3,71,372210,83,86,Ready,Failed
4667,JOB006,FINANCE_REPORT,Data Transfer,17,Monday,12,10,8,83,326115,34,69,Ready,Success
4668,JOB019,SYSTEM_MONITORING,Reporting,2,Saturday,6,3,4,107,95138,40,44,Ready,Success
4669,JOB003,INVENTORY_UPDATE,Backup,0,Friday,11,6,9,105,170229,55,58,Ready,Success
4670,JOB001,DAILY_SALES,Backup,10,Thursday,27,20,2,78,248046,89,45,Not Ready,Failed
4671,JOB014,MASTER_DATA_SYNC,Reporting,15,Thursday,7,6,0,13,390828,44,79,Delayed,Failed
4672,JOB019,SYSTEM_MONITORING,Synchronization,17,Wednesday,15,3,0,27,26785,63,71,Ready,Success
4673,JOB008,SALES_REPORT,Synchronization,15,Tuesday,17,11,3,18,231183,20,89,Ready,Failed
4674,JOB004,DATA_TRANSFER,Backup,22,Sunday,18,25,9,58,139460,61,45,Delayed,Success
4675,JOB005,BACKUP_JOB,Data Processing,9,Tuesday,27,26,9,49,355384,78,67,Ready,Failed
4676,JOB020,ARCHIVE_JOB,Data Transfer,17,Saturday,3,26,3,101,316101,52,73,Delayed,Failed
4677,JOB002,MONTHLY_PAYROLL,Data Transfer,5,Friday,27,16,8,20,103808,51,60,Delayed,Failed
4678,JOB016,WAREHOUSE_UPDATE,Data Processing,18,Tuesday,24,19,7,88,296885,85,20,Ready,Success
4679,JOB007,CUSTOMER_REPORT,Data Transfer,3,Thursday,27,28,3,76,102242,44,40,Delayed,Failed
4680,JOB002,MONTHLY_PAYROLL,Reporting,12,Sunday,11,25,5,117,229009,59,91,Ready,Success
4681,JOB007,CUSTOMER_REPORT,Reporting,23,Tuesday,15,2,6,106,263229,77,44,Not Ready,Failed
4682,JOB014,MASTER_DATA_SYNC,Synchronization,13,Sunday,20,8,9,102,352787,94,37,Delayed,Failed
4683,JOB009,STOCK_UPDATE,Reporting,2,Friday,21,4,7,99,305900,83,34,Delayed,Failed
4684,JOB018,VENDOR_DATA_SYNC,Data Processing,9,Thursday,16,19,3,113,343119,38,61,Ready,Success
4685,JOB008,SALES_REPORT,Data Transfer,5,Sunday,3,15,0,61,256259,47,39,Ready,Success
4686,JOB006,FINANCE_REPORT,Reporting,0,Tuesday,29,7,4,12,91571,93,35,Ready,Success
4687,JOB009,STOCK_UPDATE,Data Transfer,22,Thursday,19,20,0,29,343755,61,26,Ready,Success
4688,JOB018,VENDOR_DATA_SYNC,Reporting,23,Wednesday,25,15,3,45,424611,69,24,Ready,Failed
4689,JOB008,SALES_REPORT,Synchronization,13,Wednesday,23,18,6,66,85428,95,37,Ready,Failed
4690,JOB009,STOCK_UPDATE,Synchronization,7,Saturday,23,15,6,81,51296,67,37,Ready,Success
4691,JOB004,DATA_TRANSFER,Reporting,18,Wednesday,25,17,0,22,385660,76,83,Delayed,Failed
4692,JOB013,LOG_CLEANUP,Data Transfer,13,Tuesday,21,14,8,54,344391,28,44,Ready,Failed
4693,JOB014,MASTER_DATA_SYNC,Backup,9,Friday,23,23,1,45,95000,49,94,Ready,Success
4694,JOB001,DAILY_SALES,Data Transfer,16,Thursday,8,27,4,38,64927,37,45,Ready,Success
4695,JOB001,DAILY_SALES,Synchronization,8,Sunday,4,17,5,104,316960,64,88,Not Ready,Failed
4696,JOB002,MONTHLY_PAYROLL,Synchronization,5,Monday,16,13,0,118,391996,85,35,Ready,Success
4697,JOB004,DATA_TRANSFER,Synchronization,10,Wednesday,16,23,1,85,110756,30,82,Ready,Success
4698,JOB013,LOG_CLEANUP,Data Transfer,6,Wednesday,1,15,6,16,48972,91,91,Ready,Failed
4699,JOB016,WAREHOUSE_UPDATE,Backup,16,Monday,1,4,5,84,185869,86,77,Ready,Failed
4700,JOB009,STOCK_UPDATE,Synchronization,0,Sunday,20,7,5,81,481968,34,46,Ready,Success
4701,JOB015,DAILY_ANALYTICS,Backup,21,Sunday,22,15,5,79,326860,59,68,Ready,Success
4702,JOB007,CUSTOMER_REPORT,Reporting,4,Monday,6,20,6,82,342122,32,92,Ready,Failed
4703,JOB015,DAILY_ANALYTICS,Data Transfer,8,Sunday,30,0,9,46,431250,52,66,Ready,Success
4704,JOB004,DATA_TRANSFER,Synchronization,17,Tuesday,3,27,8,59,436529,21,90,Ready,Failed
4705,JOB016,WAREHOUSE_UPDATE,Reporting,23,Sunday,12,28,8,96,316426,53,69,Ready,Success
4706,JOB009,STOCK_UPDATE,Data Processing,20,Thursday,19,10,1,63,321712,35,65,Ready,Failed
4707,JOB011,EMPLOYEE_DATA_SYNC,Backup,1,Sunday,29,29,1,55,362639,33,27,Ready,Success
4708,JOB016,WAREHOUSE_UPDATE,Synchronization,10,Wednesday,29,10,4,92,312279,65,21,Delayed,Success
4709,JOB001,DAILY_SALES,Backup,5,Friday,10,1,9,57,420324,69,37,Ready,Failed
4710,JOB003,INVENTORY_UPDATE,Reporting,7,Tuesday,30,29,6,85,486244,24,55,Not Ready,Failed
4711,JOB001,DAILY_SALES,Synchronization,3,Tuesday,25,21,2,13,410086,62,61,Ready,Success
4712,JOB001,DAILY_SALES,Data Transfer,17,Sunday,2,18,2,114,61661,37,30,Ready,Failed
4713,JOB002,MONTHLY_PAYROLL,Reporting,10,Friday,26,23,3,98,207047,67,78,Ready,Success
4714,JOB012,DATABASE_BACKUP,Data Processing,4,Friday,1,4,2,105,458044,83,71,Ready,Success
4715,JOB002,MONTHLY_PAYROLL,Synchronization,14,Saturday,15,2,2,7,257569,45,93,Ready,Success
4716,JOB005,BACKUP_JOB,Synchronization,17,Friday,2,27,7,12,137993,93,68,Not Ready,Failed
4717,JOB008,SALES_REPORT,Reporting,1,Sunday,23,25,6,86,95744,89,75,Ready,Success
4718,JOB017,INVOICE_PROCESSING,Backup,21,Sunday,14,22,6,63,248785,33,89,Not Ready,Failed
4719,JOB004,DATA_TRANSFER,Data Processing,10,Monday,16,29,9,34,20895,85,93,Ready,Success
4720,JOB012,DATABASE_BACKUP,Data Processing,12,Wednesday,15,7,1,71,30215,80,49,Ready,Success
4721,JOB001,DAILY_SALES,Synchronization,3,Saturday,19,3,8,59,498261,92,74,Ready,Success
4722,JOB006,FINANCE_REPORT,Data Transfer,21,Sunday,6,28,5,38,426572,40,47,Ready,Success
4723,JOB008,SALES_REPORT,Synchronization,6,Monday,15,12,2,47,14461,74,70,Ready,Failed
4724,JOB003,INVENTORY_UPDATE,Data Transfer,10,Saturday,4,26,8,32,131942,21,46,Not Ready,Failed
4725,JOB018,VENDOR_DATA_SYNC,Data Transfer,21,Wednesday,1,24,8,41,369472,22,71,Ready,Success
4726,JOB008,SALES_REPORT,Synchronization,23,Saturday,0,21,5,93,156328,32,53,Delayed,Failed
4727,JOB011,EMPLOYEE_DATA_SYNC,Reporting,3,Monday,21,13,9,34,154955,40,51,Delayed,Failed
4728,JOB002,MONTHLY_PAYROLL,Data Transfer,14,Thursday,28,0,5,75,49916,52,63,Ready,Success
4729,JOB018,VENDOR_DATA_SYNC,Reporting,0,Sunday,12,4,7,66,374480,39,23,Ready,Failed
4730,JOB009,STOCK_UPDATE,Reporting,22,Wednesday,15,20,7,114,293815,37,67,Ready,Success
4731,JOB006,FINANCE_REPORT,Reporting,2,Tuesday,4,6,5,33,435143,57,35,Ready,Success
4732,JOB002,MONTHLY_PAYROLL,Data Processing,13,Wednesday,2,22,6,119,374755,44,79,Ready,Failed
4733,JOB012,DATABASE_BACKUP,Synchronization,5,Wednesday,26,5,3,6,366076,57,66,Delayed,Failed
4734,JOB010,ORDER_PROCESSING,Backup,17,Wednesday,26,14,0,94,171356,34,94,Not Ready,Failed
4735,JOB016,WAREHOUSE_UPDATE,Reporting,0,Thursday,14,14,3,109,201091,48,34,Ready,Success
4736,JOB015,DAILY_ANALYTICS,Data Processing,5,Sunday,15,7,7,61,258275,83,75,Ready,Failed
4737,JOB010,ORDER_PROCESSING,Data Transfer,5,Monday,10,1,7,61,273274,51,35,Ready,Failed
4738,JOB011,EMPLOYEE_DATA_SYNC,Synchronization,20,Sunday,24,13,1,46,116703,91,20,Ready,Success
4739,JOB016,WAREHOUSE_UPDATE,Backup,15,Tuesday,18,28,6,119,72693,62,44,Ready,Success
4740,JOB011,EMPLOYEE_DATA_SYNC,Reporting,4,Monday,17,15,0,53,433342,32,83,Not Ready,Failed
4741,JOB020,ARCHIVE_JOB,Data Processing,16,Saturday,20,28,1,61,380415,44,62,Delayed,Success
4742,JOB016,WAREHOUSE_UPDATE,Synchronization,9,Saturday,8,22,7,75,333819,68,33,Ready,Success
4743,JOB011,EMPLOYEE_DATA_SYNC,Backup,20,Saturday,7,9,9,22,280455,27,67,Not Ready,Failed
4744,JOB001,DAILY_SALES,Synchronization,17,Monday,21,14,3,74,371151,47,87,Delayed,Failed
4745,JOB001,DAILY_SALES,Backup,6,Friday,18,22,2,109,51889,30,33,Ready,Failed
4746,JOB005,BACKUP_JOB,Backup,2,Thursday,21,3,1,108,105883,74,34,Ready,Success
4747,JOB002,MONTHLY_PAYROLL,Synchronization,12,Friday,4,11,5,31,407848,29,36,Ready,Success
4748,JOB015,DAILY_ANALYTICS,Synchronization,14,Sunday,16,9,3,58,266182,78,71,Ready,Success
4749,JOB001,DAILY_SALES,Backup,19,Saturday,4,1,2,109,8219,84,29,Ready,Success
4750,JOB020,ARCHIVE_JOB,Data Transfer,18,Thursday,13,3,2,28,73036,24,36,Delayed,Failed
4751,JOB004,DATA_TRANSFER,Reporting,2,Monday,6,19,9,101,150177,39,27,Ready,Failed
4752,JOB017,INVOICE_PROCESSING,Reporting,3,Saturday,8,27,2,99,380598,24,21,Not Ready,Failed
4753,JOB008,SALES_REPORT,Data Processing,4,Monday,27,27,7,38,161350,86,75,Ready,Failed
4754,JOB004,DATA_TRANSFER,Synchronization,0,Thursday,30,5,8,26,160067,49,84,Ready,Success
4755,JOB004,DATA_TRANSFER,Backup,3,Monday,16,13,8,92,265969,53,74,Ready,Failed
4756,JOB019,SYSTEM_MONITORING,Backup,11,Monday,2,22,4,67,128301,20,88,Ready,Success
4757,JOB003,INVENTORY_UPDATE,Backup,23,Tuesday,7,2,0,40,24054,46,92,Delayed,Failed
4758,JOB014,MASTER_DATA_SYNC,Reporting,9,Sunday,21,14,9,96,175766,82,55,Not Ready,Failed
4759,JOB012,DATABASE_BACKUP,Data Processing,22,Friday,12,25,4,88,42178,53,28,Ready,Success
4760,JOB002,MONTHLY_PAYROLL,Data Processing,20,Friday,15,0,0,65,411004,51,33,Delayed,Failed
4761,JOB004,DATA_TRANSFER,Backup,19,Friday,20,18,8,86,14077,90,93,Ready,Success
4762,JOB003,INVENTORY_UPDATE,Backup,23,Wednesday,28,24,9,46,191270,65,41,Ready,Failed
4763,JOB016,WAREHOUSE_UPDATE,Backup,12,Tuesday,9,0,7,100,163085,87,35,Not Ready,Failed
4764,JOB001,DAILY_SALES,Backup,22,Saturday,17,12,6,37,72694,76,60,Ready,Failed
4765,JOB015,DAILY_ANALYTICS,Data Processing,13,Saturday,2,7,1,78,87341,41,86,Ready,Success
4766,JOB008,SALES_REPORT,Synchronization,22,Saturday,11,17,1,13,447065,48,47,Delayed,Failed
4767,JOB020,ARCHIVE_JOB,Data Processing,4,Friday,15,21,3,29,169906,64,48,Delayed,Success
4768,JOB013,LOG_CLEANUP,Backup,3,Sunday,17,2,8,17,76563,64,84,Delayed,Failed
4769,JOB011,EMPLOYEE_DATA_SYNC,Data Transfer,13,Friday,16,22,8,51,164997,86,47,Ready,Failed
4770,JOB019,SYSTEM_MONITORING,Synchronization,9,Sunday,6,17,7,118,249935,40,51,Ready,Failed
4771,JOB011,EMPLOYEE_DATA_SYNC,Data Transfer,16,Tuesday,29,19,4,49,154367,40,71,Delayed,Success
4772,JOB005,BACKUP_JOB,Reporting,9,Sunday,18,25,6,9,291397,79,30,Ready,Success
4773,JOB003,INVENTORY_UPDATE,Backup,6,Monday,22,8,8,35,262805,48,45,Ready,Success
4774,JOB012,DATABASE_BACKUP,Data Transfer,15,Friday,27,5,2,35,106347,52,50,Delayed,Failed
4775,JOB020,ARCHIVE_JOB,Backup,0,Saturday,22,19,3,102,205529,58,39,Ready,Success
4776,JOB014,MASTER_DATA_SYNC,Backup,16,Monday,7,1,1,94,309997,81,88,Ready,Failed
4777,JOB013,LOG_CLEANUP,Reporting,20,Friday,16,25,8,75,149261,90,60,Ready,Success
4778,JOB003,INVENTORY_UPDATE,Synchronization,8,Thursday,20,29,6,45,223489,64,86,Ready,Failed
4779,JOB012,DATABASE_BACKUP,Backup,5,Wednesday,25,24,5,119,306298,77,63,Ready,Success
4780,JOB015,DAILY_ANALYTICS,Synchronization,18,Friday,24,3,4,50,368683,92,79,Delayed,Failed
4781,JOB002,MONTHLY_PAYROLL,Data Processing,12,Thursday,27,24,6,117,83423,20,26,Ready,Success
4782,JOB020,ARCHIVE_JOB,Reporting,2,Tuesday,26,29,2,56,385068,30,73,Ready,Success
4783,JOB007,CUSTOMER_REPORT,Data Processing,6,Thursday,6,17,4,88,90646,51,82,Ready,Success
4784,JOB020,ARCHIVE_JOB,Reporting,21,Tuesday,0,6,1,111,252746,93,32,Ready,Success
4785,JOB018,VENDOR_DATA_SYNC,Data Transfer,8,Friday,7,26,4,90,137255,68,52,Ready,Success
4786,JOB004,DATA_TRANSFER,Data Transfer,21,Tuesday,18,10,6,9,282167,95,26,Ready,Success
4787,JOB009,STOCK_UPDATE,Backup,4,Thursday,28,4,9,16,272101,49,49,Ready,Failed
4788,JOB011,EMPLOYEE_DATA_SYNC,Synchronization,9,Sunday,19,7,6,25,279764,79,30,Ready,Success
4789,JOB017,INVOICE_PROCESSING,Synchronization,22,Wednesday,19,10,8,13,267635,29,89,Ready,Failed
4790,JOB007,CUSTOMER_REPORT,Synchronization,16,Monday,30,29,2,97,371644,95,40,Ready,Failed
4791,JOB015,DAILY_ANALYTICS,Synchronization,11,Monday,9,23,7,95,39728,40,51,Ready,Success
4792,JOB003,INVENTORY_UPDATE,Reporting,22,Wednesday,29,29,4,21,65650,25,24,Ready,Success
4793,JOB014,MASTER_DATA_SYNC,Backup,15,Saturday,11,29,6,108,166639,57,54,Delayed,Failed
4794,JOB009,STOCK_UPDATE,Synchronization,2,Monday,23,19,0,28,4387,77,66,Ready,Success
4795,JOB012,DATABASE_BACKUP,Backup,21,Friday,0,28,0,31,17025,27,31,Not Ready,Success
4796,JOB013,LOG_CLEANUP,Backup,8,Saturday,23,19,3,12,250759,89,56,Not Ready,Success
4797,JOB009,STOCK_UPDATE,Synchronization,14,Friday,24,14,4,48,395662,82,63,Not Ready,Failed
4798,JOB014,MASTER_DATA_SYNC,Backup,4,Thursday,24,23,9,66,230507,53,41,Ready,Success
4799,JOB003,INVENTORY_UPDATE,Reporting,22,Thursday,20,2,2,33,105673,68,30,Ready,Success
4800,JOB007,CUSTOMER_REPORT,Backup,12,Saturday,3,6,5,87,258627,59,74,Delayed,Success
4801,JOB002,MONTHLY_PAYROLL,Synchronization,13,Saturday,3,23,2,78,104896,48,29,Ready,Success
4802,JOB009,STOCK_UPDATE,Backup,19,Saturday,8,7,4,28,420826,28,61,Ready,Success
4803,JOB004,DATA_TRANSFER,Backup,14,Saturday,14,10,0,38,431197,40,95,Delayed,Success
4804,JOB008,SALES_REPORT,Synchronization,15,Tuesday,23,9,2,64,161381,51,74,Ready,Success
4805,JOB019,SYSTEM_MONITORING,Reporting,22,Sunday,25,19,6,108,60388,91,69,Delayed,Failed
4806,JOB014,MASTER_DATA_SYNC,Synchronization,12,Saturday,14,8,2,35,492382,74,51,Ready,Failed
4807,JOB001,DAILY_SALES,Data Transfer,16,Sunday,25,14,4,114,383891,62,87,Ready,Failed
4808,JOB009,STOCK_UPDATE,Data Transfer,22,Saturday,27,25,6,119,162506,29,37,Ready,Failed
4809,JOB020,ARCHIVE_JOB,Backup,7,Thursday,6,19,1,8,374074,68,84,Ready,Failed
4810,JOB019,SYSTEM_MONITORING,Data Processing,20,Friday,11,23,2,109,392586,32,44,Delayed,Success
4811,JOB010,ORDER_PROCESSING,Data Transfer,1,Sunday,2,21,3,113,35226,60,50,Delayed,Failed
4812,JOB016,WAREHOUSE_UPDATE,Data Transfer,4,Thursday,19,4,4,99,465050,50,38,Not Ready,Failed
4813,JOB010,ORDER_PROCESSING,Data Transfer,5,Monday,30,14,8,13,281550,51,37,Not Ready,Failed
4814,JOB002,MONTHLY_PAYROLL,Data Processing,11,Tuesday,8,3,8,94,428932,64,87,Ready,Failed
4815,JOB001,DAILY_SALES,Data Processing,17,Tuesday,13,4,3,81,23989,32,52,Ready,Success
4816,JOB008,SALES_REPORT,Reporting,21,Friday,12,28,8,116,43580,44,89,Delayed,Failed
4817,JOB009,STOCK_UPDATE,Data Processing,21,Saturday,23,14,3,94,308875,87,26,Ready,Failed
4818,JOB007,CUSTOMER_REPORT,Reporting,0,Thursday,27,26,1,58,78541,34,20,Ready,Success
4819,JOB010,ORDER_PROCESSING,Synchronization,16,Monday,11,16,9,5,138933,83,78,Delayed,Failed
4820,JOB018,VENDOR_DATA_SYNC,Reporting,10,Thursday,0,22,0,108,303183,79,53,Not Ready,Failed
4821,JOB015,DAILY_ANALYTICS,Reporting,9,Saturday,18,7,6,65,404569,27,71,Delayed,Failed
4822,JOB010,ORDER_PROCESSING,Data Transfer,18,Saturday,29,27,3,77,369315,93,30,Ready,Failed
4823,JOB016,WAREHOUSE_UPDATE,Backup,13,Wednesday,15,24,7,35,147702,36,27,Ready,Failed
4824,JOB015,DAILY_ANALYTICS,Data Transfer,9,Thursday,11,28,7,92,65050,24,72,Ready,Failed
4825,JOB015,DAILY_ANALYTICS,Data Transfer,14,Friday,9,18,7,49,128281,32,34,Ready,Success
4826,JOB016,WAREHOUSE_UPDATE,Synchronization,18,Thursday,1,8,5,117,191173,40,47,Ready,Success
4827,JOB017,INVOICE_PROCESSING,Reporting,3,Tuesday,17,9,8,64,71254,63,33,Ready,Success
4828,JOB009,STOCK_UPDATE,Reporting,1,Monday,12,4,3,90,103454,95,77,Delayed,Failed
4829,JOB006,FINANCE_REPORT,Data Transfer,8,Sunday,28,9,4,77,280051,72,76,Ready,Success
4830,JOB015,DAILY_ANALYTICS,Data Processing,9,Friday,23,21,3,107,101785,47,71,Not Ready,Failed
4831,JOB016,WAREHOUSE_UPDATE,Backup,10,Wednesday,5,0,4,91,5484,85,56,Ready,Success
4832,JOB013,LOG_CLEANUP,Data Transfer,13,Monday,11,24,1,88,24194,40,21,Ready,Success
4833,JOB012,DATABASE_BACKUP,Backup,6,Monday,27,24,4,46,24886,76,53,Delayed,Failed
4834,JOB019,SYSTEM_MONITORING,Data Transfer,22,Sunday,27,21,9,89,9537,74,53,Not Ready,Success
4835,JOB001,DAILY_SALES,Data Transfer,14,Tuesday,28,23,7,31,232688,21,77,Not Ready,Failed
4836,JOB012,DATABASE_BACKUP,Synchronization,21,Tuesday,21,3,8,62,286543,84,92,Ready,Failed
4837,JOB010,ORDER_PROCESSING,Data Transfer,18,Tuesday,3,20,6,73,221263,22,80,Not Ready,Failed
4838,JOB004,DATA_TRANSFER,Data Processing,21,Friday,0,4,6,85,354954,78,73,Delayed,Failed
4839,JOB006,FINANCE_REPORT,Data Processing,14,Thursday,10,22,5,102,492660,82,86,Ready,Failed
4840,JOB004,DATA_TRANSFER,Reporting,23,Monday,22,6,1,77,7892,24,49,Ready,Success
4841,JOB010,ORDER_PROCESSING,Data Transfer,7,Thursday,7,22,9,38,392723,85,78,Ready,Success
4842,JOB003,INVENTORY_UPDATE,Reporting,10,Thursday,1,4,9,14,41544,37,77,Ready,Success
4843,JOB017,INVOICE_PROCESSING,Reporting,8,Tuesday,1,19,8,112,370761,28,43,Ready,Success
4844,JOB006,FINANCE_REPORT,Backup,14,Thursday,15,7,4,70,20267,41,34,Ready,Failed
4845,JOB014,MASTER_DATA_SYNC,Synchronization,0,Monday,0,16,5,115,303540,47,41,Ready,Success
4846,JOB006,FINANCE_REPORT,Backup,0,Monday,3,0,0,29,243633,79,51,Ready,Success
4847,JOB014,MASTER_DATA_SYNC,Data Processing,18,Saturday,5,21,4,7,114204,31,94,Ready,Success
4848,JOB003,INVENTORY_UPDATE,Backup,2,Wednesday,29,17,5,38,425556,56,61,Ready,Failed
4849,JOB005,BACKUP_JOB,Synchronization,9,Friday,20,11,9,75,259225,61,78,Ready,Failed
4850,JOB019,SYSTEM_MONITORING,Data Processing,7,Thursday,19,2,1,32,491888,73,74,Ready,Success
4851,JOB005,BACKUP_JOB,Backup,14,Friday,13,19,6,13,499981,61,24,Ready,Failed
4852,JOB003,INVENTORY_UPDATE,Synchronization,9,Friday,19,13,3,15,108478,86,60,Ready,Failed
4853,JOB018,VENDOR_DATA_SYNC,Data Transfer,0,Friday,25,15,4,97,44404,75,76,Delayed,Failed
4854,JOB015,DAILY_ANALYTICS,Data Transfer,17,Sunday,14,17,2,84,168300,65,72,Ready,Success
4855,JOB008,SALES_REPORT,Reporting,1,Saturday,6,9,4,43,314880,24,57,Not Ready,Success
4856,JOB020,ARCHIVE_JOB,Backup,18,Friday,6,22,3,97,486641,75,20,Ready,Failed
4857,JOB008,SALES_REPORT,Data Processing,12,Saturday,17,14,9,17,206956,42,79,Ready,Success
4858,JOB012,DATABASE_BACKUP,Reporting,21,Monday,28,9,5,103,409853,81,95,Delayed,Failed
4859,JOB013,LOG_CLEANUP,Backup,0,Sunday,22,0,1,15,256529,32,65,Ready,Failed
4860,JOB020,ARCHIVE_JOB,Data Processing,1,Thursday,1,18,2,39,208832,78,23,Ready,Success
4861,JOB013,LOG_CLEANUP,Data Transfer,15,Saturday,19,1,9,115,178252,47,34,Delayed,Failed
4862,JOB006,FINANCE_REPORT,Reporting,14,Wednesday,14,12,0,12,449915,25,31,Ready,Success
4863,JOB010,ORDER_PROCESSING,Data Processing,12,Friday,0,24,6,11,67843,80,20,Ready,Success
4864,JOB006,FINANCE_REPORT,Backup,15,Sunday,20,15,8,73,213244,80,49,Ready,Failed
4865,JOB012,DATABASE_BACKUP,Reporting,16,Wednesday,16,7,1,74,472178,64,93,Ready,Success
4866,JOB008,SALES_REPORT,Data Processing,20,Monday,19,2,6,61,409796,31,25,Ready,Failed
4867,JOB004,DATA_TRANSFER,Backup,6,Monday,28,20,2,119,242732,54,92,Ready,Success
4868,JOB015,DAILY_ANALYTICS,Data Processing,23,Tuesday,24,18,4,39,200460,81,69,Ready,Success
4869,JOB013,LOG_CLEANUP,Reporting,16,Friday,12,13,5,98,52376,24,21,Ready,Failed
4870,JOB003,INVENTORY_UPDATE,Backup,6,Tuesday,11,10,7,15,299356,85,25,Ready,Failed
4871,JOB007,CUSTOMER_REPORT,Synchronization,12,Sunday,23,28,3,42,459436,94,94,Delayed,Failed
4872,JOB013,LOG_CLEANUP,Reporting,4,Wednesday,21,11,1,95,243208,87,57,Ready,Failed
4873,JOB015,DAILY_ANALYTICS,Data Processing,16,Thursday,14,10,2,89,441620,84,95,Not Ready,Failed
4874,JOB007,CUSTOMER_REPORT,Synchronization,2,Tuesday,23,27,7,82,51403,85,37,Ready,Failed
4875,JOB001,DAILY_SALES,Backup,6,Monday,4,10,6,53,158319,60,38,Ready,Success
4876,JOB014,MASTER_DATA_SYNC,Data Transfer,16,Friday,6,21,5,39,215387,46,47,Ready,Success
4877,JOB013,LOG_CLEANUP,Data Processing,6,Wednesday,7,20,4,33,92126,95,31,Delayed,Success
4878,JOB010,ORDER_PROCESSING,Data Processing,20,Saturday,22,26,4,92,333421,24,71,Ready,Failed
4879,JOB012,DATABASE_BACKUP,Reporting,0,Sunday,13,17,0,104,441718,24,77,Delayed,Success
4880,JOB012,DATABASE_BACKUP,Data Transfer,16,Sunday,3,29,5,45,372854,32,41,Delayed,Failed
4881,JOB020,ARCHIVE_JOB,Reporting,16,Monday,20,9,8,113,214748,28,64,Ready,Failed
4882,JOB010,ORDER_PROCESSING,Synchronization,10,Saturday,28,15,7,100,289751,67,81,Delayed,Success
4883,JOB015,DAILY_ANALYTICS,Data Transfer,2,Sunday,13,7,9,10,254064,51,61,Ready,Success
4884,JOB012,DATABASE_BACKUP,Data Transfer,14,Thursday,9,5,0,14,478756,55,86,Ready,Failed
4885,JOB020,ARCHIVE_JOB,Reporting,20,Friday,21,29,5,88,64543,34,28,Ready,Success
4886,JOB015,DAILY_ANALYTICS,Data Transfer,10,Thursday,29,18,2,88,244332,28,83,Delayed,Failed
4887,JOB007,CUSTOMER_REPORT,Data Processing,15,Sunday,29,12,5,94,118117,35,34,Ready,Failed
4888,JOB018,VENDOR_DATA_SYNC,Backup,21,Thursday,27,14,8,89,441217,25,49,Delayed,Success
4889,JOB003,INVENTORY_UPDATE,Reporting,8,Sunday,15,12,5,113,341438,91,45,Delayed,Failed
4890,JOB016,WAREHOUSE_UPDATE,Synchronization,23,Friday,10,0,7,27,305335,52,88,Ready,Failed
4891,JOB008,SALES_REPORT,Reporting,23,Friday,21,20,5,50,57957,61,41,Ready,Success
4892,JOB019,SYSTEM_MONITORING,Reporting,0,Saturday,28,27,5,16,130658,78,73,Ready,Failed
4893,JOB009,STOCK_UPDATE,Synchronization,21,Thursday,24,26,6,59,496544,55,77,Ready,Failed
4894,JOB020,ARCHIVE_JOB,Synchronization,15,Wednesday,25,1,9,17,343758,53,72,Not Ready,Failed
4895,JOB019,SYSTEM_MONITORING,Synchronization,8,Saturday,13,12,3,78,33802,21,38,Ready,Success
4896,JOB016,WAREHOUSE_UPDATE,Backup,18,Friday,13,1,7,11,499953,32,53,Not Ready,Failed
4897,JOB002,MONTHLY_PAYROLL,Synchronization,11,Monday,1,24,3,105,258626,62,33,Ready,Success
4898,JOB002,MONTHLY_PAYROLL,Synchronization,18,Sunday,21,10,6,16,440247,93,41,Not Ready,Failed
4899,JOB017,INVOICE_PROCESSING,Data Transfer,21,Saturday,12,12,0,65,82940,76,32,Ready,Success
4900,JOB004,DATA_TRANSFER,Reporting,8,Tuesday,2,9,8,29,380144,26,83,Ready,Failed
4901,JOB020,ARCHIVE_JOB,Synchronization,6,Wednesday,29,22,9,6,438647,78,75,Ready,Failed
4902,JOB002,MONTHLY_PAYROLL,Synchronization,13,Sunday,17,21,8,108,116144,78,91,Ready,Failed
4903,JOB013,LOG_CLEANUP,Backup,18,Saturday,21,14,6,30,155743,70,61,Ready,Failed
4904,JOB006,FINANCE_REPORT,Synchronization,18,Friday,3,28,7,108,41668,22,85,Ready,Success
4905,JOB011,EMPLOYEE_DATA_SYNC,Backup,1,Friday,20,0,1,55,290717,46,82,Ready,Failed
4906,JOB002,MONTHLY_PAYROLL,Synchronization,8,Wednesday,20,13,9,73,496998,73,61,Ready,Failed
4907,JOB013,LOG_CLEANUP,Data Processing,12,Tuesday,18,9,9,66,175614,83,53,Not Ready,Failed
4908,JOB018,VENDOR_DATA_SYNC,Data Processing,14,Saturday,15,17,6,76,198670,53,48,Ready,Success
4909,JOB006,FINANCE_REPORT,Data Transfer,2,Saturday,27,10,0,110,66258,42,45,Ready,Success
4910,JOB019,SYSTEM_MONITORING,Data Transfer,10,Thursday,3,6,2,113,123608,67,42,Ready,Success
4911,JOB003,INVENTORY_UPDATE,Backup,20,Monday,18,14,5,77,393831,74,55,Delayed,Failed
4912,JOB008,SALES_REPORT,Data Processing,13,Friday,22,2,4,43,368575,36,28,Ready,Success
4913,JOB014,MASTER_DATA_SYNC,Backup,7,Saturday,14,1,4,88,499709,81,61,Ready,Failed
4914,JOB019,SYSTEM_MONITORING,Data Processing,17,Saturday,0,21,8,120,272926,80,86,Not Ready,Failed
4915,JOB006,FINANCE_REPORT,Synchronization,18,Sunday,15,7,5,119,172934,80,26,Delayed,Failed
4916,JOB017,INVOICE_PROCESSING,Data Transfer,15,Sunday,14,7,2,15,486193,63,42,Ready,Success
4917,JOB019,SYSTEM_MONITORING,Synchronization,1,Saturday,15,10,1,108,173078,90,51,Ready,Success
4918,JOB005,BACKUP_JOB,Backup,7,Tuesday,21,15,8,68,120529,22,42,Delayed,Success
4919,JOB014,MASTER_DATA_SYNC,Data Processing,21,Monday,19,1,9,90,251394,92,35,Delayed,Failed
4920,JOB004,DATA_TRANSFER,Backup,5,Saturday,0,21,3,84,96615,86,88,Ready,Success
4921,JOB001,DAILY_SALES,Backup,11,Wednesday,16,27,4,110,106953,27,32,Ready,Success
4922,JOB010,ORDER_PROCESSING,Data Processing,14,Friday,4,4,8,106,88087,45,29,Not Ready,Success
4923,JOB011,EMPLOYEE_DATA_SYNC,Data Transfer,7,Thursday,29,6,4,46,267918,34,78,Ready,Success
4924,JOB016,WAREHOUSE_UPDATE,Data Processing,3,Sunday,4,19,6,14,202687,24,21,Ready,Success
4925,JOB017,INVOICE_PROCESSING,Data Transfer,14,Wednesday,25,27,1,93,424931,32,71,Delayed,Failed
4926,JOB003,INVENTORY_UPDATE,Synchronization,19,Friday,6,12,1,23,406396,31,20,Ready,Success
4927,JOB005,BACKUP_JOB,Backup,16,Sunday,12,1,3,8,129782,82,89,Not Ready,Failed
4928,JOB019,SYSTEM_MONITORING,Synchronization,12,Tuesday,11,25,7,87,188472,27,73,Ready,Success
4929,JOB011,EMPLOYEE_DATA_SYNC,Data Transfer,17,Sunday,3,2,1,7,494173,93,38,Ready,Success
4930,JOB001,DAILY_SALES,Synchronization,1,Monday,29,8,9,85,345108,53,47,Ready,Failed
4931,JOB017,INVOICE_PROCESSING,Reporting,12,Monday,24,9,6,18,365818,91,24,Ready,Failed
4932,JOB007,CUSTOMER_REPORT,Data Transfer,12,Friday,3,23,0,14,21148,41,95,Delayed,Success
4933,JOB015,DAILY_ANALYTICS,Data Transfer,21,Wednesday,22,12,8,10,446400,69,49,Delayed,Failed
4934,JOB005,BACKUP_JOB,Data Processing,14,Thursday,20,24,9,35,45342,31,38,Delayed,Failed
4935,JOB002,MONTHLY_PAYROLL,Data Transfer,19,Tuesday,30,20,5,35,54479,41,61,Ready,Success
4936,JOB009,STOCK_UPDATE,Synchronization,9,Friday,20,12,0,52,164925,77,44,Ready,Success
4937,JOB009,STOCK_UPDATE,Backup,2,Tuesday,5,4,9,13,471120,38,54,Ready,Failed
4938,JOB020,ARCHIVE_JOB,Backup,18,Monday,23,22,5,80,277210,24,28,Ready,Failed
4939,JOB020,ARCHIVE_JOB,Data Processing,2,Saturday,14,6,4,112,228049,35,58,Delayed,Failed
4940,JOB011,EMPLOYEE_DATA_SYNC,Reporting,21,Saturday,20,16,4,114,122469,60,75,Ready,Failed
4941,JOB012,DATABASE_BACKUP,Synchronization,13,Thursday,30,27,4,30,344228,93,57,Delayed,Failed
4942,JOB001,DAILY_SALES,Reporting,7,Tuesday,18,14,3,6,434211,38,34,Delayed,Failed
4943,JOB017,INVOICE_PROCESSING,Reporting,22,Friday,5,29,6,110,430275,84,65,Ready,Failed
4944,JOB016,WAREHOUSE_UPDATE,Data Transfer,3,Thursday,29,4,8,8,9779,41,56,Not Ready,Failed
4945,JOB014,MASTER_DATA_SYNC,Backup,19,Sunday,11,23,3,100,304706,36,79,Delayed,Success
4946,JOB006,FINANCE_REPORT,Data Transfer,10,Sunday,13,6,1,96,327771,54,81,Ready,Success
4947,JOB011,EMPLOYEE_DATA_SYNC,Synchronization,10,Wednesday,17,26,1,10,475903,58,50,Ready,Success
4948,JOB008,SALES_REPORT,Reporting,10,Saturday,27,1,1,34,328125,92,49,Ready,Failed
4949,JOB006,FINANCE_REPORT,Data Processing,1,Friday,11,29,6,59,49294,74,85,Ready,Success
4950,JOB014,MASTER_DATA_SYNC,Data Processing,16,Tuesday,23,23,3,32,253541,24,26,Ready,Success
4951,JOB009,STOCK_UPDATE,Reporting,8,Thursday,23,17,3,65,479652,92,49,Not Ready,Failed
4952,JOB003,INVENTORY_UPDATE,Reporting,1,Friday,14,9,0,81,84176,30,52,Ready,Success
4953,JOB004,DATA_TRANSFER,Reporting,23,Thursday,18,0,3,59,273497,59,57,Ready,Success
4954,JOB002,MONTHLY_PAYROLL,Data Processing,14,Thursday,27,26,5,114,262094,23,38,Ready,Success
4955,JOB006,FINANCE_REPORT,Data Processing,15,Thursday,7,26,1,40,375267,77,28,Ready,Success
4956,JOB008,SALES_REPORT,Data Transfer,3,Tuesday,8,13,3,78,245323,84,51,Not Ready,Failed
4957,JOB003,INVENTORY_UPDATE,Data Processing,7,Friday,4,26,6,78,359550,83,49,Delayed,Failed
4958,JOB016,WAREHOUSE_UPDATE,Data Transfer,8,Monday,4,18,8,9,144943,86,25,Ready,Failed
4959,JOB017,INVOICE_PROCESSING,Synchronization,4,Monday,5,15,1,33,217027,53,80,Not Ready,Failed
4960,JOB020,ARCHIVE_JOB,Reporting,15,Tuesday,22,18,7,104,44377,77,56,Ready,Success
4961,JOB003,INVENTORY_UPDATE,Synchronization,12,Sunday,2,5,5,16,467268,86,90,Ready,Failed
4962,JOB006,FINANCE_REPORT,Data Processing,6,Tuesday,4,11,7,26,126902,26,39,Not Ready,Success
4963,JOB003,INVENTORY_UPDATE,Backup,19,Saturday,0,2,1,63,22670,54,49,Ready,Success
4964,JOB002,MONTHLY_PAYROLL,Backup,16,Thursday,10,6,0,114,142383,48,37,Not Ready,Failed
4965,JOB019,SYSTEM_MONITORING,Data Processing,2,Friday,25,23,6,43,268099,44,82,Not Ready,Failed
4966,JOB014,MASTER_DATA_SYNC,Backup,4,Friday,20,2,8,6,44360,47,80,Ready,Failed
4967,JOB016,WAREHOUSE_UPDATE,Synchronization,18,Wednesday,19,24,8,18,145394,88,76,Ready,Failed
4968,JOB004,DATA_TRANSFER,Data Transfer,11,Wednesday,0,16,1,14,386833,46,41,Delayed,Success
4969,JOB009,STOCK_UPDATE,Backup,6,Monday,6,14,3,52,493157,93,68,Ready,Success
4970,JOB006,FINANCE_REPORT,Synchronization,8,Wednesday,14,18,0,68,1152,95,37,Ready,Success
4971,JOB015,DAILY_ANALYTICS,Data Transfer,5,Wednesday,16,27,6,7,145545,27,80,Ready,Success
4972,JOB001,DAILY_SALES,Backup,16,Monday,28,18,1,76,334589,57,87,Ready,Failed
4973,JOB010,ORDER_PROCESSING,Synchronization,15,Saturday,7,22,3,64,290153,28,26,Ready,Success
4974,JOB020,ARCHIVE_JOB,Backup,22,Sunday,29,10,1,85,380570,62,26,Ready,Failed
4975,JOB011,EMPLOYEE_DATA_SYNC,Synchronization,2,Monday,25,26,0,72,344183,44,84,Not Ready,Failed
4976,JOB019,SYSTEM_MONITORING,Synchronization,20,Sunday,27,20,6,25,459890,85,59,Delayed,Failed
4977,JOB004,DATA_TRANSFER,Data Processing,3,Wednesday,1,19,5,98,408757,36,43,Delayed,Failed
4978,JOB002,MONTHLY_PAYROLL,Reporting,9,Friday,25,1,1,23,465991,26,51,Ready,Success
4979,JOB006,FINANCE_REPORT,Data Processing,4,Wednesday,12,6,3,83,378557,41,29,Ready,Success
4980,JOB017,INVOICE_PROCESSING,Data Processing,20,Thursday,11,18,2,24,121388,29,28,Delayed,Success
4981,JOB004,DATA_TRANSFER,Backup,21,Sunday,4,6,2,62,340414,32,58,Ready,Success
4982,JOB011,EMPLOYEE_DATA_SYNC,Data Processing,9,Sunday,12,9,2,46,52517,61,22,Ready,Success
4983,JOB005,BACKUP_JOB,Data Processing,11,Thursday,5,11,3,98,212455,47,88,Ready,Success
4984,JOB018,VENDOR_DATA_SYNC,Backup,9,Thursday,24,22,0,14,394234,78,26,Ready,Failed
4985,JOB007,CUSTOMER_REPORT,Synchronization,12,Saturday,14,26,0,27,436612,30,31,Delayed,Success
4986,JOB004,DATA_TRANSFER,Reporting,10,Tuesday,29,17,6,92,314257,28,42,Ready,Failed
4987,JOB008,SALES_REPORT,Backup,21,Thursday,22,22,4,16,470398,74,82,Delayed,Failed
4988,JOB007,CUSTOMER_REPORT,Backup,15,Sunday,21,5,2,13,117539,24,36,Ready,Success
4989,JOB012,DATABASE_BACKUP,Synchronization,7,Friday,20,25,8,83,303024,88,83,Ready,Failed
4990,JOB019,SYSTEM_MONITORING,Reporting,7,Sunday,21,19,4,33,481657,57,84,Delayed,Success
4991,JOB005,BACKUP_JOB,Data Processing,7,Sunday,30,26,9,86,190278,85,47,Ready,Success
4992,JOB008,SALES_REPORT,Data Transfer,12,Saturday,29,20,2,24,17484,83,77,Ready,Success
4993,JOB010,ORDER_PROCESSING,Data Processing,1,Tuesday,10,27,8,69,484920,44,37,Ready,Failed
4994,JOB004,DATA_TRANSFER,Synchronization,11,Tuesday,3,7,0,7,40606,71,63,Ready,Success
4995,JOB007,CUSTOMER_REPORT,Reporting,9,Thursday,0,4,8,12,179193,57,83,Delayed,Failed
4996,JOB009,STOCK_UPDATE,Backup,11,Wednesday,14,2,4,43,325762,38,56,Ready,Failed
4997,JOB011,EMPLOYEE_DATA_SYNC,Reporting,10,Sunday,11,1,5,68,127804,44,22,Not Ready,Failed
4998,JOB018,VENDOR_DATA_SYNC,Synchronization,14,Monday,8,21,1,35,15464,67,33,Delayed,Failed
4999,JOB005,BACKUP_JOB,Reporting,15,Wednesday,10,5,7,115,73671,92,26,Delayed,Failed
5000,JOB001,DAILY_SALES,Synchronization,16,Wednesday,4,6,2,76,72565,80,36,Ready,Success
5001,JOB015,DAILY_ANALYTICS,Reporting,1,Tuesday,23,7,0,83,194850,54,89,Delayed,Success
5002,JOB013,LOG_CLEANUP,Reporting,17,Tuesday,6,3,6,26,472405,70,58,Delayed,Success
5003,JOB020,ARCHIVE_JOB,Reporting,11,Saturday,7,11,2,100,134581,34,24,Ready,Success
5004,JOB019,SYSTEM_MONITORING,Data Transfer,18,Saturday,0,23,3,9,178312,68,71,Ready,Failed
5005,JOB007,CUSTOMER_REPORT,Backup,22,Tuesday,24,11,4,112,396171,49,45,Delayed,Success
5006,JOB003,INVENTORY_UPDATE,Data Transfer,17,Friday,0,16,0,112,207454,40,58,Ready,Success
5007,JOB006,FINANCE_REPORT,Reporting,16,Friday,2,21,8,62,270222,60,64,Ready,Success
5008,JOB016,WAREHOUSE_UPDATE,Backup,5,Monday,7,21,6,77,106847,22,50,Delayed,Failed
5009,JOB013,LOG_CLEANUP,Data Processing,14,Tuesday,27,18,1,109,128307,92,42,Ready,Failed
5010,JOB007,CUSTOMER_REPORT,Reporting,2,Thursday,10,8,0,83,54932,43,59,Ready,Success
5011,JOB011,EMPLOYEE_DATA_SYNC,Reporting,5,Saturday,0,11,1,115,486016,36,51,Not Ready,Success
5012,JOB002,MONTHLY_PAYROLL,Backup,2,Tuesday,13,27,2,67,83830,27,23,Ready,Success
5013,JOB013,LOG_CLEANUP,Data Processing,0,Friday,0,20,2,65,334843,25,65,Ready,Success
5014,JOB019,SYSTEM_MONITORING,Reporting,12,Tuesday,5,16,7,56,46601,28,94,Ready,Success
5015,JOB006,FINANCE_REPORT,Reporting,20,Friday,20,22,4,112,418593,34,61,Delayed,Failed
5016,JOB009,STOCK_UPDATE,Synchronization,13,Tuesday,26,9,8,105,73251,83,58,Ready,Failed
5017,JOB006,FINANCE_REPORT,Data Transfer,12,Sunday,5,29,2,37,89062,69,89,Ready,Failed
5018,JOB004,DATA_TRANSFER,Backup,3,Thursday,2,18,5,26,40373,30,75,Ready,Success
5019,JOB009,STOCK_UPDATE,Data Transfer,6,Monday,9,25,3,55,188755,65,66,Ready,Success
5020,JOB006,FINANCE_REPORT,Reporting,21,Sunday,11,25,7,15,388980,64,57,Ready,Failed
5021,JOB015,DAILY_ANALYTICS,Data Transfer,9,Thursday,9,10,0,62,98997,78,37,Ready,Failed
5022,JOB014,MASTER_DATA_SYNC,Data Processing,6,Friday,21,19,3,54,116292,44,21,Delayed,Success
5023,JOB016,WAREHOUSE_UPDATE,Reporting,20,Saturday,1,21,6,74,318145,31,73,Ready,Success
5024,JOB014,MASTER_DATA_SYNC,Backup,14,Saturday,23,23,8,21,150826,45,49,Ready,Success
5025,JOB014,MASTER_DATA_SYNC,Synchronization,14,Wednesday,30,12,0,50,490560,95,23,Ready,Failed
5026,JOB018,VENDOR_DATA_SYNC,Reporting,3,Thursday,27,3,7,48,43970,56,26,Ready,Success
5027,JOB002,MONTHLY_PAYROLL,Backup,22,Tuesday,21,14,1,61,392340,42,76,Ready,Success
5028,JOB014,MASTER_DATA_SYNC,Data Processing,22,Monday,12,11,3,9,472079,84,49,Ready,Success
5029,JOB009,STOCK_UPDATE,Synchronization,5,Tuesday,15,24,3,43,310199,64,63,Ready,Failed
5030,JOB017,INVOICE_PROCESSING,Reporting,23,Tuesday,12,23,7,62,145293,93,48,Ready,Success
5031,JOB015,DAILY_ANALYTICS,Data Transfer,19,Thursday,3,25,1,116,83122,54,55,Delayed,Success
5032,JOB001,DAILY_SALES,Data Transfer,4,Monday,3,9,6,13,82628,67,67,Not Ready,Failed
5033,JOB002,MONTHLY_PAYROLL,Reporting,19,Wednesday,29,21,2,97,408086,47,38,Delayed,Failed
5034,JOB016,WAREHOUSE_UPDATE,Backup,11,Sunday,10,6,8,27,361690,20,82,Ready,Failed
5035,JOB020,ARCHIVE_JOB,Data Processing,0,Tuesday,22,23,4,51,125409,91,21,Ready,Failed
5036,JOB007,CUSTOMER_REPORT,Backup,7,Monday,13,1,7,40,252991,60,33,Ready,Failed
5037,JOB012,DATABASE_BACKUP,Backup,0,Wednesday,2,20,4,35,4740,42,54,Ready,Success
5038,JOB016,WAREHOUSE_UPDATE,Data Transfer,4,Sunday,26,28,0,88,20105,51,40,Ready,Success
5039,JOB003,INVENTORY_UPDATE,Reporting,21,Tuesday,18,6,8,27,121714,26,36,Ready,Success
5040,JOB019,SYSTEM_MONITORING,Synchronization,5,Monday,21,7,9,60,206459,94,51,Ready,Success
5041,JOB014,MASTER_DATA_SYNC,Data Transfer,20,Sunday,24,20,6,75,173744,74,42,Ready,Success
5042,JOB003,INVENTORY_UPDATE,Data Transfer,2,Thursday,0,18,3,50,206974,91,25,Ready,Success
5043,JOB007,CUSTOMER_REPORT,Reporting,14,Saturday,4,5,6,62,497739,62,48,Ready,Failed
5044,JOB004,DATA_TRANSFER,Synchronization,4,Saturday,16,20,4,40,91358,33,82,Ready,Failed
5045,JOB013,LOG_CLEANUP,Synchronization,23,Tuesday,0,7,9,72,261720,33,89,Not Ready,Failed
5046,JOB005,BACKUP_JOB,Backup,13,Tuesday,18,24,8,92,476866,60,23,Not Ready,Failed
5047,JOB011,EMPLOYEE_DATA_SYNC,Data Transfer,17,Sunday,18,24,1,64,29519,33,77,Ready,Success
5048,JOB017,INVOICE_PROCESSING,Backup,15,Monday,3,27,3,18,313856,47,50,Not Ready,Success
5049,JOB019,SYSTEM_MONITORING,Synchronization,5,Saturday,18,27,5,29,321472,49,41,Ready,Success
5050,JOB014,MASTER_DATA_SYNC,Reporting,23,Tuesday,5,21,4,75,140759,73,46,Ready,Success
5051,JOB005,BACKUP_JOB,Backup,13,Wednesday,27,19,0,83,186632,78,35,Ready,Failed
5052,JOB017,INVOICE_PROCESSING,Reporting,23,Tuesday,14,3,8,48,482694,31,25,Ready,Success
5053,JOB006,FINANCE_REPORT,Backup,7,Saturday,3,24,8,50,130993,94,26,Ready,Success
5054,JOB005,BACKUP_JOB,Reporting,6,Friday,23,19,2,17,175694,58,33,Ready,Failed
5055,JOB009,STOCK_UPDATE,Reporting,7,Saturday,0,23,3,66,453686,89,22,Ready,Failed
5056,JOB004,DATA_TRANSFER,Data Transfer,12,Wednesday,23,8,3,23,358760,86,68,Ready,Success
5057,JOB015,DAILY_ANALYTICS,Reporting,5,Monday,26,4,9,16,328093,34,55,Ready,Success
5058,JOB013,LOG_CLEANUP,Synchronization,17,Wednesday,16,28,7,116,200183,23,48,Ready,Success
5059,JOB018,VENDOR_DATA_SYNC,Reporting,1,Friday,10,5,5,94,24892,63,23,Ready,Success
5060,JOB006,FINANCE_REPORT,Reporting,7,Friday,16,18,1,52,2082,58,59,Ready,Failed
5061,JOB008,SALES_REPORT,Data Processing,10,Tuesday,22,11,3,37,315049,89,60,Ready,Success
5062,JOB012,DATABASE_BACKUP,Data Transfer,0,Tuesday,0,4,0,83,261732,56,41,Ready,Success
5063,JOB016,WAREHOUSE_UPDATE,Data Transfer,21,Saturday,8,4,2,41,358250,77,23,Ready,Failed
5064,JOB014,MASTER_DATA_SYNC,Data Transfer,5,Thursday,13,29,3,10,249718,51,42,Not Ready,Success
5065,JOB004,DATA_TRANSFER,Data Transfer,15,Wednesday,14,17,7,93,140807,47,23,Delayed,Failed
5066,JOB015,DAILY_ANALYTICS,Data Transfer,19,Saturday,23,25,2,85,12255,23,87,Ready,Success
5067,JOB017,INVOICE_PROCESSING,Data Processing,11,Thursday,28,5,4,47,368281,29,37,Ready,Success
5068,JOB003,INVENTORY_UPDATE,Reporting,10,Saturday,30,8,0,104,404310,46,20,Ready,Failed
5069,JOB003,INVENTORY_UPDATE,Backup,9,Friday,0,10,3,54,480450,55,51,Ready,Failed
5070,JOB009,STOCK_UPDATE,Reporting,2,Tuesday,1,22,1,120,323659,24,40,Ready,Failed
5071,JOB006,FINANCE_REPORT,Data Transfer,12,Tuesday,17,13,3,50,350154,69,57,Ready,Success
5072,JOB007,CUSTOMER_REPORT,Synchronization,2,Saturday,17,23,4,77,162723,51,45,Delayed,Success
5073,JOB013,LOG_CLEANUP,Data Processing,14,Tuesday,5,1,2,32,298062,42,60,Delayed,Failed
5074,JOB018,VENDOR_DATA_SYNC,Backup,15,Monday,19,26,5,103,7103,80,68,Ready,Failed
5075,JOB002,MONTHLY_PAYROLL,Data Transfer,12,Saturday,7,28,1,71,345947,20,60,Delayed,Success
5076,JOB012,DATABASE_BACKUP,Backup,16,Friday,0,13,4,15,249437,50,78,Delayed,Success
5077,JOB005,BACKUP_JOB,Data Processing,2,Sunday,14,24,3,24,454362,38,23,Ready,Success
5078,JOB014,MASTER_DATA_SYNC,Data Transfer,19,Saturday,9,18,4,91,55390,73,32,Ready,Success
5079,JOB012,DATABASE_BACKUP,Data Processing,10,Saturday,29,9,8,34,234351,53,80,Ready,Failed
5080,JOB013,LOG_CLEANUP,Data Processing,20,Tuesday,3,4,5,105,312302,23,70,Delayed,Failed
5081,JOB013,LOG_CLEANUP,Reporting,18,Friday,9,29,6,40,159083,67,54,Ready,Success
5082,JOB018,VENDOR_DATA_SYNC,Data Transfer,21,Saturday,10,22,7,112,483781,67,84,Ready,Success
5083,JOB020,ARCHIVE_JOB,Data Transfer,10,Tuesday,4,3,8,80,322033,68,68,Delayed,Failed
5084,JOB017,INVOICE_PROCESSING,Synchronization,15,Wednesday,8,6,4,104,325411,79,68,Ready,Success
5085,JOB011,EMPLOYEE_DATA_SYNC,Reporting,20,Friday,4,23,7,103,235776,63,33,Delayed,Success
5086,JOB008,SALES_REPORT,Data Transfer,2,Thursday,28,12,1,102,183313,53,56,Ready,Success
5087,JOB018,VENDOR_DATA_SYNC,Data Transfer,21,Monday,10,9,9,72,393750,75,49,Not Ready,Failed
5088,JOB009,STOCK_UPDATE,Backup,5,Thursday,2,29,8,92,136263,93,33,Delayed,Failed
5089,JOB009,STOCK_UPDATE,Synchronization,13,Sunday,26,9,1,40,137695,25,94,Not Ready,Failed
5090,JOB004,DATA_TRANSFER,Data Processing,23,Friday,3,3,4,62,3293,95,46,Delayed,Failed
5091,JOB011,EMPLOYEE_DATA_SYNC,Synchronization,17,Saturday,9,15,5,32,499911,95,81,Ready,Failed
5092,JOB015,DAILY_ANALYTICS,Reporting,16,Tuesday,6,14,3,43,152665,55,22,Ready,Success
5093,JOB004,DATA_TRANSFER,Synchronization,3,Sunday,0,20,7,70,93703,54,89,Ready,Success
5094,JOB002,MONTHLY_PAYROLL,Synchronization,22,Friday,26,10,9,47,365873,44,58,Ready,Success
5095,JOB012,DATABASE_BACKUP,Synchronization,14,Monday,5,18,2,9,471518,68,38,Ready,Failed
5096,JOB016,WAREHOUSE_UPDATE,Backup,10,Friday,7,20,4,96,455600,74,95,Ready,Failed
5097,JOB012,DATABASE_BACKUP,Reporting,2,Sunday,16,23,1,17,299136,60,58,Ready,Success
5098,JOB018,VENDOR_DATA_SYNC,Data Processing,2,Tuesday,23,2,2,104,84160,76,29,Ready,Success
5099,JOB011,EMPLOYEE_DATA_SYNC,Reporting,15,Thursday,6,14,7,13,16848,41,66,Ready,Success
5100,JOB004,DATA_TRANSFER,Data Processing,4,Wednesday,0,15,4,107,324317,63,42,Ready,Success
5101,JOB007,CUSTOMER_REPORT,Backup,20,Thursday,8,13,2,98,376055,48,78,Ready,Success
5102,JOB018,VENDOR_DATA_SYNC,Reporting,9,Tuesday,10,28,4,61,409975,90,39,Delayed,Failed
5103,JOB008,SALES_REPORT,Backup,18,Sunday,18,4,8,31,401733,67,64,Ready,Failed
5104,JOB004,DATA_TRANSFER,Backup,3,Tuesday,1,25,2,65,496013,22,63,Ready,Failed
5105,JOB006,FINANCE_REPORT,Data Transfer,18,Monday,22,16,9,81,294124,64,37,Delayed,Success
5106,JOB003,INVENTORY_UPDATE,Synchronization,10,Friday,10,17,6,110,201198,39,67,Not Ready,Failed
5107,JOB014,MASTER_DATA_SYNC,Data Processing,1,Friday,2,18,7,107,485044,92,94,Ready,Failed
5108,JOB004,DATA_TRANSFER,Data Transfer,9,Thursday,16,0,4,54,271599,55,20,Not Ready,Failed
5109,JOB007,CUSTOMER_REPORT,Backup,10,Sunday,9,28,2,96,7944,79,51,Not Ready,Failed
5110,JOB005,BACKUP_JOB,Backup,19,Wednesday,28,26,5,86,492837,37,83,Ready,Success
5111,JOB012,DATABASE_BACKUP,Data Transfer,15,Wednesday,2,27,2,38,327771,85,26,Ready,Failed
5112,JOB008,SALES_REPORT,Data Processing,18,Monday,21,26,8,89,327867,50,90,Ready,Success
5113,JOB008,SALES_REPORT,Synchronization,22,Tuesday,2,24,1,69,248967,28,65,Delayed,Failed
5114,JOB020,ARCHIVE_JOB,Reporting,23,Monday,20,8,2,49,421316,39,43,Ready,Success
5115,JOB004,DATA_TRANSFER,Synchronization,10,Friday,24,20,6,91,198248,39,88,Ready,Failed
5116,JOB011,EMPLOYEE_DATA_SYNC,Synchronization,13,Saturday,6,13,9,38,264002,66,55,Delayed,Failed
5117,JOB019,SYSTEM_MONITORING,Data Transfer,1,Saturday,1,19,7,104,300155,20,86,Ready,Success
5118,JOB002,MONTHLY_PAYROLL,Data Transfer,22,Saturday,0,20,4,77,97054,33,69,Ready,Success
5119,JOB017,INVOICE_PROCESSING,Data Transfer,4,Tuesday,6,19,4,12,240038,20,78,Delayed,Failed
5120,JOB020,ARCHIVE_JOB,Data Processing,4,Monday,19,27,4,118,278581,88,77,Ready,Success
5121,JOB004,DATA_TRANSFER,Data Transfer,18,Sunday,10,20,3,98,288694,29,65,Ready,Success
5122,JOB020,ARCHIVE_JOB,Data Transfer,20,Thursday,22,22,8,52,157933,92,89,Ready,Failed
5123,JOB016,WAREHOUSE_UPDATE,Data Transfer,11,Friday,5,10,5,40,435227,68,42,Delayed,Failed
5124,JOB011,EMPLOYEE_DATA_SYNC,Backup,17,Saturday,22,23,7,104,292073,33,31,Delayed,Failed
5125,JOB002,MONTHLY_PAYROLL,Data Processing,3,Sunday,3,1,7,86,395235,79,47,Ready,Failed
5126,JOB015,DAILY_ANALYTICS,Reporting,21,Wednesday,18,19,4,70,25284,61,77,Ready,Success
5127,JOB008,SALES_REPORT,Synchronization,16,Monday,27,23,8,15,78350,78,80,Ready,Failed
5128,JOB002,MONTHLY_PAYROLL,Reporting,9,Friday,20,22,1,56,373983,44,74,Ready,Failed
5129,JOB005,BACKUP_JOB,Data Processing,19,Friday,18,24,7,40,377824,55,53,Ready,Failed
5130,JOB001,DAILY_SALES,Backup,5,Wednesday,13,4,2,99,338784,54,37,Ready,Success
5131,JOB010,ORDER_PROCESSING,Synchronization,13,Wednesday,2,21,6,35,206087,30,54,Ready,Success
5132,JOB016,WAREHOUSE_UPDATE,Data Transfer,10,Wednesday,3,26,8,28,71909,29,67,Not Ready,Failed
5133,JOB011,EMPLOYEE_DATA_SYNC,Data Processing,10,Saturday,7,23,4,114,295515,27,56,Ready,Success
5134,JOB001,DAILY_SALES,Synchronization,17,Saturday,17,14,7,25,276378,42,60,Ready,Success
5135,JOB013,LOG_CLEANUP,Synchronization,22,Monday,3,11,3,100,64172,25,25,Ready,Success
5136,JOB019,SYSTEM_MONITORING,Reporting,21,Wednesday,10,13,0,117,400573,83,58,Ready,Success
5137,JOB009,STOCK_UPDATE,Synchronization,17,Thursday,15,10,0,34,284739,92,23,Ready,Success
5138,JOB018,VENDOR_DATA_SYNC,Synchronization,23,Friday,2,20,5,76,308743,65,35,Ready,Failed
5139,JOB018,VENDOR_DATA_SYNC,Reporting,22,Wednesday,6,29,7,101,139844,57,71,Ready,Success
5140,JOB007,CUSTOMER_REPORT,Backup,10,Friday,1,8,9,119,474319,44,38,Ready,Failed
5141,JOB004,DATA_TRANSFER,Backup,20,Tuesday,0,19,1,68,317034,21,36,Ready,Failed
5142,JOB009,STOCK_UPDATE,Synchronization,11,Sunday,25,7,3,119,103205,43,64,Ready,Success
5143,JOB013,LOG_CLEANUP,Data Processing,4,Tuesday,0,11,2,43,291828,86,21,Delayed,Success
5144,JOB006,FINANCE_REPORT,Data Processing,22,Wednesday,5,29,8,5,448301,90,21,Ready,Success
5145,JOB013,LOG_CLEANUP,Synchronization,8,Friday,18,2,2,101,323068,80,74,Ready,Failed
5146,JOB018,VENDOR_DATA_SYNC,Synchronization,8,Sunday,6,20,7,46,12708,28,23,Not Ready,Failed
5147,JOB014,MASTER_DATA_SYNC,Synchronization,21,Tuesday,23,14,6,81,270814,64,31,Delayed,Success
5148,JOB014,MASTER_DATA_SYNC,Backup,9,Wednesday,4,7,0,90,333614,35,73,Ready,Success
5149,JOB013,LOG_CLEANUP,Synchronization,21,Friday,20,25,7,9,265810,33,79,Ready,Failed
5150,JOB011,EMPLOYEE_DATA_SYNC,Data Processing,18,Wednesday,27,27,8,16,331133,45,48,Ready,Success
5151,JOB016,WAREHOUSE_UPDATE,Data Transfer,0,Saturday,17,6,7,33,391783,65,80,Ready,Failed
5152,JOB018,VENDOR_DATA_SYNC,Reporting,6,Friday,23,16,9,7,117255,77,65,Ready,Success
5153,JOB016,WAREHOUSE_UPDATE,Data Transfer,3,Tuesday,25,11,9,65,217744,93,68,Ready,Success
5154,JOB007,CUSTOMER_REPORT,Data Processing,0,Wednesday,12,19,0,55,435463,49,37,Ready,Success
5155,JOB017,INVOICE_PROCESSING,Data Processing,14,Tuesday,0,17,6,40,265617,75,95,Delayed,Failed
5156,JOB001,DAILY_SALES,Synchronization,7,Wednesday,9,17,8,115,419781,51,93,Delayed,Failed
5157,JOB001,DAILY_SALES,Data Transfer,11,Monday,8,28,4,113,154680,42,43,Ready,Success
5158,JOB005,BACKUP_JOB,Data Transfer,21,Tuesday,16,14,1,79,225743,36,36,Ready,Success
5159,JOB001,DAILY_SALES,Backup,21,Tuesday,0,22,7,94,262301,43,75,Ready,Failed
5160,JOB011,EMPLOYEE_DATA_SYNC,Backup,17,Thursday,0,27,8,6,494925,66,71,Ready,Success
5161,JOB008,SALES_REPORT,Backup,14,Sunday,6,27,6,33,491173,30,90,Ready,Failed
5162,JOB018,VENDOR_DATA_SYNC,Data Transfer,16,Saturday,3,2,4,45,304358,60,39,Ready,Failed
5163,JOB012,DATABASE_BACKUP,Synchronization,13,Tuesday,27,18,7,33,424764,34,48,Delayed,Failed
5164,JOB012,DATABASE_BACKUP,Reporting,13,Friday,22,14,5,112,240577,71,94,Ready,Failed
5165,JOB003,INVENTORY_UPDATE,Data Transfer,17,Sunday,20,15,3,104,166674,53,69,Ready,Success
5166,JOB014,MASTER_DATA_SYNC,Synchronization,19,Wednesday,11,21,0,68,368490,79,34,Ready,Success
5167,JOB013,LOG_CLEANUP,Reporting,17,Monday,15,21,5,62,95373,76,50,Not Ready,Failed
5168,JOB019,SYSTEM_MONITORING,Synchronization,15,Friday,13,16,7,87,414951,52,32,Ready,Success
5169,JOB020,ARCHIVE_JOB,Synchronization,0,Sunday,22,0,2,14,17806,40,75,Ready,Success
5170,JOB002,MONTHLY_PAYROLL,Backup,22,Friday,9,10,6,15,455853,43,38,Ready,Success
5171,JOB012,DATABASE_BACKUP,Data Transfer,10,Friday,13,5,6,11,309436,39,89,Ready,Success
5172,JOB012,DATABASE_BACKUP,Reporting,14,Friday,6,22,8,81,30228,87,47,Ready,Success
5173,JOB010,ORDER_PROCESSING,Backup,11,Sunday,3,8,0,109,236309,79,41,Ready,Failed
5174,JOB004,DATA_TRANSFER,Reporting,7,Monday,1,19,4,112,48986,65,47,Ready,Failed
5175,JOB017,INVOICE_PROCESSING,Reporting,21,Thursday,23,15,7,65,437071,52,52,Ready,Success
5176,JOB007,CUSTOMER_REPORT,Data Processing,19,Saturday,17,29,2,70,97780,50,64,Ready,Success
5177,JOB005,BACKUP_JOB,Reporting,5,Tuesday,15,25,4,98,475163,53,67,Not Ready,Failed
5178,JOB004,DATA_TRANSFER,Synchronization,2,Sunday,8,5,0,90,420080,41,82,Ready,Success
5179,JOB018,VENDOR_DATA_SYNC,Reporting,23,Friday,4,11,8,57,433056,49,45,Ready,Failed
5180,JOB013,LOG_CLEANUP,Backup,12,Tuesday,8,18,3,69,420140,24,20,Delayed,Success
5181,JOB013,LOG_CLEANUP,Data Processing,12,Sunday,30,12,4,31,132626,60,81,Delayed,Failed
5182,JOB008,SALES_REPORT,Data Processing,1,Tuesday,24,12,2,11,312302,64,91,Ready,Success
5183,JOB012,DATABASE_BACKUP,Synchronization,4,Friday,29,26,1,69,84685,80,22,Ready,Failed
5184,JOB015,DAILY_ANALYTICS,Backup,16,Thursday,7,3,6,62,199699,32,24,Ready,Success
5185,JOB016,WAREHOUSE_UPDATE,Data Processing,5,Sunday,23,8,4,29,389267,28,64,Delayed,Success
5186,JOB019,SYSTEM_MONITORING,Data Processing,1,Tuesday,19,13,9,52,28749,54,31,Delayed,Success
5187,JOB005,BACKUP_JOB,Data Processing,3,Wednesday,15,13,2,8,497350,37,67,Ready,Success
5188,JOB003,INVENTORY_UPDATE,Data Transfer,21,Tuesday,29,16,1,98,375339,31,33,Ready,Failed
5189,JOB010,ORDER_PROCESSING,Backup,10,Saturday,19,4,9,12,313953,60,72,Ready,Success
5190,JOB004,DATA_TRANSFER,Data Processing,7,Friday,29,26,5,117,327220,35,64,Ready,Failed
5191,JOB012,DATABASE_BACKUP,Backup,11,Monday,17,22,9,89,206611,32,51,Ready,Success
5192,JOB001,DAILY_SALES,Synchronization,7,Tuesday,3,18,5,119,449462,37,49,Ready,Success
5193,JOB005,BACKUP_JOB,Backup,10,Thursday,15,1,2,72,401679,95,31,Ready,Success
5194,JOB005,BACKUP_JOB,Synchronization,21,Wednesday,3,12,8,64,387252,70,63,Ready,Failed
5195,JOB015,DAILY_ANALYTICS,Data Transfer,19,Wednesday,5,10,0,8,445330,52,44,Delayed,Success
5196,JOB007,CUSTOMER_REPORT,Synchronization,7,Monday,2,1,2,12,378322,89,61,Ready,Failed
5197,JOB017,INVOICE_PROCESSING,Synchronization,7,Saturday,17,0,0,110,337189,86,40,Ready,Success
5198,JOB008,SALES_REPORT,Reporting,16,Monday,14,20,6,94,358546,73,80,Delayed,Failed
5199,JOB016,WAREHOUSE_UPDATE,Synchronization,19,Saturday,7,28,1,97,341185,25,85,Ready,Failed
5200,JOB001,DAILY_SALES,Data Transfer,19,Tuesday,17,2,3,20,25466,55,40,Ready,Success
5201,JOB011,EMPLOYEE_DATA_SYNC,Synchronization,22,Friday,23,26,3,23,413148,74,45,Ready,Success
5202,JOB019,SYSTEM_MONITORING,Synchronization,15,Thursday,22,11,7,5,486168,69,51,Ready,Success
5203,JOB006,FINANCE_REPORT,Data Transfer,13,Wednesday,2,6,3,105,108712,90,36,Ready,Failed
5204,JOB019,SYSTEM_MONITORING,Synchronization,10,Monday,5,0,2,38,124212,85,23,Ready,Success
5205,JOB009,STOCK_UPDATE,Synchronization,6,Thursday,21,8,9,97,247936,34,58,Delayed,Failed
5206,JOB005,BACKUP_JOB,Backup,15,Saturday,25,29,2,95,39867,41,34,Ready,Success
5207,JOB014,MASTER_DATA_SYNC,Reporting,12,Friday,29,17,4,116,413200,68,52,Delayed,Failed
5208,JOB020,ARCHIVE_JOB,Synchronization,14,Wednesday,20,23,5,49,167934,57,80,Ready,Success
5209,JOB013,LOG_CLEANUP,Data Processing,23,Wednesday,28,25,6,67,115361,27,33,Ready,Success
5210,JOB013,LOG_CLEANUP,Data Transfer,15,Saturday,23,19,4,98,363711,27,66,Delayed,Failed
5211,JOB020,ARCHIVE_JOB,Data Processing,20,Friday,14,5,6,10,362514,56,21,Ready,Success
5212,JOB015,DAILY_ANALYTICS,Data Processing,22,Wednesday,26,8,3,40,225616,91,85,Ready,Failed
5213,JOB013,LOG_CLEANUP,Data Processing,23,Friday,11,22,4,107,318040,44,67,Ready,Success
5214,JOB007,CUSTOMER_REPORT,Data Processing,8,Wednesday,4,7,5,70,265934,73,83,Delayed,Failed
5215,JOB002,MONTHLY_PAYROLL,Data Transfer,2,Tuesday,6,22,8,110,368527,40,85,Not Ready,Failed
5216,JOB020,ARCHIVE_JOB,Reporting,18,Saturday,21,17,5,82,454021,78,67,Ready,Failed
5217,JOB017,INVOICE_PROCESSING,Data Processing,19,Friday,26,24,9,12,45449,50,37,Ready,Success
5218,JOB004,DATA_TRANSFER,Backup,4,Thursday,14,14,0,71,421461,25,70,Ready,Failed
5219,JOB004,DATA_TRANSFER,Synchronization,9,Tuesday,6,0,6,103,346737,61,23,Ready,Failed
5220,JOB018,VENDOR_DATA_SYNC,Data Processing,16,Sunday,12,13,2,31,163408,71,52,Delayed,Failed
5221,JOB005,BACKUP_JOB,Data Processing,14,Thursday,24,17,5,38,445731,66,42,Delayed,Failed
5222,JOB007,CUSTOMER_REPORT,Synchronization,22,Saturday,2,18,1,32,111464,47,72,Ready,Success
5223,JOB004,DATA_TRANSFER,Synchronization,7,Wednesday,25,18,6,35,250483,55,32,Delayed,Failed
5224,JOB015,DAILY_ANALYTICS,Data Transfer,14,Sunday,22,29,0,21,430485,59,90,Ready,Success
5225,JOB011,EMPLOYEE_DATA_SYNC,Synchronization,20,Thursday,12,9,1,87,167654,32,77,Ready,Failed
5226,JOB004,DATA_TRANSFER,Reporting,13,Tuesday,25,19,8,110,89562,68,82,Ready,Failed
5227,JOB019,SYSTEM_MONITORING,Backup,19,Sunday,2,20,8,112,99652,23,84,Delayed,Failed
5228,JOB016,WAREHOUSE_UPDATE,Data Processing,6,Sunday,28,5,6,59,232498,83,61,Not Ready,Failed
5229,JOB010,ORDER_PROCESSING,Data Transfer,20,Friday,1,16,1,79,326864,42,59,Ready,Success
5230,JOB011,EMPLOYEE_DATA_SYNC,Data Processing,22,Monday,27,13,4,13,245624,77,40,Delayed,Failed
5231,JOB017,INVOICE_PROCESSING,Reporting,11,Thursday,22,12,3,98,179899,34,52,Ready,Failed
5232,JOB011,EMPLOYEE_DATA_SYNC,Data Processing,16,Monday,3,7,1,61,261665,65,89,Ready,Failed
5233,JOB011,EMPLOYEE_DATA_SYNC,Backup,16,Saturday,16,21,1,49,21517,58,61,Ready,Success
5234,JOB006,FINANCE_REPORT,Reporting,9,Thursday,5,9,9,10,441581,66,56,Ready,Success
5235,JOB016,WAREHOUSE_UPDATE,Data Processing,18,Thursday,10,8,7,18,487845,56,91,Ready,Failed
5236,JOB013,LOG_CLEANUP,Synchronization,13,Friday,5,4,4,35,83131,60,20,Ready,Success
5237,JOB019,SYSTEM_MONITORING,Synchronization,10,Wednesday,21,22,7,58,201137,64,45,Delayed,Failed
5238,JOB001,DAILY_SALES,Backup,1,Tuesday,1,26,1,15,342641,49,58,Delayed,Failed
5239,JOB020,ARCHIVE_JOB,Reporting,17,Tuesday,16,3,1,73,63430,90,66,Delayed,Success
5240,JOB014,MASTER_DATA_SYNC,Data Transfer,6,Tuesday,2,5,2,99,131329,87,75,Delayed,Failed
5241,JOB011,EMPLOYEE_DATA_SYNC,Synchronization,11,Saturday,11,5,9,6,30456,26,77,Delayed,Success
5242,JOB020,ARCHIVE_JOB,Synchronization,1,Sunday,13,12,7,107,160284,66,47,Delayed,Failed
5243,JOB008,SALES_REPORT,Data Processing,19,Wednesday,1,3,7,21,498869,66,76,Ready,Success
5244,JOB006,FINANCE_REPORT,Reporting,17,Monday,21,21,2,106,119788,79,90,Delayed,Failed
5245,JOB019,SYSTEM_MONITORING,Synchronization,5,Tuesday,28,7,0,114,66346,24,91,Not Ready,Failed
5246,JOB011,EMPLOYEE_DATA_SYNC,Data Processing,23,Monday,27,26,6,40,14930,67,64,Delayed,Success
5247,JOB006,FINANCE_REPORT,Data Transfer,9,Wednesday,21,4,3,7,239834,93,84,Ready,Success
5248,JOB011,EMPLOYEE_DATA_SYNC,Data Transfer,19,Saturday,28,1,2,67,33915,41,23,Ready,Success
5249,JOB005,BACKUP_JOB,Synchronization,14,Wednesday,4,8,4,47,197274,42,80,Delayed,Success
5250,JOB002,MONTHLY_PAYROLL,Synchronization,4,Friday,9,10,5,97,461461,64,80,Ready,Success
5251,JOB016,WAREHOUSE_UPDATE,Synchronization,19,Sunday,9,19,0,37,479158,71,62,Ready,Success
5252,JOB006,FINANCE_REPORT,Reporting,2,Tuesday,20,19,8,82,163178,90,38,Ready,Failed
5253,JOB014,MASTER_DATA_SYNC,Synchronization,4,Saturday,8,10,5,106,463742,65,20,Delayed,Failed
5254,JOB014,MASTER_DATA_SYNC,Data Processing,7,Friday,29,6,2,33,29040,57,38,Ready,Success
5255,JOB013,LOG_CLEANUP,Data Transfer,7,Tuesday,20,25,0,27,408178,59,70,Ready,Success
5256,JOB008,SALES_REPORT,Reporting,7,Wednesday,12,13,8,63,336534,34,83,Ready,Failed
5257,JOB011,EMPLOYEE_DATA_SYNC,Data Transfer,11,Wednesday,9,25,1,85,496356,88,82,Ready,Failed
5258,JOB014,MASTER_DATA_SYNC,Reporting,23,Thursday,5,5,9,53,474008,31,48,Ready,Failed
5259,JOB003,INVENTORY_UPDATE,Data Transfer,22,Thursday,10,29,5,59,386015,86,38,Ready,Success
5260,JOB016,WAREHOUSE_UPDATE,Synchronization,7,Wednesday,3,3,5,79,323809,76,62,Ready,Failed
5261,JOB014,MASTER_DATA_SYNC,Synchronization,10,Wednesday,25,5,2,32,464275,38,89,Delayed,Success
5262,JOB008,SALES_REPORT,Data Processing,13,Monday,13,2,5,75,230744,49,58,Ready,Failed
5263,JOB017,INVOICE_PROCESSING,Synchronization,7,Sunday,29,22,1,113,384976,37,42,Not Ready,Success
5264,JOB007,CUSTOMER_REPORT,Data Transfer,23,Monday,30,5,7,108,62324,82,20,Delayed,Failed
5265,JOB005,BACKUP_JOB,Data Processing,9,Sunday,16,2,0,76,95855,26,80,Ready,Success
5266,JOB020,ARCHIVE_JOB,Data Transfer,6,Friday,19,0,5,109,117158,79,44,Ready,Success
5267,JOB005,BACKUP_JOB,Backup,16,Thursday,1,27,0,97,421885,82,23,Ready,Failed
5268,JOB017,INVOICE_PROCESSING,Data Processing,3,Thursday,9,25,8,29,134669,76,20,Ready,Failed
5269,JOB006,FINANCE_REPORT,Data Processing,12,Wednesday,2,20,8,11,161282,94,59,Ready,Success
5270,JOB015,DAILY_ANALYTICS,Reporting,3,Wednesday,6,25,5,90,323841,58,40,Ready,Success
5271,JOB013,LOG_CLEANUP,Data Transfer,4,Friday,6,17,5,77,264446,62,62,Ready,Success
5272,JOB009,STOCK_UPDATE,Data Transfer,21,Saturday,0,22,8,79,194655,75,29,Ready,Failed
5273,JOB015,DAILY_ANALYTICS,Data Transfer,3,Saturday,7,28,4,38,471268,29,85,Ready,Success
5274,JOB012,DATABASE_BACKUP,Synchronization,17,Saturday,22,22,8,95,494414,39,36,Ready,Failed
5275,JOB009,STOCK_UPDATE,Reporting,5,Thursday,0,3,4,118,78790,83,32,Ready,Success
5276,JOB010,ORDER_PROCESSING,Reporting,23,Monday,7,5,3,26,200132,58,29,Delayed,Failed
5277,JOB016,WAREHOUSE_UPDATE,Data Transfer,23,Saturday,13,16,1,71,444456,47,71,Ready,Failed
5278,JOB002,MONTHLY_PAYROLL,Synchronization,22,Tuesday,13,17,1,54,186929,49,29,Ready,Success
5279,JOB002,MONTHLY_PAYROLL,Data Transfer,21,Friday,1,5,0,52,444694,77,66,Ready,Success
5280,JOB010,ORDER_PROCESSING,Synchronization,1,Saturday,7,1,9,108,8484,89,28,Delayed,Failed
5281,JOB008,SALES_REPORT,Backup,22,Tuesday,18,11,2,76,119957,81,65,Ready,Failed
5282,JOB016,WAREHOUSE_UPDATE,Reporting,10,Saturday,9,11,0,74,211819,20,87,Ready,Success
5283,JOB003,INVENTORY_UPDATE,Backup,13,Monday,6,26,5,61,221574,87,73,Ready,Success
5284,JOB017,INVOICE_PROCESSING,Data Processing,4,Monday,12,3,6,29,321771,44,87,Ready,Success
5285,JOB018,VENDOR_DATA_SYNC,Reporting,5,Saturday,21,15,8,70,135428,58,23,Delayed,Failed
5286,JOB012,DATABASE_BACKUP,Backup,9,Tuesday,20,19,6,20,416816,30,94,Delayed,Failed
5287,JOB010,ORDER_PROCESSING,Backup,7,Friday,14,9,3,62,231478,78,20,Ready,Success
5288,JOB012,DATABASE_BACKUP,Data Processing,13,Tuesday,10,24,3,45,280595,56,78,Ready,Success
5289,JOB006,FINANCE_REPORT,Synchronization,23,Friday,25,9,7,55,493264,95,44,Ready,Failed
5290,JOB017,INVOICE_PROCESSING,Data Processing,2,Saturday,13,6,3,25,266218,48,28,Not Ready,Failed
5291,JOB012,DATABASE_BACKUP,Synchronization,11,Friday,10,13,0,83,314786,28,44,Ready,Success
5292,JOB014,MASTER_DATA_SYNC,Data Processing,15,Wednesday,1,6,8,60,257078,65,90,Not Ready,Failed
5293,JOB001,DAILY_SALES,Reporting,22,Thursday,1,11,2,102,188768,95,45,Ready,Success
5294,JOB016,WAREHOUSE_UPDATE,Backup,16,Sunday,28,10,0,51,381596,28,75,Ready,Success
5295,JOB016,WAREHOUSE_UPDATE,Backup,0,Thursday,11,16,8,47,162930,84,68,Ready,Success
5296,JOB006,FINANCE_REPORT,Synchronization,22,Monday,14,10,9,88,121709,90,84,Ready,Success
5297,JOB016,WAREHOUSE_UPDATE,Data Processing,9,Wednesday,16,20,9,112,429846,61,80,Ready,Failed
5298,JOB017,INVOICE_PROCESSING,Data Transfer,22,Thursday,13,2,4,35,290798,53,28,Ready,Failed
5299,JOB008,SALES_REPORT,Reporting,9,Saturday,24,18,8,19,190298,47,29,Ready,Success
5300,JOB005,BACKUP_JOB,Data Transfer,20,Friday,15,21,2,52,15189,80,30,Ready,Success
5301,JOB003,INVENTORY_UPDATE,Backup,23,Friday,26,3,5,66,56107,59,55,Ready,Success
5302,JOB006,FINANCE_REPORT,Data Processing,1,Tuesday,7,7,6,96,319164,73,75,Not Ready,Failed
5303,JOB017,INVOICE_PROCESSING,Synchronization,8,Tuesday,23,13,4,74,265704,78,51,Ready,Failed
5304,JOB015,DAILY_ANALYTICS,Synchronization,21,Friday,16,19,7,7,431775,64,91,Ready,Success
5305,JOB013,LOG_CLEANUP,Synchronization,12,Saturday,4,23,9,42,234210,58,54,Ready,Success
5306,JOB017,INVOICE_PROCESSING,Backup,15,Friday,11,13,5,91,287796,61,23,Delayed,Failed
5307,JOB012,DATABASE_BACKUP,Reporting,17,Tuesday,5,27,5,62,315410,30,81,Ready,Success
5308,JOB015,DAILY_ANALYTICS,Data Transfer,18,Thursday,30,15,6,71,244611,94,82,Ready,Failed
5309,JOB006,FINANCE_REPORT,Backup,11,Monday,17,14,7,49,127108,57,27,Ready,Success
5310,JOB010,ORDER_PROCESSING,Data Processing,7,Tuesday,25,11,1,48,458233,76,95,Ready,Success
5311,JOB008,SALES_REPORT,Synchronization,16,Saturday,30,15,6,12,64318,31,88,Ready,Success
5312,JOB014,MASTER_DATA_SYNC,Data Processing,14,Thursday,4,19,8,70,440515,61,80,Ready,Failed
5313,JOB007,CUSTOMER_REPORT,Backup,9,Thursday,5,18,0,75,383536,82,82,Ready,Failed
5314,JOB015,DAILY_ANALYTICS,Data Processing,14,Thursday,8,4,0,65,329692,28,80,Ready,Failed
5315,JOB005,BACKUP_JOB,Data Transfer,14,Wednesday,14,11,6,21,103589,41,56,Delayed,Failed
5316,JOB009,STOCK_UPDATE,Synchronization,22,Wednesday,9,28,4,75,218349,57,23,Ready,Success
5317,JOB020,ARCHIVE_JOB,Data Transfer,6,Sunday,16,4,0,101,168396,92,75,Ready,Success
5318,JOB020,ARCHIVE_JOB,Synchronization,12,Thursday,28,9,0,40,376424,76,62,Ready,Failed
5319,JOB010,ORDER_PROCESSING,Synchronization,16,Saturday,25,25,1,115,396541,86,40,Ready,Success
5320,JOB017,INVOICE_PROCESSING,Data Processing,8,Friday,18,16,9,72,319253,49,77,Delayed,Failed
5321,JOB019,SYSTEM_MONITORING,Data Processing,7,Saturday,11,14,8,112,92837,45,35,Ready,Failed
5322,JOB011,EMPLOYEE_DATA_SYNC,Synchronization,19,Wednesday,8,7,2,84,98942,91,72,Ready,Success
5323,JOB014,MASTER_DATA_SYNC,Synchronization,20,Tuesday,14,7,8,25,480124,73,37,Not Ready,Failed
5324,JOB006,FINANCE_REPORT,Data Processing,17,Sunday,13,7,5,86,412954,51,76,Ready,Failed
5325,JOB016,WAREHOUSE_UPDATE,Data Processing,12,Wednesday,0,29,9,50,209767,41,57,Ready,Success
5326,JOB013,LOG_CLEANUP,Backup,15,Friday,16,9,5,50,470598,27,51,Ready,Success
5327,JOB016,WAREHOUSE_UPDATE,Data Processing,8,Monday,0,19,6,96,56845,85,38,Ready,Failed
5328,JOB017,INVOICE_PROCESSING,Data Transfer,11,Sunday,22,12,9,111,77955,33,67,Delayed,Failed
5329,JOB014,MASTER_DATA_SYNC,Backup,11,Wednesday,28,29,7,20,439571,24,93,Ready,Success
5330,JOB015,DAILY_ANALYTICS,Data Transfer,5,Saturday,20,15,2,115,347458,32,45,Ready,Failed
5331,JOB010,ORDER_PROCESSING,Backup,18,Sunday,21,8,7,26,432526,43,64,Ready,Failed
5332,JOB007,CUSTOMER_REPORT,Backup,6,Saturday,12,15,5,10,103825,54,64,Ready,Success
5333,JOB010,ORDER_PROCESSING,Synchronization,2,Thursday,30,9,5,98,410641,87,34,Not Ready,Failed
5334,JOB006,FINANCE_REPORT,Backup,15,Thursday,29,2,2,60,441635,45,37,Ready,Success
5335,JOB014,MASTER_DATA_SYNC,Reporting,17,Thursday,7,22,5,49,357989,93,50,Not Ready,Failed
5336,JOB020,ARCHIVE_JOB,Backup,15,Sunday,29,21,7,62,412448,57,34,Ready,Success
5337,JOB017,INVOICE_PROCESSING,Backup,22,Monday,12,24,6,32,470068,53,34,Delayed,Failed
5338,JOB009,STOCK_UPDATE,Data Transfer,6,Friday,15,27,9,21,332871,53,84,Ready,Success
5339,JOB016,WAREHOUSE_UPDATE,Backup,3,Sunday,1,13,9,40,319726,38,65,Ready,Success
5340,JOB007,CUSTOMER_REPORT,Data Processing,7,Tuesday,12,12,6,16,446234,22,94,Ready,Failed
5341,JOB004,DATA_TRANSFER,Data Transfer,12,Saturday,17,3,2,54,145096,55,35,Not Ready,Success
5342,JOB011,EMPLOYEE_DATA_SYNC,Data Transfer,12,Saturday,2,3,9,63,485974,23,74,Delayed,Failed
5343,JOB002,MONTHLY_PAYROLL,Data Transfer,16,Sunday,12,5,2,108,319189,45,49,Ready,Success
5344,JOB008,SALES_REPORT,Data Transfer,16,Sunday,18,23,4,16,451764,94,60,Ready,Success
5345,JOB014,MASTER_DATA_SYNC,Data Processing,4,Friday,12,18,4,104,407815,22,86,Delayed,Failed
5346,JOB017,INVOICE_PROCESSING,Data Transfer,5,Monday,18,10,8,66,463086,68,36,Ready,Failed
5347,JOB012,DATABASE_BACKUP,Data Transfer,18,Sunday,3,7,8,44,217651,28,45,Ready,Failed
5348,JOB020,ARCHIVE_JOB,Data Processing,12,Thursday,18,13,9,97,352143,65,92,Ready,Failed
5349,JOB013,LOG_CLEANUP,Backup,13,Friday,17,7,4,6,247414,85,83,Not Ready,Success
5350,JOB001,DAILY_SALES,Reporting,21,Tuesday,24,29,4,97,207192,33,77,Ready,Success
5351,JOB002,MONTHLY_PAYROLL,Backup,3,Thursday,5,13,5,98,487996,22,94,Ready,Failed
5352,JOB010,ORDER_PROCESSING,Data Processing,6,Tuesday,18,22,7,104,156531,21,22,Ready,Success
5353,JOB006,FINANCE_REPORT,Backup,7,Wednesday,24,6,5,112,22755,52,47,Ready,Success
5354,JOB013,LOG_CLEANUP,Data Transfer,12,Tuesday,30,20,5,29,399668,29,23,Ready,Failed
5355,JOB017,INVOICE_PROCESSING,Data Processing,5,Thursday,3,17,8,89,415439,72,59,Ready,Failed
5356,JOB007,CUSTOMER_REPORT,Data Processing,5,Wednesday,3,11,0,90,74129,63,94,Ready,Success
5357,JOB007,CUSTOMER_REPORT,Reporting,23,Thursday,23,13,3,78,474382,57,76,Not Ready,Failed
5358,JOB008,SALES_REPORT,Reporting,20,Saturday,6,14,9,35,163433,40,84,Delayed,Failed
5359,JOB014,MASTER_DATA_SYNC,Backup,2,Thursday,30,17,9,51,99815,54,66,Ready,Success
5360,JOB002,MONTHLY_PAYROLL,Data Transfer,2,Wednesday,6,28,1,64,241623,86,53,Ready,Success
5361,JOB007,CUSTOMER_REPORT,Reporting,12,Tuesday,25,11,8,77,349188,41,64,Ready,Failed
5362,JOB017,INVOICE_PROCESSING,Backup,21,Saturday,22,9,2,109,78539,39,51,Ready,Success
5363,JOB001,DAILY_SALES,Backup,1,Monday,25,11,9,107,192781,87,63,Delayed,Failed
5364,JOB014,MASTER_DATA_SYNC,Synchronization,15,Monday,15,7,1,102,233454,27,30,Delayed,Failed
5365,JOB001,DAILY_SALES,Synchronization,21,Monday,26,26,7,107,103941,70,55,Delayed,Success
5366,JOB008,SALES_REPORT,Data Transfer,5,Monday,15,5,3,45,191678,45,32,Ready,Success
5367,JOB009,STOCK_UPDATE,Synchronization,7,Friday,4,23,1,54,390746,70,76,Not Ready,Failed
5368,JOB008,SALES_REPORT,Data Transfer,22,Monday,14,18,3,27,113603,84,44,Ready,Success
5369,JOB017,INVOICE_PROCESSING,Data Transfer,7,Wednesday,22,0,6,16,275359,45,89,Not Ready,Failed
5370,JOB013,LOG_CLEANUP,Data Processing,5,Sunday,3,12,6,75,435390,66,56,Delayed,Failed
5371,JOB008,SALES_REPORT,Backup,13,Monday,23,21,0,100,293003,62,23,Ready,Success
5372,JOB006,FINANCE_REPORT,Synchronization,2,Thursday,24,15,0,87,323729,28,45,Delayed,Failed
5373,JOB019,SYSTEM_MONITORING,Reporting,9,Sunday,12,17,2,26,437444,54,32,Ready,Success
5374,JOB012,DATABASE_BACKUP,Data Transfer,2,Monday,27,11,1,60,333799,38,91,Delayed,Failed
5375,JOB015,DAILY_ANALYTICS,Data Transfer,11,Sunday,18,24,2,20,119019,67,70,Ready,Success
5376,JOB009,STOCK_UPDATE,Backup,16,Tuesday,6,4,3,62,457403,47,66,Ready,Success
5377,JOB014,MASTER_DATA_SYNC,Backup,4,Wednesday,11,20,6,76,36076,22,52,Delayed,Success
5378,JOB003,INVENTORY_UPDATE,Synchronization,19,Wednesday,25,12,1,98,248597,37,61,Not Ready,Failed
5379,JOB012,DATABASE_BACKUP,Synchronization,8,Sunday,8,25,6,55,385842,32,50,Ready,Success
5380,JOB011,EMPLOYEE_DATA_SYNC,Data Transfer,20,Saturday,16,7,4,10,344681,46,59,Ready,Success
5381,JOB003,INVENTORY_UPDATE,Data Processing,19,Friday,1,5,7,6,71655,59,35,Ready,Success
5382,JOB008,SALES_REPORT,Reporting,6,Thursday,15,2,7,66,416336,58,75,Not Ready,Failed
5383,JOB001,DAILY_SALES,Reporting,21,Sunday,6,24,4,102,67101,77,93,Ready,Success
5384,JOB017,INVOICE_PROCESSING,Data Transfer,3,Wednesday,30,25,9,97,455251,76,55,Not Ready,Failed
5385,JOB018,VENDOR_DATA_SYNC,Backup,12,Tuesday,28,19,7,108,303551,43,75,Not Ready,Failed
5386,JOB010,ORDER_PROCESSING,Data Transfer,12,Monday,17,25,8,46,144162,41,67,Not Ready,Failed
5387,JOB012,DATABASE_BACKUP,Data Transfer,9,Wednesday,6,3,6,47,337672,70,77,Delayed,Success
5388,JOB017,INVOICE_PROCESSING,Reporting,17,Tuesday,0,11,5,56,51430,95,34,Ready,Success
5389,JOB010,ORDER_PROCESSING,Data Transfer,16,Monday,30,12,6,62,160278,95,91,Ready,Failed
5390,JOB014,MASTER_DATA_SYNC,Data Transfer,19,Friday,2,1,6,24,308845,57,34,Delayed,Failed
5391,JOB009,STOCK_UPDATE,Backup,19,Wednesday,30,18,2,60,286719,80,40,Not Ready,Failed
5392,JOB008,SALES_REPORT,Data Processing,12,Wednesday,20,3,5,71,464836,68,83,Delayed,Failed
5393,JOB019,SYSTEM_MONITORING,Reporting,16,Sunday,29,22,5,63,315800,42,26,Ready,Success
5394,JOB017,INVOICE_PROCESSING,Data Processing,21,Sunday,27,12,8,52,370631,23,71,Ready,Failed
5395,JOB015,DAILY_ANALYTICS,Backup,3,Tuesday,29,18,0,39,423516,95,38,Ready,Failed
5396,JOB006,FINANCE_REPORT,Synchronization,0,Saturday,10,7,6,12,277206,56,65,Ready,Success
5397,JOB007,CUSTOMER_REPORT,Data Transfer,0,Sunday,21,7,0,119,44485,25,57,Ready,Failed
5398,JOB018,VENDOR_DATA_SYNC,Data Processing,14,Thursday,14,15,9,80,219605,47,32,Ready,Success
5399,JOB016,WAREHOUSE_UPDATE,Data Transfer,12,Friday,28,25,3,118,273765,27,63,Ready,Success
5400,JOB011,EMPLOYEE_DATA_SYNC,Data Transfer,16,Thursday,24,10,6,113,456474,39,41,Delayed,Failed
5401,JOB009,STOCK_UPDATE,Reporting,23,Wednesday,24,17,5,111,23901,35,90,Ready,Failed
5402,JOB020,ARCHIVE_JOB,Data Processing,7,Thursday,2,3,5,36,241168,32,54,Ready,Success
5403,JOB010,ORDER_PROCESSING,Synchronization,17,Monday,29,23,4,97,433889,81,22,Ready,Failed
5404,JOB013,LOG_CLEANUP,Reporting,12,Friday,23,0,6,49,276778,85,35,Not Ready,Failed
5405,JOB007,CUSTOMER_REPORT,Data Transfer,22,Thursday,12,0,8,89,28736,72,64,Not Ready,Success
5406,JOB002,MONTHLY_PAYROLL,Data Processing,13,Monday,3,29,5,71,66912,47,35,Ready,Success
5407,JOB018,VENDOR_DATA_SYNC,Data Processing,7,Tuesday,22,13,9,106,172982,37,85,Ready,Failed
5408,JOB006,FINANCE_REPORT,Reporting,7,Thursday,21,3,6,31,182328,26,57,Ready,Success
5409,JOB002,MONTHLY_PAYROLL,Synchronization,14,Friday,7,10,8,7,96873,40,43,Ready,Success
5410,JOB015,DAILY_ANALYTICS,Reporting,12,Monday,21,17,6,61,450114,60,69,Ready,Failed
5411,JOB011,EMPLOYEE_DATA_SYNC,Synchronization,6,Thursday,3,15,5,69,339019,58,76,Delayed,Failed
5412,JOB003,INVENTORY_UPDATE,Reporting,4,Tuesday,17,16,2,114,59957,92,75,Ready,Failed
5413,JOB009,STOCK_UPDATE,Data Processing,16,Thursday,6,23,0,24,219666,29,85,Delayed,Success
5414,JOB013,LOG_CLEANUP,Data Transfer,15,Monday,10,1,9,75,301154,50,92,Delayed,Failed
5415,JOB011,EMPLOYEE_DATA_SYNC,Synchronization,22,Thursday,30,3,8,45,331527,61,81,Ready,Success
5416,JOB013,LOG_CLEANUP,Data Processing,1,Friday,28,2,6,5,12659,88,33,Ready,Failed
5417,JOB011,EMPLOYEE_DATA_SYNC,Synchronization,21,Wednesday,26,14,2,78,336894,78,85,Ready,Failed
5418,JOB010,ORDER_PROCESSING,Synchronization,17,Monday,3,1,9,113,118391,57,79,Delayed,Failed
5419,JOB005,BACKUP_JOB,Synchronization,16,Monday,12,23,8,80,302574,62,40,Delayed,Failed
5420,JOB004,DATA_TRANSFER,Reporting,6,Monday,8,18,2,8,315644,21,54,Ready,Success
5421,JOB007,CUSTOMER_REPORT,Synchronization,12,Monday,8,8,2,75,111265,25,49,Not Ready,Failed
5422,JOB007,CUSTOMER_REPORT,Data Transfer,17,Thursday,22,9,6,14,344134,48,58,Ready,Success
5423,JOB013,LOG_CLEANUP,Synchronization,13,Friday,20,20,1,90,403326,49,44,Ready,Success
5424,JOB014,MASTER_DATA_SYNC,Reporting,17,Tuesday,18,24,9,93,262501,59,63,Ready,Success
5425,JOB009,STOCK_UPDATE,Synchronization,12,Friday,2,18,6,33,207779,56,78,Ready,Success
5426,JOB010,ORDER_PROCESSING,Reporting,10,Monday,24,27,6,107,34144,26,25,Ready,Success
5427,JOB014,MASTER_DATA_SYNC,Data Processing,20,Saturday,24,4,0,19,344064,69,22,Ready,Success
5428,JOB002,MONTHLY_PAYROLL,Data Transfer,20,Thursday,11,13,9,23,433418,37,55,Ready,Failed
5429,JOB003,INVENTORY_UPDATE,Reporting,15,Saturday,28,9,1,107,288970,27,20,Ready,Success
5430,JOB009,STOCK_UPDATE,Backup,22,Thursday,10,15,4,62,436372,90,53,Ready,Success
5431,JOB020,ARCHIVE_JOB,Backup,16,Monday,19,5,3,114,158318,74,84,Ready,Success
5432,JOB010,ORDER_PROCESSING,Data Processing,7,Thursday,10,24,2,57,287148,67,45,Delayed,Success
5433,JOB004,DATA_TRANSFER,Synchronization,18,Monday,16,7,9,50,213255,93,37,Ready,Success
5434,JOB009,STOCK_UPDATE,Data Transfer,19,Friday,28,1,7,22,131868,77,55,Delayed,Failed
5435,JOB009,STOCK_UPDATE,Data Processing,14,Sunday,25,17,6,110,438316,35,25,Ready,Failed
5436,JOB009,STOCK_UPDATE,Synchronization,8,Wednesday,20,28,8,7,143616,44,94,Ready,Success
5437,JOB016,WAREHOUSE_UPDATE,Data Processing,19,Thursday,13,20,2,74,12102,48,63,Delayed,Success
5438,JOB003,INVENTORY_UPDATE,Synchronization,9,Monday,15,20,9,26,66491,27,59,Ready,Success
5439,JOB014,MASTER_DATA_SYNC,Synchronization,11,Saturday,23,20,0,59,286013,74,49,Ready,Success
5440,JOB020,ARCHIVE_JOB,Backup,20,Monday,9,19,8,68,423757,71,93,Ready,Success
5441,JOB013,LOG_CLEANUP,Data Processing,22,Saturday,30,7,8,45,231732,45,50,Delayed,Failed
5442,JOB017,INVOICE_PROCESSING,Synchronization,19,Thursday,30,26,0,114,281294,44,77,Not Ready,Failed
5443,JOB019,SYSTEM_MONITORING,Data Transfer,0,Tuesday,3,4,7,99,88425,92,74,Ready,Failed
5444,JOB007,CUSTOMER_REPORT,Data Transfer,19,Saturday,9,16,9,89,404772,45,55,Delayed,Success
5445,JOB007,CUSTOMER_REPORT,Data Processing,8,Monday,25,15,0,12,291696,95,49,Ready,Success
5446,JOB007,CUSTOMER_REPORT,Reporting,21,Thursday,19,25,5,69,497946,66,67,Ready,Success
5447,JOB016,WAREHOUSE_UPDATE,Backup,14,Monday,28,29,8,7,365289,20,36,Ready,Success
5448,JOB001,DAILY_SALES,Backup,0,Tuesday,11,4,2,33,53396,83,46,Delayed,Failed
5449,JOB018,VENDOR_DATA_SYNC,Data Transfer,11,Wednesday,29,16,5,74,476679,31,82,Ready,Failed
5450,JOB014,MASTER_DATA_SYNC,Backup,2,Sunday,8,3,2,101,405679,43,33,Ready,Failed
5451,JOB003,INVENTORY_UPDATE,Data Processing,10,Sunday,14,0,4,22,45623,49,45,Ready,Failed
5452,JOB011,EMPLOYEE_DATA_SYNC,Reporting,1,Tuesday,8,21,6,110,162632,33,62,Not Ready,Failed
5453,JOB002,MONTHLY_PAYROLL,Data Processing,15,Friday,6,5,9,117,146482,42,94,Ready,Failed
5454,JOB018,VENDOR_DATA_SYNC,Data Transfer,8,Thursday,25,0,3,62,482183,21,20,Ready,Failed
5455,JOB016,WAREHOUSE_UPDATE,Backup,14,Tuesday,23,27,3,5,452335,22,43,Ready,Success
5456,JOB019,SYSTEM_MONITORING,Data Processing,11,Wednesday,11,23,6,26,17351,25,39,Ready,Success
5457,JOB014,MASTER_DATA_SYNC,Reporting,0,Monday,27,29,4,99,35388,40,91,Ready,Failed
5458,JOB005,BACKUP_JOB,Synchronization,12,Thursday,19,3,0,27,234688,39,27,Ready,Success
5459,JOB002,MONTHLY_PAYROLL,Backup,13,Saturday,23,1,9,12,15968,40,49,Ready,Failed
5460,JOB017,INVOICE_PROCESSING,Backup,7,Tuesday,13,12,1,33,337403,59,37,Ready,Failed
5461,JOB019,SYSTEM_MONITORING,Synchronization,7,Wednesday,21,13,5,48,226728,87,32,Ready,Success
5462,JOB011,EMPLOYEE_DATA_SYNC,Backup,11,Tuesday,15,16,8,119,41596,44,67,Ready,Failed
5463,JOB009,STOCK_UPDATE,Data Processing,0,Friday,28,10,6,114,114670,90,79,Ready,Failed
5464,JOB016,WAREHOUSE_UPDATE,Data Transfer,10,Sunday,18,2,3,66,477024,90,45,Ready,Success
5465,JOB019,SYSTEM_MONITORING,Backup,7,Sunday,22,6,1,23,191329,52,28,Ready,Failed
5466,JOB011,EMPLOYEE_DATA_SYNC,Data Transfer,9,Thursday,2,9,3,63,95168,70,72,Ready,Failed
5467,JOB014,MASTER_DATA_SYNC,Data Transfer,18,Monday,10,10,4,117,50544,91,90,Ready,Failed
5468,JOB011,EMPLOYEE_DATA_SYNC,Data Processing,10,Wednesday,22,9,1,84,436797,39,28,Ready,Success
5469,JOB015,DAILY_ANALYTICS,Synchronization,6,Tuesday,20,7,0,23,37225,38,45,Delayed,Success
5470,JOB010,ORDER_PROCESSING,Backup,10,Thursday,19,4,3,105,489594,90,52,Ready,Failed
5471,JOB010,ORDER_PROCESSING,Reporting,16,Tuesday,18,22,5,26,396579,75,52,Ready,Success
5472,JOB003,INVENTORY_UPDATE,Backup,0,Thursday,7,1,0,87,228781,75,71,Ready,Failed
5473,JOB007,CUSTOMER_REPORT,Data Processing,20,Sunday,19,27,0,72,352418,20,59,Ready,Success
5474,JOB001,DAILY_SALES,Data Processing,20,Friday,7,27,8,9,125228,58,23,Not Ready,Failed
5475,JOB013,LOG_CLEANUP,Synchronization,7,Tuesday,25,14,4,9,290580,56,47,Not Ready,Failed
5476,JOB019,SYSTEM_MONITORING,Data Transfer,22,Friday,2,15,1,29,296229,37,73,Ready,Success
5477,JOB003,INVENTORY_UPDATE,Reporting,23,Saturday,9,3,1,28,154993,91,87,Ready,Failed
5478,JOB015,DAILY_ANALYTICS,Backup,5,Saturday,12,21,3,5,472418,25,68,Ready,Failed
5479,JOB017,INVOICE_PROCESSING,Reporting,21,Sunday,8,27,1,118,272040,41,25,Ready,Failed
5480,JOB001,DAILY_SALES,Data Transfer,17,Wednesday,5,27,3,32,14785,30,52,Not Ready,Success
5481,JOB013,LOG_CLEANUP,Data Transfer,5,Friday,14,15,5,51,119459,91,24,Ready,Success
5482,JOB008,SALES_REPORT,Reporting,4,Thursday,15,11,6,89,321529,28,37,Ready,Success
5483,JOB006,FINANCE_REPORT,Data Processing,12,Wednesday,4,27,5,64,487202,32,22,Ready,Success
5484,JOB012,DATABASE_BACKUP,Data Transfer,18,Tuesday,20,13,3,23,349308,22,21,Ready,Success
5485,JOB008,SALES_REPORT,Backup,21,Tuesday,12,11,9,91,316949,86,84,Ready,Failed
5486,JOB020,ARCHIVE_JOB,Reporting,7,Thursday,18,27,2,18,433869,26,54,Ready,Failed
5487,JOB013,LOG_CLEANUP,Data Transfer,8,Monday,1,20,3,74,175541,86,70,Ready,Success
5488,JOB013,LOG_CLEANUP,Data Processing,16,Monday,5,15,4,100,393816,94,87,Not Ready,Failed
5489,JOB013,LOG_CLEANUP,Reporting,2,Tuesday,26,15,3,118,426119,65,54,Ready,Failed
5490,JOB008,SALES_REPORT,Data Processing,18,Sunday,0,21,2,100,332686,77,91,Not Ready,Failed
5491,JOB018,VENDOR_DATA_SYNC,Backup,10,Sunday,14,11,0,12,471754,47,63,Delayed,Failed
5492,JOB020,ARCHIVE_JOB,Synchronization,23,Thursday,14,1,2,41,94136,50,48,Delayed,Success
5493,JOB001,DAILY_SALES,Reporting,16,Monday,13,22,4,90,374430,71,55,Delayed,Failed
5494,JOB008,SALES_REPORT,Backup,20,Friday,6,23,5,76,179742,28,61,Not Ready,Failed
5495,JOB016,WAREHOUSE_UPDATE,Data Processing,18,Tuesday,30,28,3,106,376049,95,26,Ready,Failed
5496,JOB012,DATABASE_BACKUP,Data Processing,1,Saturday,4,13,0,14,218634,27,32,Ready,Failed
5497,JOB002,MONTHLY_PAYROLL,Data Processing,7,Friday,19,10,9,71,314423,37,41,Ready,Failed
5498,JOB016,WAREHOUSE_UPDATE,Reporting,18,Thursday,24,8,6,17,382445,68,76,Ready,Failed
5499,JOB018,VENDOR_DATA_SYNC,Backup,6,Saturday,25,21,8,43,14950,30,64,Not Ready,Failed
5500,JOB011,EMPLOYEE_DATA_SYNC,Data Processing,16,Friday,15,6,5,68,161835,21,73,Ready,Success
5501,JOB011,EMPLOYEE_DATA_SYNC,Data Processing,5,Monday,16,28,5,34,315045,48,21,Ready,Success
5502,JOB005,BACKUP_JOB,Synchronization,18,Sunday,10,11,8,8,58587,74,91,Not Ready,Success
5503,JOB011,EMPLOYEE_DATA_SYNC,Backup,23,Monday,14,28,3,49,156656,72,76,Ready,Success
5504,JOB017,INVOICE_PROCESSING,Backup,5,Saturday,19,16,4,10,49284,45,94,Ready,Failed
5505,JOB012,DATABASE_BACKUP,Synchronization,1,Wednesday,15,8,4,20,283182,70,53,Ready,Failed
5506,JOB012,DATABASE_BACKUP,Data Processing,5,Sunday,2,5,4,26,310711,25,63,Ready,Success
5507,JOB008,SALES_REPORT,Data Transfer,22,Tuesday,5,11,7,95,323181,31,88,Ready,Failed
5508,JOB010,ORDER_PROCESSING,Data Processing,4,Saturday,20,19,0,25,436499,53,72,Ready,Success
5509,JOB006,FINANCE_REPORT,Data Transfer,18,Thursday,22,9,9,97,432423,89,81,Ready,Failed
5510,JOB001,DAILY_SALES,Data Processing,19,Tuesday,12,8,9,69,175328,83,52,Not Ready,Failed
5511,JOB011,EMPLOYEE_DATA_SYNC,Backup,3,Friday,0,11,2,34,181220,56,95,Delayed,Success
5512,JOB009,STOCK_UPDATE,Backup,21,Sunday,28,0,7,28,52522,56,88,Ready,Success
5513,JOB003,INVENTORY_UPDATE,Data Transfer,16,Thursday,20,1,8,68,36371,27,20,Delayed,Failed
5514,JOB014,MASTER_DATA_SYNC,Reporting,10,Thursday,13,18,1,17,137819,56,54,Ready,Success
5515,JOB013,LOG_CLEANUP,Reporting,3,Monday,1,0,3,98,102837,65,44,Ready,Failed
5516,JOB020,ARCHIVE_JOB,Data Processing,12,Friday,1,15,7,30,156021,50,23,Delayed,Failed
5517,JOB003,INVENTORY_UPDATE,Synchronization,19,Monday,26,15,4,102,182475,30,92,Delayed,Success
5518,JOB020,ARCHIVE_JOB,Data Processing,16,Monday,14,17,0,24,3966,55,86,Not Ready,Failed
5519,JOB017,INVOICE_PROCESSING,Data Transfer,8,Sunday,26,17,5,65,357920,87,29,Ready,Failed
5520,JOB019,SYSTEM_MONITORING,Data Transfer,3,Wednesday,17,22,8,119,259291,36,39,Ready,Failed
5521,JOB015,DAILY_ANALYTICS,Backup,22,Monday,8,25,8,10,438304,35,59,Ready,Success
5522,JOB005,BACKUP_JOB,Data Processing,13,Tuesday,25,12,0,47,256118,49,86,Ready,Success
5523,JOB009,STOCK_UPDATE,Synchronization,18,Thursday,2,21,3,53,97447,58,94,Ready,Failed
5524,JOB017,INVOICE_PROCESSING,Data Processing,2,Sunday,3,11,0,13,241134,63,34,Ready,Success
5525,JOB014,MASTER_DATA_SYNC,Data Processing,13,Monday,14,8,6,105,336251,88,47,Ready,Success
5526,JOB005,BACKUP_JOB,Data Processing,7,Saturday,4,29,2,41,20391,56,54,Not Ready,Failed
5527,JOB011,EMPLOYEE_DATA_SYNC,Reporting,23,Tuesday,29,4,1,20,320109,45,26,Ready,Success
5528,JOB007,CUSTOMER_REPORT,Synchronization,0,Friday,19,8,7,8,172046,40,73,Ready,Success
5529,JOB012,DATABASE_BACKUP,Data Processing,9,Thursday,19,29,8,36,369832,38,61,Not Ready,Failed
5530,JOB004,DATA_TRANSFER,Reporting,17,Sunday,4,12,6,88,490954,30,57,Delayed,Failed
5531,JOB016,WAREHOUSE_UPDATE,Data Processing,15,Saturday,9,15,5,97,103424,38,83,Not Ready,Failed
5532,JOB002,MONTHLY_PAYROLL,Synchronization,7,Sunday,15,27,9,99,283725,88,76,Ready,Failed
5533,JOB016,WAREHOUSE_UPDATE,Backup,0,Sunday,30,9,5,113,177344,21,48,Ready,Success
5534,JOB002,MONTHLY_PAYROLL,Reporting,11,Saturday,24,29,8,21,366285,44,85,Delayed,Failed
5535,JOB011,EMPLOYEE_DATA_SYNC,Data Transfer,7,Friday,11,15,4,45,267169,49,92,Ready,Failed
5536,JOB019,SYSTEM_MONITORING,Data Transfer,23,Saturday,24,13,4,93,390386,36,25,Ready,Failed
5537,JOB019,SYSTEM_MONITORING,Reporting,15,Tuesday,29,24,1,49,300169,37,21,Ready,Success
5538,JOB013,LOG_CLEANUP,Data Transfer,17,Sunday,13,1,5,20,179462,95,58,Ready,Success
5539,JOB007,CUSTOMER_REPORT,Data Transfer,3,Friday,21,27,5,24,370525,59,25,Ready,Success
5540,JOB013,LOG_CLEANUP,Data Transfer,5,Sunday,10,24,5,46,332633,25,33,Delayed,Success
5541,JOB020,ARCHIVE_JOB,Synchronization,11,Saturday,27,18,3,14,281822,62,37,Delayed,Success
5542,JOB016,WAREHOUSE_UPDATE,Data Transfer,8,Friday,29,10,6,56,400533,89,89,Ready,Failed
5543,JOB017,INVOICE_PROCESSING,Backup,14,Friday,18,18,8,64,168307,36,95,Ready,Success
5544,JOB011,EMPLOYEE_DATA_SYNC,Synchronization,15,Monday,5,27,0,52,215024,61,41,Delayed,Success
5545,JOB014,MASTER_DATA_SYNC,Reporting,23,Monday,9,10,2,27,325492,38,32,Ready,Success
5546,JOB002,MONTHLY_PAYROLL,Data Processing,11,Monday,19,13,9,120,199079,74,92,Ready,Success
5547,JOB015,DAILY_ANALYTICS,Reporting,23,Saturday,2,14,8,37,71649,48,29,Ready,Failed
5548,JOB013,LOG_CLEANUP,Synchronization,22,Thursday,21,24,4,111,425723,73,46,Ready,Success
5549,JOB013,LOG_CLEANUP,Data Transfer,13,Tuesday,14,6,5,81,252450,90,33,Ready,Failed
5550,JOB005,BACKUP_JOB,Data Processing,12,Saturday,10,14,7,29,122493,27,28,Ready,Success
5551,JOB017,INVOICE_PROCESSING,Data Processing,1,Sunday,21,29,8,54,63784,27,28,Ready,Success
5552,JOB004,DATA_TRANSFER,Data Processing,2,Monday,1,26,7,105,316367,88,76,Not Ready,Failed
5553,JOB006,FINANCE_REPORT,Synchronization,23,Friday,24,23,2,104,270883,62,54,Not Ready,Failed
5554,JOB006,FINANCE_REPORT,Reporting,21,Saturday,23,22,9,92,198756,69,45,Not Ready,Failed
5555,JOB003,INVENTORY_UPDATE,Backup,9,Friday,5,24,0,74,287760,23,60,Ready,Success
5556,JOB020,ARCHIVE_JOB,Data Processing,8,Sunday,16,7,4,83,351544,55,86,Ready,Success
5557,JOB001,DAILY_SALES,Reporting,19,Friday,27,29,6,59,348820,24,49,Delayed,Failed
5558,JOB016,WAREHOUSE_UPDATE,Reporting,7,Friday,17,3,1,102,66283,38,48,Ready,Success
5559,JOB017,INVOICE_PROCESSING,Backup,9,Wednesday,30,17,0,72,359725,61,87,Delayed,Success
5560,JOB020,ARCHIVE_JOB,Backup,18,Thursday,3,13,3,82,373396,34,33,Ready,Success
5561,JOB006,FINANCE_REPORT,Synchronization,2,Tuesday,22,28,2,8,278689,77,71,Ready,Failed
5562,JOB012,DATABASE_BACKUP,Backup,23,Tuesday,8,26,3,32,303320,33,58,Ready,Failed
5563,JOB012,DATABASE_BACKUP,Backup,4,Monday,9,20,0,33,274746,67,40,Ready,Success
5564,JOB019,SYSTEM_MONITORING,Data Processing,2,Wednesday,20,17,1,86,319557,91,90,Not Ready,Failed
5565,JOB016,WAREHOUSE_UPDATE,Reporting,15,Saturday,25,3,0,88,470910,92,25,Ready,Failed
5566,JOB017,INVOICE_PROCESSING,Backup,16,Saturday,1,29,2,52,194598,94,74,Ready,Failed
5567,JOB017,INVOICE_PROCESSING,Data Transfer,14,Tuesday,30,27,3,109,473055,82,59,Delayed,Failed
5568,JOB018,VENDOR_DATA_SYNC,Synchronization,2,Thursday,28,1,0,100,245444,74,89,Ready,Failed
5569,JOB015,DAILY_ANALYTICS,Backup,11,Friday,10,20,5,76,286191,51,44,Ready,Failed
5570,JOB006,FINANCE_REPORT,Backup,8,Sunday,10,5,1,111,430780,55,23,Delayed,Failed
5571,JOB009,STOCK_UPDATE,Backup,20,Monday,10,10,9,114,127160,94,53,Not Ready,Failed
5572,JOB011,EMPLOYEE_DATA_SYNC,Backup,11,Thursday,0,0,4,117,262328,76,41,Ready,Failed
5573,JOB008,SALES_REPORT,Synchronization,14,Tuesday,25,14,7,17,69983,63,75,Ready,Failed
5574,JOB005,BACKUP_JOB,Data Processing,1,Wednesday,13,11,3,108,140348,53,65,Ready,Success
5575,JOB015,DAILY_ANALYTICS,Data Processing,22,Monday,28,23,4,114,488630,70,75,Delayed,Failed
5576,JOB010,ORDER_PROCESSING,Synchronization,17,Tuesday,29,17,8,47,209218,88,94,Ready,Failed
5577,JOB003,INVENTORY_UPDATE,Backup,19,Saturday,0,29,1,13,385664,29,46,Delayed,Success
5578,JOB007,CUSTOMER_REPORT,Reporting,11,Monday,20,4,1,44,128136,31,54,Ready,Success
5579,JOB006,FINANCE_REPORT,Backup,22,Tuesday,29,10,5,50,275881,60,35,Delayed,Failed
5580,JOB005,BACKUP_JOB,Reporting,3,Saturday,22,23,5,115,371803,22,39,Ready,Success
5581,JOB008,SALES_REPORT,Data Transfer,22,Sunday,24,20,2,62,267601,84,34,Ready,Success
5582,JOB005,BACKUP_JOB,Data Processing,15,Saturday,8,18,8,101,186594,59,91,Ready,Success
5583,JOB016,WAREHOUSE_UPDATE,Data Processing,22,Friday,23,21,0,60,143223,84,43,Delayed,Failed
5584,JOB012,DATABASE_BACKUP,Reporting,15,Wednesday,0,0,2,16,470174,90,81,Ready,Success
5585,JOB007,CUSTOMER_REPORT,Data Transfer,0,Friday,20,16,7,105,142987,49,63,Delayed,Failed
5586,JOB004,DATA_TRANSFER,Data Processing,21,Tuesday,21,7,7,29,200247,91,33,Ready,Failed
5587,JOB006,FINANCE_REPORT,Data Transfer,1,Sunday,21,22,3,114,157678,86,92,Ready,Success
5588,JOB012,DATABASE_BACKUP,Data Processing,2,Thursday,3,15,7,93,131646,62,70,Delayed,Success
5589,JOB013,LOG_CLEANUP,Reporting,20,Sunday,0,25,9,20,369135,72,41,Ready,Failed
5590,JOB018,VENDOR_DATA_SYNC,Data Processing,19,Sunday,18,25,7,55,276842,49,51,Not Ready,Success
5591,JOB018,VENDOR_DATA_SYNC,Data Processing,16,Sunday,9,10,0,84,182154,60,44,Delayed,Success
5592,JOB010,ORDER_PROCESSING,Reporting,19,Friday,30,26,2,107,407897,63,68,Ready,Failed
5593,JOB007,CUSTOMER_REPORT,Synchronization,21,Thursday,14,18,0,103,326155,56,42,Delayed,Success
5594,JOB007,CUSTOMER_REPORT,Synchronization,20,Saturday,19,23,1,91,145122,25,56,Delayed,Success
5595,JOB003,INVENTORY_UPDATE,Data Processing,0,Tuesday,3,10,3,76,355915,56,22,Ready,Success
5596,JOB019,SYSTEM_MONITORING,Synchronization,19,Wednesday,28,14,2,57,441398,20,79,Ready,Success
5597,JOB013,LOG_CLEANUP,Backup,5,Thursday,19,7,5,114,248581,29,78,Ready,Success
5598,JOB018,VENDOR_DATA_SYNC,Synchronization,14,Tuesday,13,29,4,56,465654,45,42,Ready,Success
5599,JOB016,WAREHOUSE_UPDATE,Data Transfer,13,Thursday,4,13,4,71,374980,36,52,Delayed,Success
5600,JOB010,ORDER_PROCESSING,Backup,19,Friday,28,0,9,28,350891,83,73,Ready,Failed
5601,JOB015,DAILY_ANALYTICS,Synchronization,14,Tuesday,14,9,6,111,152265,46,58,Ready,Success
5602,JOB011,EMPLOYEE_DATA_SYNC,Backup,13,Friday,14,6,6,90,358974,94,44,Ready,Failed
5603,JOB009,STOCK_UPDATE,Backup,20,Monday,26,17,8,18,469537,87,82,Not Ready,Failed
5604,JOB006,FINANCE_REPORT,Synchronization,23,Tuesday,24,11,7,26,342986,37,78,Ready,Failed
5605,JOB008,SALES_REPORT,Data Transfer,4,Thursday,15,1,2,102,252291,69,50,Not Ready,Failed
5606,JOB012,DATABASE_BACKUP,Data Transfer,5,Monday,15,17,1,104,360902,84,68,Delayed,Failed
5607,JOB018,VENDOR_DATA_SYNC,Backup,16,Friday,3,28,0,35,409233,39,79,Ready,Success
5608,JOB009,STOCK_UPDATE,Synchronization,10,Friday,24,20,9,89,206920,81,83,Ready,Failed
5609,JOB011,EMPLOYEE_DATA_SYNC,Data Transfer,15,Thursday,8,6,5,62,420473,94,57,Ready,Failed
5610,JOB018,VENDOR_DATA_SYNC,Synchronization,11,Monday,0,19,3,73,396140,78,90,Ready,Success
5611,JOB010,ORDER_PROCESSING,Synchronization,14,Sunday,4,26,2,23,396656,44,27,Not Ready,Success
5612,JOB001,DAILY_SALES,Data Processing,22,Saturday,8,11,1,110,193979,84,32,Ready,Failed
5613,JOB003,INVENTORY_UPDATE,Data Processing,3,Wednesday,19,19,1,57,483149,84,45,Ready,Success
5614,JOB012,DATABASE_BACKUP,Data Processing,17,Thursday,4,24,3,89,299354,86,29,Ready,Success
5615,JOB007,CUSTOMER_REPORT,Synchronization,20,Friday,3,13,0,6,65904,77,75,Delayed,Success
5616,JOB015,DAILY_ANALYTICS,Reporting,2,Tuesday,28,9,5,57,293881,59,23,Ready,Success
5617,JOB014,MASTER_DATA_SYNC,Synchronization,21,Monday,15,8,9,71,84127,66,50,Ready,Success
5618,JOB013,LOG_CLEANUP,Data Transfer,7,Saturday,1,22,4,51,321654,62,36,Delayed,Success
5619,JOB017,INVOICE_PROCESSING,Data Transfer,22,Wednesday,25,29,9,119,334262,27,27,Ready,Failed
5620,JOB020,ARCHIVE_JOB,Data Transfer,2,Tuesday,15,14,8,57,328162,81,71,Delayed,Failed
5621,JOB016,WAREHOUSE_UPDATE,Reporting,7,Monday,17,25,1,61,107557,53,56,Ready,Success
5622,JOB005,BACKUP_JOB,Backup,17,Saturday,1,19,8,98,140426,27,39,Ready,Failed
5623,JOB009,STOCK_UPDATE,Synchronization,9,Thursday,15,23,8,102,71183,44,66,Delayed,Failed
5624,JOB015,DAILY_ANALYTICS,Data Processing,19,Saturday,28,9,9,29,474266,45,93,Ready,Failed
5625,JOB009,STOCK_UPDATE,Data Transfer,16,Thursday,0,18,8,39,385234,73,70,Ready,Success
5626,JOB012,DATABASE_BACKUP,Data Transfer,7,Sunday,15,18,9,33,312163,60,77,Ready,Success
5627,JOB006,FINANCE_REPORT,Backup,22,Monday,2,11,9,80,305187,91,63,Ready,Failed
5628,JOB017,INVOICE_PROCESSING,Backup,10,Saturday,14,22,3,91,276683,82,30,Ready,Success
5629,JOB004,DATA_TRANSFER,Backup,4,Wednesday,29,28,4,96,378070,91,31,Ready,Failed
5630,JOB010,ORDER_PROCESSING,Synchronization,12,Saturday,10,26,7,114,175647,94,29,Ready,Success
5631,JOB016,WAREHOUSE_UPDATE,Data Transfer,20,Monday,9,11,7,21,405201,26,73,Ready,Failed
5632,JOB016,WAREHOUSE_UPDATE,Reporting,22,Tuesday,16,8,0,84,277563,88,53,Ready,Success
5633,JOB014,MASTER_DATA_SYNC,Reporting,4,Tuesday,3,28,9,53,496306,69,49,Delayed,Failed
5634,JOB019,SYSTEM_MONITORING,Backup,23,Saturday,16,26,0,60,93152,62,34,Ready,Success
5635,JOB001,DAILY_SALES,Reporting,12,Saturday,3,19,9,77,339984,36,27,Ready,Success
5636,JOB007,CUSTOMER_REPORT,Synchronization,5,Thursday,18,3,5,7,239005,40,59,Ready,Success
5637,JOB011,EMPLOYEE_DATA_SYNC,Reporting,4,Monday,24,0,6,26,353784,25,41,Ready,Success
5638,JOB016,WAREHOUSE_UPDATE,Backup,8,Thursday,0,15,1,99,107600,90,24,Ready,Success
5639,JOB001,DAILY_SALES,Reporting,15,Wednesday,13,0,1,18,310784,94,39,Ready,Success
5640,JOB015,DAILY_ANALYTICS,Data Transfer,1,Sunday,23,12,4,7,177509,57,68,Ready,Success
5641,JOB018,VENDOR_DATA_SYNC,Synchronization,0,Tuesday,10,29,8,42,172100,82,71,Ready,Failed
5642,JOB002,MONTHLY_PAYROLL,Synchronization,7,Friday,24,2,4,91,157886,31,85,Delayed,Failed
5643,JOB015,DAILY_ANALYTICS,Synchronization,18,Friday,27,11,7,25,29552,41,38,Ready,Success
5644,JOB019,SYSTEM_MONITORING,Data Transfer,10,Monday,6,28,7,55,98975,22,33,Ready,Failed
5645,JOB012,DATABASE_BACKUP,Data Transfer,11,Monday,16,22,4,28,76992,38,26,Ready,Success
5646,JOB012,DATABASE_BACKUP,Data Transfer,11,Friday,3,28,7,100,122320,62,76,Delayed,Failed
5647,JOB010,ORDER_PROCESSING,Data Processing,6,Monday,9,8,7,49,353406,86,29,Delayed,Failed
5648,JOB015,DAILY_ANALYTICS,Synchronization,12,Tuesday,16,3,4,73,440669,24,41,Ready,Failed
5649,JOB005,BACKUP_JOB,Backup,7,Wednesday,3,1,4,101,494313,48,24,Ready,Failed
5650,JOB005,BACKUP_JOB,Reporting,21,Wednesday,30,21,3,48,40724,24,95,Ready,Success
5651,JOB006,FINANCE_REPORT,Data Processing,8,Thursday,18,21,0,51,484958,64,43,Ready,Success
5652,JOB001,DAILY_SALES,Reporting,6,Tuesday,17,8,8,61,49576,73,34,Delayed,Failed
5653,JOB006,FINANCE_REPORT,Reporting,20,Sunday,16,19,1,23,423533,43,45,Ready,Failed
5654,JOB016,WAREHOUSE_UPDATE,Data Transfer,23,Monday,5,23,0,38,11159,40,74,Ready,Success
5655,JOB001,DAILY_SALES,Data Processing,14,Monday,27,12,5,7,91027,51,37,Ready,Success
5656,JOB009,STOCK_UPDATE,Backup,1,Sunday,6,13,4,43,459958,24,62,Ready,Success
5657,JOB020,ARCHIVE_JOB,Reporting,22,Thursday,5,28,0,96,429806,81,25,Ready,Failed
5658,JOB002,MONTHLY_PAYROLL,Reporting,19,Thursday,24,2,6,79,157481,37,64,Delayed,Failed
5659,JOB020,ARCHIVE_JOB,Data Processing,11,Monday,11,17,6,64,486963,54,44,Ready,Success
5660,JOB019,SYSTEM_MONITORING,Backup,0,Monday,8,8,2,14,384539,24,35,Not Ready,Failed
5661,JOB002,MONTHLY_PAYROLL,Backup,22,Sunday,17,14,7,44,21705,28,74,Not Ready,Failed
5662,JOB002,MONTHLY_PAYROLL,Backup,21,Tuesday,30,21,5,6,246341,23,75,Delayed,Failed
5663,JOB001,DAILY_SALES,Reporting,7,Sunday,30,26,3,114,255755,52,48,Ready,Success
5664,JOB010,ORDER_PROCESSING,Data Transfer,4,Thursday,1,23,9,49,473866,41,83,Ready,Success
5665,JOB015,DAILY_ANALYTICS,Data Processing,14,Sunday,24,26,9,107,60201,78,20,Ready,Success
5666,JOB018,VENDOR_DATA_SYNC,Backup,0,Sunday,16,9,9,31,188057,30,64,Ready,Success
5667,JOB007,CUSTOMER_REPORT,Data Transfer,0,Sunday,20,24,2,57,328042,88,45,Not Ready,Failed
5668,JOB005,BACKUP_JOB,Backup,9,Tuesday,0,16,0,13,351313,29,69,Ready,Failed
5669,JOB020,ARCHIVE_JOB,Reporting,21,Saturday,22,12,1,107,479283,22,46,Ready,Success
5670,JOB007,CUSTOMER_REPORT,Backup,9,Monday,8,0,1,5,431595,34,54,Ready,Success
5671,JOB012,DATABASE_BACKUP,Reporting,20,Friday,5,10,4,37,248606,56,48,Ready,Success
5672,JOB012,DATABASE_BACKUP,Data Processing,14,Sunday,29,4,3,42,360347,59,26,Ready,Failed
5673,JOB014,MASTER_DATA_SYNC,Reporting,16,Friday,1,8,1,61,210082,36,81,Ready,Failed
5674,JOB009,STOCK_UPDATE,Backup,21,Saturday,5,6,8,37,304046,39,90,Delayed,Success
5675,JOB014,MASTER_DATA_SYNC,Synchronization,5,Monday,8,6,6,52,441851,23,53,Delayed,Failed
5676,JOB008,SALES_REPORT,Data Transfer,2,Thursday,2,1,7,7,122106,53,67,Ready,Success
5677,JOB016,WAREHOUSE_UPDATE,Reporting,12,Friday,15,18,7,36,135791,53,24,Ready,Success
5678,JOB002,MONTHLY_PAYROLL,Reporting,15,Thursday,24,19,1,81,111530,86,27,Ready,Success
5679,JOB017,INVOICE_PROCESSING,Synchronization,7,Friday,23,17,4,25,388610,47,91,Ready,Success
5680,JOB003,INVENTORY_UPDATE,Backup,14,Thursday,14,9,2,72,220086,55,62,Ready,Success
5681,JOB009,STOCK_UPDATE,Data Transfer,16,Sunday,28,24,9,21,308847,54,71,Ready,Failed
5682,JOB006,FINANCE_REPORT,Data Transfer,16,Friday,11,4,8,46,19449,60,93,Ready,Success
5683,JOB003,INVENTORY_UPDATE,Data Transfer,21,Thursday,22,15,8,72,87300,78,20,Not Ready,Failed
5684,JOB003,INVENTORY_UPDATE,Data Transfer,12,Saturday,7,28,5,88,49429,93,57,Ready,Failed
5685,JOB014,MASTER_DATA_SYNC,Data Processing,16,Tuesday,25,22,3,16,131546,36,26,Delayed,Failed
5686,JOB001,DAILY_SALES,Reporting,5,Thursday,5,26,7,94,176011,49,75,Not Ready,Failed
5687,JOB010,ORDER_PROCESSING,Data Processing,16,Tuesday,2,24,4,49,127850,73,65,Ready,Success
5688,JOB017,INVOICE_PROCESSING,Data Processing,15,Tuesday,22,4,2,40,14301,71,43,Ready,Failed
5689,JOB007,CUSTOMER_REPORT,Backup,13,Monday,3,14,7,84,356208,91,54,Ready,Success
5690,JOB008,SALES_REPORT,Reporting,12,Sunday,26,21,5,55,185969,42,92,Ready,Success
5691,JOB002,MONTHLY_PAYROLL,Backup,5,Saturday,9,15,4,11,375503,38,61,Delayed,Failed
5692,JOB010,ORDER_PROCESSING,Data Processing,2,Tuesday,13,3,0,37,327483,56,86,Ready,Success
5693,JOB017,INVOICE_PROCESSING,Backup,13,Wednesday,20,13,2,52,50089,78,63,Ready,Success
5694,JOB010,ORDER_PROCESSING,Data Processing,13,Sunday,23,23,6,70,287713,55,23,Delayed,Success
5695,JOB001,DAILY_SALES,Synchronization,14,Tuesday,14,16,2,37,138472,87,43,Delayed,Failed
5696,JOB015,DAILY_ANALYTICS,Data Processing,7,Thursday,6,16,0,82,108738,45,90,Ready,Success
5697,JOB013,LOG_CLEANUP,Reporting,14,Tuesday,6,20,7,88,339563,46,38,Ready,Failed
5698,JOB012,DATABASE_BACKUP,Backup,21,Thursday,7,15,6,105,27543,81,69,Ready,Success
5699,JOB011,EMPLOYEE_DATA_SYNC,Data Transfer,12,Thursday,9,25,4,31,281932,81,37,Delayed,Failed
5700,JOB010,ORDER_PROCESSING,Data Transfer,16,Wednesday,18,8,9,51,115943,71,47,Delayed,Success
5701,JOB012,DATABASE_BACKUP,Reporting,20,Tuesday,18,1,4,110,93767,63,48,Ready,Failed
5702,JOB014,MASTER_DATA_SYNC,Backup,23,Tuesday,1,10,5,89,358649,52,92,Delayed,Failed
5703,JOB008,SALES_REPORT,Data Transfer,2,Friday,14,14,6,70,498997,82,64,Ready,Failed
5704,JOB007,CUSTOMER_REPORT,Backup,5,Sunday,0,2,2,47,420628,91,26,Ready,Failed
5705,JOB015,DAILY_ANALYTICS,Data Transfer,4,Friday,9,23,3,84,434519,88,64,Ready,Success
5706,JOB008,SALES_REPORT,Reporting,21,Monday,5,15,0,23,334820,53,45,Ready,Failed
5707,JOB005,BACKUP_JOB,Data Transfer,16,Thursday,21,20,6,72,416758,46,89,Not Ready,Failed
5708,JOB013,LOG_CLEANUP,Data Transfer,22,Wednesday,12,18,9,14,230554,55,68,Ready,Failed
5709,JOB007,CUSTOMER_REPORT,Data Transfer,1,Friday,9,21,1,26,57764,23,37,Delayed,Success
5710,JOB019,SYSTEM_MONITORING,Reporting,14,Tuesday,11,5,6,80,451307,72,59,Delayed,Failed
5711,JOB016,WAREHOUSE_UPDATE,Data Processing,4,Monday,23,13,5,70,121210,90,37,Not Ready,Failed
5712,JOB007,CUSTOMER_REPORT,Backup,19,Wednesday,29,4,3,6,54335,56,66,Ready,Success
5713,JOB017,INVOICE_PROCESSING,Synchronization,5,Saturday,5,4,1,109,367685,69,20,Not Ready,Failed
5714,JOB006,FINANCE_REPORT,Synchronization,5,Tuesday,5,5,6,112,481076,89,52,Ready,Success
5715,JOB015,DAILY_ANALYTICS,Data Transfer,17,Tuesday,0,17,6,102,143730,45,58,Ready,Success
5716,JOB003,INVENTORY_UPDATE,Backup,17,Saturday,11,21,4,22,361475,44,42,Delayed,Success
5717,JOB002,MONTHLY_PAYROLL,Data Transfer,3,Thursday,22,17,8,84,441305,52,33,Ready,Failed
5718,JOB012,DATABASE_BACKUP,Backup,16,Thursday,22,18,2,23,93856,86,63,Ready,Failed
5719,JOB014,MASTER_DATA_SYNC,Synchronization,13,Friday,9,1,8,115,146482,92,56,Delayed,Failed
5720,JOB019,SYSTEM_MONITORING,Data Transfer,13,Friday,24,16,4,93,304424,56,90,Not Ready,Failed
5721,JOB018,VENDOR_DATA_SYNC,Data Transfer,12,Tuesday,13,27,1,34,365078,57,95,Delayed,Failed
5722,JOB002,MONTHLY_PAYROLL,Backup,6,Sunday,14,0,8,116,89823,46,56,Delayed,Failed
5723,JOB011,EMPLOYEE_DATA_SYNC,Data Processing,11,Tuesday,27,8,0,10,28881,32,47,Ready,Success
5724,JOB002,MONTHLY_PAYROLL,Data Transfer,22,Friday,22,12,0,31,450141,42,26,Ready,Success
5725,JOB005,BACKUP_JOB,Synchronization,14,Saturday,23,3,6,19,359147,86,71,Not Ready,Failed
5726,JOB003,INVENTORY_UPDATE,Data Transfer,18,Friday,3,4,2,35,342221,74,36,Ready,Success
5727,JOB016,WAREHOUSE_UPDATE,Reporting,10,Tuesday,24,25,7,48,203529,56,81,Ready,Success
5728,JOB006,FINANCE_REPORT,Reporting,14,Wednesday,30,29,6,90,455384,31,56,Ready,Failed
5729,JOB010,ORDER_PROCESSING,Data Processing,11,Tuesday,29,22,6,80,394547,73,33,Delayed,Failed
5730,JOB003,INVENTORY_UPDATE,Backup,2,Wednesday,0,17,0,14,101021,39,70,Delayed,Success
5731,JOB014,MASTER_DATA_SYNC,Reporting,16,Wednesday,7,27,0,25,389567,37,74,Ready,Success
5732,JOB012,DATABASE_BACKUP,Data Transfer,2,Tuesday,2,26,1,51,165156,26,76,Ready,Success
5733,JOB012,DATABASE_BACKUP,Data Transfer,18,Sunday,13,9,1,59,89164,95,23,Delayed,Failed
5734,JOB005,BACKUP_JOB,Backup,19,Sunday,16,24,4,99,212191,21,68,Ready,Success
5735,JOB014,MASTER_DATA_SYNC,Reporting,3,Monday,1,27,8,40,332231,73,54,Delayed,Success
5736,JOB008,SALES_REPORT,Synchronization,2,Friday,14,3,6,78,170938,27,72,Ready,Success
5737,JOB014,MASTER_DATA_SYNC,Backup,15,Sunday,5,25,1,62,61252,52,51,Ready,Success
5738,JOB020,ARCHIVE_JOB,Synchronization,11,Thursday,4,25,4,23,364365,65,29,Delayed,Failed
5739,JOB013,LOG_CLEANUP,Data Transfer,7,Tuesday,13,12,4,91,8792,61,81,Ready,Failed
5740,JOB001,DAILY_SALES,Synchronization,23,Wednesday,18,12,7,68,423108,82,21,Ready,Success
5741,JOB002,MONTHLY_PAYROLL,Backup,16,Tuesday,8,16,8,114,158010,52,82,Ready,Success
5742,JOB017,INVOICE_PROCESSING,Reporting,6,Friday,7,7,7,14,238715,88,95,Not Ready,Failed
5743,JOB004,DATA_TRANSFER,Backup,10,Saturday,28,3,1,53,81884,89,35,Ready,Success
5744,JOB006,FINANCE_REPORT,Data Processing,17,Sunday,2,22,3,58,441194,23,35,Delayed,Failed
5745,JOB018,VENDOR_DATA_SYNC,Data Processing,0,Sunday,17,2,1,65,221455,77,22,Ready,Success
5746,JOB018,VENDOR_DATA_SYNC,Synchronization,2,Sunday,7,10,5,63,436908,48,37,Not Ready,Failed
5747,JOB018,VENDOR_DATA_SYNC,Data Transfer,3,Wednesday,15,11,3,95,336254,40,61,Delayed,Success
5748,JOB008,SALES_REPORT,Reporting,12,Thursday,29,8,6,111,101932,45,51,Delayed,Failed
5749,JOB004,DATA_TRANSFER,Synchronization,5,Thursday,14,14,1,118,21957,60,69,Ready,Success
5750,JOB006,FINANCE_REPORT,Backup,13,Sunday,20,12,8,6,277255,53,68,Delayed,Failed
5751,JOB018,VENDOR_DATA_SYNC,Data Processing,4,Thursday,14,4,4,79,163839,63,22,Ready,Success
5752,JOB015,DAILY_ANALYTICS,Reporting,15,Saturday,15,4,0,12,353112,20,91,Ready,Failed
5753,JOB008,SALES_REPORT,Data Processing,14,Sunday,24,18,2,23,471962,51,24,Delayed,Failed
5754,JOB020,ARCHIVE_JOB,Reporting,14,Monday,0,10,3,84,311130,51,76,Ready,Failed
5755,JOB013,LOG_CLEANUP,Reporting,3,Wednesday,9,8,2,72,2209,70,63,Ready,Failed
5756,JOB003,INVENTORY_UPDATE,Data Processing,7,Saturday,18,2,5,18,279697,43,44,Delayed,Failed
5757,JOB017,INVOICE_PROCESSING,Data Processing,15,Wednesday,4,17,5,26,391946,63,89,Ready,Failed
5758,JOB005,BACKUP_JOB,Backup,15,Sunday,17,26,9,21,240135,95,42,Not Ready,Failed
5759,JOB011,EMPLOYEE_DATA_SYNC,Backup,3,Saturday,2,12,6,111,490909,56,29,Delayed,Failed
5760,JOB016,WAREHOUSE_UPDATE,Reporting,12,Sunday,3,24,8,67,425952,85,29,Delayed,Failed
5761,JOB003,INVENTORY_UPDATE,Backup,12,Saturday,3,27,9,30,87316,33,52,Ready,Success
5762,JOB020,ARCHIVE_JOB,Backup,1,Sunday,10,11,8,103,16023,36,92,Ready,Failed
5763,JOB018,VENDOR_DATA_SYNC,Backup,2,Monday,8,8,6,40,282963,34,37,Ready,Success
5764,JOB012,DATABASE_BACKUP,Reporting,21,Wednesday,0,9,0,49,461629,80,86,Delayed,Failed
5765,JOB020,ARCHIVE_JOB,Data Transfer,7,Saturday,27,27,2,117,414652,68,93,Ready,Failed
5766,JOB015,DAILY_ANALYTICS,Data Transfer,23,Monday,24,12,4,34,233411,27,46,Ready,Success
5767,JOB004,DATA_TRANSFER,Synchronization,14,Tuesday,30,19,9,120,200856,22,54,Ready,Success
5768,JOB013,LOG_CLEANUP,Data Transfer,10,Sunday,15,19,5,25,316169,94,81,Not Ready,Failed
5769,JOB008,SALES_REPORT,Data Processing,8,Friday,8,12,5,24,339063,46,37,Ready,Success
5770,JOB014,MASTER_DATA_SYNC,Data Processing,6,Saturday,10,26,4,46,402930,28,26,Ready,Success
5771,JOB004,DATA_TRANSFER,Backup,12,Thursday,5,25,5,94,299464,34,90,Not Ready,Failed
5772,JOB010,ORDER_PROCESSING,Synchronization,1,Monday,26,28,8,60,33235,51,29,Ready,Success
5773,JOB019,SYSTEM_MONITORING,Backup,7,Monday,16,28,0,16,88525,30,46,Ready,Success
5774,JOB001,DAILY_SALES,Backup,6,Saturday,26,21,0,12,462458,22,87,Ready,Failed
5775,JOB003,INVENTORY_UPDATE,Data Transfer,23,Monday,28,8,8,103,475971,45,95,Ready,Failed
5776,JOB006,FINANCE_REPORT,Backup,11,Tuesday,11,23,7,97,33668,26,86,Not Ready,Failed
5777,JOB012,DATABASE_BACKUP,Synchronization,18,Monday,21,9,8,110,331212,74,74,Ready,Failed
5778,JOB001,DAILY_SALES,Data Transfer,6,Friday,7,18,6,67,50973,58,67,Ready,Success
5779,JOB012,DATABASE_BACKUP,Synchronization,9,Friday,15,5,9,60,168348,23,86,Ready,Success
5780,JOB018,VENDOR_DATA_SYNC,Backup,15,Sunday,4,28,5,11,181418,49,45,Ready,Success
5781,JOB019,SYSTEM_MONITORING,Backup,2,Sunday,20,6,8,66,17849,57,59,Ready,Failed
5782,JOB010,ORDER_PROCESSING,Data Transfer,9,Thursday,0,14,1,65,430009,70,90,Delayed,Failed
5783,JOB005,BACKUP_JOB,Reporting,5,Tuesday,16,21,3,14,389171,55,65,Ready,Success
5784,JOB009,STOCK_UPDATE,Data Transfer,17,Friday,23,18,1,107,58297,79,93,Not Ready,Failed
5785,JOB008,SALES_REPORT,Reporting,17,Saturday,28,13,5,54,49287,70,86,Not Ready,Success
5786,JOB001,DAILY_SALES,Reporting,4,Wednesday,20,29,0,24,134609,95,30,Ready,Failed
5787,JOB016,WAREHOUSE_UPDATE,Data Transfer,20,Wednesday,7,15,6,32,164939,68,70,Ready,Success
5788,JOB014,MASTER_DATA_SYNC,Backup,6,Wednesday,9,13,6,18,9307,34,51,Ready,Success
5789,JOB020,ARCHIVE_JOB,Synchronization,1,Sunday,17,28,6,80,30051,92,91,Ready,Success
5790,JOB005,BACKUP_JOB,Backup,10,Saturday,14,28,3,12,186938,47,39,Ready,Success
5791,JOB014,MASTER_DATA_SYNC,Reporting,12,Monday,19,24,7,11,421663,44,24,Not Ready,Failed
5792,JOB019,SYSTEM_MONITORING,Data Processing,22,Saturday,12,19,4,9,404518,55,60,Not Ready,Failed
5793,JOB008,SALES_REPORT,Synchronization,4,Monday,26,1,1,5,334955,23,32,Not Ready,Failed
5794,JOB003,INVENTORY_UPDATE,Backup,5,Wednesday,29,8,4,115,370911,40,94,Ready,Success
5795,JOB017,INVOICE_PROCESSING,Data Processing,23,Thursday,9,2,9,77,212338,84,22,Delayed,Success
5796,JOB014,MASTER_DATA_SYNC,Data Processing,13,Thursday,8,5,8,112,478826,88,34,Ready,Success
5797,JOB005,BACKUP_JOB,Synchronization,11,Monday,12,4,9,86,231810,29,75,Not Ready,Failed
5798,JOB001,DAILY_SALES,Reporting,3,Wednesday,2,13,0,111,68438,69,62,Ready,Success
5799,JOB015,DAILY_ANALYTICS,Data Processing,22,Saturday,21,28,1,110,36791,29,93,Ready,Success
5800,JOB019,SYSTEM_MONITORING,Data Processing,5,Thursday,26,14,9,14,14739,35,86,Ready,Success
5801,JOB016,WAREHOUSE_UPDATE,Synchronization,9,Monday,22,17,7,118,384889,57,65,Ready,Failed
5802,JOB015,DAILY_ANALYTICS,Data Transfer,17,Saturday,2,16,4,62,237189,86,67,Not Ready,Failed
5803,JOB003,INVENTORY_UPDATE,Synchronization,14,Wednesday,0,8,8,69,487103,39,55,Ready,Success
5804,JOB009,STOCK_UPDATE,Reporting,7,Tuesday,1,18,5,64,344365,88,42,Ready,Success
5805,JOB018,VENDOR_DATA_SYNC,Backup,8,Wednesday,10,22,7,24,187286,89,74,Ready,Success
5806,JOB009,STOCK_UPDATE,Backup,4,Sunday,13,24,0,62,85513,44,74,Ready,Success
5807,JOB008,SALES_REPORT,Data Processing,9,Wednesday,9,8,8,47,302430,73,73,Ready,Success
5808,JOB019,SYSTEM_MONITORING,Data Processing,19,Saturday,6,27,8,33,300851,31,84,Ready,Success
5809,JOB016,WAREHOUSE_UPDATE,Data Processing,5,Saturday,22,15,2,6,365841,84,70,Ready,Success
5810,JOB005,BACKUP_JOB,Backup,15,Friday,27,25,0,30,196862,73,51,Ready,Success
5811,JOB013,LOG_CLEANUP,Backup,23,Friday,0,5,7,79,270283,86,39,Delayed,Failed
5812,JOB014,MASTER_DATA_SYNC,Reporting,2,Saturday,25,7,7,93,423183,40,55,Ready,Failed
5813,JOB009,STOCK_UPDATE,Data Transfer,9,Saturday,6,24,8,102,389622,24,51,Ready,Success
5814,JOB018,VENDOR_DATA_SYNC,Data Transfer,10,Tuesday,14,2,5,63,291930,77,76,Ready,Success
5815,JOB001,DAILY_SALES,Data Processing,10,Tuesday,25,21,8,109,258999,23,48,Ready,Success
5816,JOB018,VENDOR_DATA_SYNC,Reporting,16,Wednesday,10,4,9,5,15828,38,65,Ready,Failed
5817,JOB018,VENDOR_DATA_SYNC,Data Transfer,3,Sunday,5,6,8,35,8224,74,54,Delayed,Failed
5818,JOB009,STOCK_UPDATE,Data Processing,3,Thursday,26,22,3,42,446294,80,93,Ready,Failed
5819,JOB011,EMPLOYEE_DATA_SYNC,Data Transfer,16,Sunday,21,24,4,26,45173,91,71,Ready,Success
5820,JOB011,EMPLOYEE_DATA_SYNC,Data Transfer,8,Tuesday,6,0,5,70,302774,43,34,Ready,Failed
5821,JOB006,FINANCE_REPORT,Backup,18,Wednesday,6,21,5,51,294515,87,70,Ready,Failed
5822,JOB019,SYSTEM_MONITORING,Reporting,4,Sunday,0,20,9,5,339538,38,50,Delayed,Failed
5823,JOB004,DATA_TRANSFER,Backup,21,Monday,9,3,1,92,367452,43,94,Ready,Failed
5824,JOB005,BACKUP_JOB,Data Processing,23,Friday,20,25,3,54,35594,73,35,Not Ready,Success
5825,JOB015,DAILY_ANALYTICS,Data Transfer,5,Sunday,14,27,8,40,384384,40,55,Delayed,Success
5826,JOB002,MONTHLY_PAYROLL,Backup,2,Thursday,29,15,6,49,49205,91,58,Ready,Failed
5827,JOB015,DAILY_ANALYTICS,Backup,21,Wednesday,29,26,8,40,428009,38,30,Ready,Failed
5828,JOB009,STOCK_UPDATE,Backup,0,Sunday,7,13,5,115,329465,94,39,Ready,Success
5829,JOB001,DAILY_SALES,Data Transfer,19,Saturday,23,0,6,38,373770,72,75,Delayed,Failed
5830,JOB017,INVOICE_PROCESSING,Data Transfer,21,Monday,18,3,8,13,445168,69,61,Ready,Failed
5831,JOB005,BACKUP_JOB,Data Processing,15,Friday,2,9,3,80,425330,42,66,Ready,Success
5832,JOB011,EMPLOYEE_DATA_SYNC,Backup,22,Monday,22,10,8,114,291009,56,25,Ready,Success
5833,JOB020,ARCHIVE_JOB,Data Transfer,10,Wednesday,14,6,2,88,137258,47,54,Ready,Failed
5834,JOB010,ORDER_PROCESSING,Data Processing,12,Tuesday,3,3,7,8,466988,95,27,Ready,Success
5835,JOB006,FINANCE_REPORT,Data Processing,9,Friday,5,0,2,83,377031,90,90,Ready,Failed
5836,JOB009,STOCK_UPDATE,Backup,2,Monday,24,25,2,67,58704,40,56,Ready,Failed
5837,JOB017,INVOICE_PROCESSING,Data Processing,8,Tuesday,9,0,2,8,171441,40,69,Delayed,Success
5838,JOB013,LOG_CLEANUP,Synchronization,11,Thursday,17,16,8,9,128269,60,35,Not Ready,Failed
5839,JOB011,EMPLOYEE_DATA_SYNC,Reporting,22,Wednesday,15,26,9,14,184621,54,28,Ready,Success
5840,JOB017,INVOICE_PROCESSING,Data Processing,13,Wednesday,17,9,2,112,428210,20,94,Not Ready,Failed
5841,JOB007,CUSTOMER_REPORT,Reporting,0,Friday,5,4,5,48,69176,86,79,Ready,Success
5842,JOB019,SYSTEM_MONITORING,Data Processing,17,Monday,18,6,3,44,120738,89,70,Not Ready,Failed
5843,JOB010,ORDER_PROCESSING,Backup,16,Thursday,16,24,1,40,37417,23,65,Ready,Success
5844,JOB019,SYSTEM_MONITORING,Reporting,8,Saturday,17,7,2,39,376080,20,90,Ready,Success
5845,JOB013,LOG_CLEANUP,Reporting,8,Friday,29,1,4,63,96153,40,31,Ready,Success
5846,JOB007,CUSTOMER_REPORT,Reporting,22,Saturday,12,8,9,69,324844,71,83,Ready,Success
5847,JOB017,INVOICE_PROCESSING,Reporting,9,Friday,6,3,3,86,65276,72,40,Delayed,Success
5848,JOB004,DATA_TRANSFER,Data Processing,18,Monday,19,11,4,120,170477,75,24,Ready,Success
5849,JOB015,DAILY_ANALYTICS,Reporting,14,Thursday,11,25,0,35,36971,92,25,Ready,Success
5850,JOB007,CUSTOMER_REPORT,Backup,4,Monday,1,10,3,50,207600,85,62,Ready,Success
5851,JOB014,MASTER_DATA_SYNC,Backup,14,Wednesday,26,4,9,53,323884,86,45,Delayed,Failed
5852,JOB005,BACKUP_JOB,Synchronization,19,Saturday,11,11,2,10,106539,52,73,Ready,Success
5853,JOB009,STOCK_UPDATE,Backup,22,Tuesday,11,26,1,74,401509,42,22,Not Ready,Failed
5854,JOB009,STOCK_UPDATE,Data Processing,1,Sunday,23,20,6,110,436592,25,30,Ready,Failed
5855,JOB006,FINANCE_REPORT,Backup,12,Wednesday,3,3,9,23,128377,66,44,Ready,Success
5856,JOB009,STOCK_UPDATE,Data Transfer,23,Wednesday,3,12,8,100,65314,77,31,Ready,Failed
5857,JOB011,EMPLOYEE_DATA_SYNC,Reporting,15,Saturday,17,21,0,46,418450,24,84,Ready,Success
5858,JOB006,FINANCE_REPORT,Backup,14,Friday,15,0,6,34,58679,28,23,Delayed,Success
5859,JOB002,MONTHLY_PAYROLL,Data Processing,9,Wednesday,13,17,0,30,257961,22,71,Not Ready,Failed
5860,JOB019,SYSTEM_MONITORING,Backup,13,Sunday,16,3,4,7,97284,80,84,Ready,Success
5861,JOB009,STOCK_UPDATE,Data Processing,9,Thursday,16,3,0,37,285466,83,89,Ready,Failed
5862,JOB001,DAILY_SALES,Data Transfer,13,Wednesday,2,7,2,54,232337,65,53,Not Ready,Success
5863,JOB015,DAILY_ANALYTICS,Reporting,22,Thursday,5,24,7,35,466699,75,35,Ready,Success
5864,JOB017,INVOICE_PROCESSING,Data Transfer,8,Monday,22,27,3,115,263987,58,94,Ready,Success
5865,JOB007,CUSTOMER_REPORT,Data Transfer,13,Friday,12,19,0,88,312289,32,33,Delayed,Failed
5866,JOB008,SALES_REPORT,Synchronization,2,Thursday,8,5,0,72,27216,60,93,Ready,Success
5867,JOB003,INVENTORY_UPDATE,Reporting,19,Wednesday,20,3,7,100,378956,30,80,Ready,Failed
5868,JOB002,MONTHLY_PAYROLL,Data Transfer,15,Friday,8,3,7,86,194761,60,72,Ready,Success
5869,JOB019,SYSTEM_MONITORING,Data Transfer,1,Sunday,7,27,3,14,449930,94,77,Delayed,Failed
5870,JOB010,ORDER_PROCESSING,Reporting,9,Friday,16,10,3,26,120399,66,82,Ready,Failed
5871,JOB010,ORDER_PROCESSING,Data Transfer,2,Thursday,15,27,9,67,109805,68,32,Ready,Failed
5872,JOB018,VENDOR_DATA_SYNC,Backup,10,Thursday,15,8,1,58,181988,84,64,Ready,Success
5873,JOB007,CUSTOMER_REPORT,Backup,10,Tuesday,26,13,1,55,371340,54,74,Delayed,Success
5874,JOB016,WAREHOUSE_UPDATE,Backup,20,Tuesday,27,3,5,85,306443,54,52,Delayed,Failed
5875,JOB015,DAILY_ANALYTICS,Reporting,20,Friday,18,12,7,110,65723,86,81,Ready,Failed
5876,JOB018,VENDOR_DATA_SYNC,Backup,21,Saturday,23,5,6,8,127607,23,58,Ready,Success
5877,JOB004,DATA_TRANSFER,Data Transfer,12,Saturday,15,29,6,41,383407,43,32,Ready,Success
5878,JOB010,ORDER_PROCESSING,Backup,6,Tuesday,24,12,2,75,8403,55,92,Ready,Failed
5879,JOB003,INVENTORY_UPDATE,Synchronization,22,Wednesday,13,24,1,119,22013,75,32,Ready,Success
5880,JOB009,STOCK_UPDATE,Reporting,16,Monday,19,2,9,67,190508,23,35,Ready,Success
5881,JOB011,EMPLOYEE_DATA_SYNC,Data Processing,1,Friday,13,22,6,55,2604,59,73,Delayed,Failed
5882,JOB001,DAILY_SALES,Backup,11,Monday,13,6,3,12,43229,62,49,Ready,Success
5883,JOB020,ARCHIVE_JOB,Synchronization,9,Tuesday,13,0,0,5,407078,77,58,Ready,Success
5884,JOB010,ORDER_PROCESSING,Backup,17,Thursday,11,10,0,12,111828,81,83,Ready,Failed
5885,JOB015,DAILY_ANALYTICS,Data Processing,21,Sunday,5,1,3,87,12594,26,89,Ready,Success
5886,JOB014,MASTER_DATA_SYNC,Data Processing,10,Friday,19,4,4,85,335186,28,31,Ready,Success
5887,JOB015,DAILY_ANALYTICS,Synchronization,15,Tuesday,12,23,4,109,493050,41,21,Delayed,Failed
5888,JOB004,DATA_TRANSFER,Data Processing,16,Wednesday,15,21,0,120,331470,23,52,Ready,Success
5889,JOB004,DATA_TRANSFER,Backup,18,Sunday,30,29,2,59,191928,55,34,Not Ready,Success
5890,JOB014,MASTER_DATA_SYNC,Synchronization,17,Friday,8,13,5,116,444620,89,71,Ready,Failed
5891,JOB005,BACKUP_JOB,Synchronization,2,Friday,1,28,9,13,168781,86,54,Ready,Failed
5892,JOB020,ARCHIVE_JOB,Data Transfer,20,Saturday,21,12,6,55,252388,54,57,Not Ready,Failed
5893,JOB017,INVOICE_PROCESSING,Reporting,15,Thursday,26,15,0,20,341094,52,61,Delayed,Success
5894,JOB002,MONTHLY_PAYROLL,Data Processing,5,Friday,28,22,7,57,157305,26,26,Ready,Success
5895,JOB005,BACKUP_JOB,Data Transfer,11,Thursday,2,14,3,63,50009,74,75,Ready,Failed
5896,JOB018,VENDOR_DATA_SYNC,Backup,10,Tuesday,9,2,8,49,240432,66,24,Ready,Success
5897,JOB004,DATA_TRANSFER,Reporting,14,Wednesday,19,5,5,119,284761,81,59,Ready,Failed
5898,JOB003,INVENTORY_UPDATE,Backup,14,Sunday,1,8,0,41,384218,86,80,Ready,Failed
5899,JOB012,DATABASE_BACKUP,Data Transfer,15,Sunday,26,2,1,95,192016,83,84,Ready,Failed
5900,JOB018,VENDOR_DATA_SYNC,Data Transfer,9,Wednesday,23,29,2,70,465544,62,85,Ready,Success
5901,JOB003,INVENTORY_UPDATE,Data Transfer,11,Friday,9,12,1,68,426939,37,87,Ready,Success
5902,JOB018,VENDOR_DATA_SYNC,Reporting,12,Friday,7,28,9,40,216478,22,84,Ready,Success
5903,JOB005,BACKUP_JOB,Reporting,3,Tuesday,16,12,6,80,311609,78,61,Ready,Success
5904,JOB011,EMPLOYEE_DATA_SYNC,Data Transfer,6,Saturday,25,21,0,54,44415,81,54,Ready,Success
5905,JOB006,FINANCE_REPORT,Data Processing,21,Saturday,21,6,8,103,343604,58,85,Ready,Failed
5906,JOB013,LOG_CLEANUP,Synchronization,1,Saturday,0,4,1,99,347907,83,44,Delayed,Success
5907,JOB012,DATABASE_BACKUP,Data Processing,14,Thursday,5,25,3,57,107093,92,25,Not Ready,Failed
5908,JOB016,WAREHOUSE_UPDATE,Data Transfer,7,Saturday,6,28,7,61,92842,79,27,Delayed,Success
5909,JOB020,ARCHIVE_JOB,Data Processing,6,Wednesday,14,7,2,23,242379,61,54,Not Ready,Failed
5910,JOB013,LOG_CLEANUP,Data Transfer,14,Sunday,17,7,8,30,160690,24,72,Delayed,Success
5911,JOB003,INVENTORY_UPDATE,Data Transfer,22,Sunday,8,21,6,104,20622,65,38,Ready,Success
5912,JOB012,DATABASE_BACKUP,Data Transfer,13,Thursday,7,6,9,72,319996,23,28,Ready,Success
5913,JOB004,DATA_TRANSFER,Backup,7,Tuesday,24,18,2,116,39052,33,52,Ready,Failed
5914,JOB004,DATA_TRANSFER,Data Processing,11,Wednesday,30,28,2,47,69225,30,27,Ready,Success
5915,JOB018,VENDOR_DATA_SYNC,Data Transfer,12,Sunday,9,6,4,99,409115,79,57,Ready,Success
5916,JOB009,STOCK_UPDATE,Backup,10,Wednesday,28,22,4,62,233708,41,51,Ready,Success
5917,JOB009,STOCK_UPDATE,Data Transfer,16,Sunday,3,3,9,81,139026,24,42,Ready,Success
5918,JOB010,ORDER_PROCESSING,Data Processing,16,Monday,19,9,4,111,368711,72,53,Not Ready,Failed
5919,JOB010,ORDER_PROCESSING,Data Transfer,23,Tuesday,27,29,8,107,223564,31,65,Ready,Success
5920,JOB008,SALES_REPORT,Backup,3,Tuesday,7,12,8,63,163161,40,51,Delayed,Failed
5921,JOB017,INVOICE_PROCESSING,Data Processing,20,Monday,0,3,5,50,195087,43,20,Delayed,Failed
5922,JOB019,SYSTEM_MONITORING,Synchronization,7,Thursday,7,29,6,72,40818,32,26,Ready,Success
5923,JOB012,DATABASE_BACKUP,Backup,4,Sunday,22,18,9,44,180920,45,43,Delayed,Failed
5924,JOB012,DATABASE_BACKUP,Data Transfer,15,Sunday,11,9,7,112,88181,59,21,Delayed,Failed
5925,JOB002,MONTHLY_PAYROLL,Data Processing,3,Sunday,22,6,8,17,341737,45,37,Delayed,Failed
5926,JOB003,INVENTORY_UPDATE,Synchronization,21,Saturday,24,4,5,109,436366,64,75,Not Ready,Failed
5927,JOB015,DAILY_ANALYTICS,Data Transfer,14,Saturday,14,2,7,13,205478,49,51,Not Ready,Failed
5928,JOB002,MONTHLY_PAYROLL,Reporting,11,Saturday,12,21,1,70,346406,83,89,Ready,Failed
5929,JOB014,MASTER_DATA_SYNC,Data Transfer,4,Saturday,15,27,9,103,51806,92,29,Ready,Success
5930,JOB015,DAILY_ANALYTICS,Synchronization,22,Saturday,25,21,7,57,202361,57,59,Ready,Failed
5931,JOB003,INVENTORY_UPDATE,Backup,15,Monday,22,21,1,80,73672,37,93,Ready,Success
5932,JOB016,WAREHOUSE_UPDATE,Synchronization,13,Tuesday,30,1,7,85,252741,28,53,Ready,Success
5933,JOB007,CUSTOMER_REPORT,Data Transfer,9,Thursday,17,28,1,8,487734,75,52,Ready,Success
5934,JOB003,INVENTORY_UPDATE,Backup,6,Wednesday,0,10,2,18,157636,57,94,Ready,Failed
5935,JOB003,INVENTORY_UPDATE,Data Processing,12,Saturday,16,9,6,89,438721,40,76,Ready,Failed
5936,JOB005,BACKUP_JOB,Backup,19,Monday,15,27,8,109,312293,90,41,Not Ready,Failed
5937,JOB017,INVOICE_PROCESSING,Data Transfer,4,Sunday,22,22,2,12,258168,31,67,Ready,Failed
5938,JOB019,SYSTEM_MONITORING,Data Transfer,2,Thursday,4,12,4,101,116765,55,95,Ready,Failed
5939,JOB002,MONTHLY_PAYROLL,Backup,14,Thursday,19,6,8,66,66657,30,51,Ready,Success
5940,JOB002,MONTHLY_PAYROLL,Backup,3,Thursday,20,9,6,49,53347,86,64,Ready,Failed
5941,JOB012,DATABASE_BACKUP,Backup,14,Monday,9,27,1,96,330894,46,21,Ready,Success
5942,JOB014,MASTER_DATA_SYNC,Data Transfer,13,Wednesday,25,3,4,71,315287,82,74,Not Ready,Failed
5943,JOB013,LOG_CLEANUP,Reporting,19,Saturday,5,26,4,66,239401,90,78,Ready,Failed
5944,JOB003,INVENTORY_UPDATE,Backup,18,Thursday,11,21,8,82,453238,85,52,Ready,Failed
5945,JOB002,MONTHLY_PAYROLL,Backup,12,Monday,30,19,1,87,166909,93,33,Delayed,Failed
5946,JOB014,MASTER_DATA_SYNC,Data Processing,9,Sunday,9,15,0,74,186619,86,87,Ready,Success
5947,JOB003,INVENTORY_UPDATE,Synchronization,20,Tuesday,21,19,3,40,11076,84,85,Ready,Failed
5948,JOB005,BACKUP_JOB,Data Processing,4,Sunday,16,5,3,88,209856,53,93,Ready,Failed
5949,JOB012,DATABASE_BACKUP,Reporting,22,Monday,1,8,0,5,134034,53,78,Ready,Success
5950,JOB010,ORDER_PROCESSING,Backup,19,Monday,18,27,9,64,21407,83,34,Delayed,Failed
5951,JOB007,CUSTOMER_REPORT,Data Transfer,19,Monday,19,12,6,78,353663,36,50,Not Ready,Failed
5952,JOB004,DATA_TRANSFER,Reporting,5,Thursday,5,6,1,17,357833,70,48,Ready,Success
5953,JOB007,CUSTOMER_REPORT,Data Transfer,3,Monday,27,17,8,16,204050,75,94,Ready,Failed
5954,JOB015,DAILY_ANALYTICS,Backup,1,Tuesday,27,13,6,79,318716,67,92,Delayed,Failed
5955,JOB013,LOG_CLEANUP,Synchronization,21,Thursday,26,21,6,104,311063,81,66,Ready,Failed
5956,JOB020,ARCHIVE_JOB,Data Transfer,15,Sunday,12,29,0,21,216361,75,76,Ready,Success
5957,JOB019,SYSTEM_MONITORING,Data Processing,17,Tuesday,8,4,8,51,224346,30,77,Ready,Failed
5958,JOB002,MONTHLY_PAYROLL,Data Processing,4,Friday,11,21,9,57,19703,39,50,Ready,Success
5959,JOB004,DATA_TRANSFER,Data Transfer,21,Sunday,17,12,8,97,184463,87,72,Ready,Failed
5960,JOB002,MONTHLY_PAYROLL,Data Processing,3,Monday,7,23,1,71,369404,53,83,Ready,Success
5961,JOB020,ARCHIVE_JOB,Reporting,12,Saturday,24,7,9,97,137627,61,21,Ready,Success
5962,JOB019,SYSTEM_MONITORING,Reporting,18,Saturday,17,14,8,14,265036,60,79,Ready,Failed
5963,JOB005,BACKUP_JOB,Backup,22,Thursday,24,18,1,50,433391,81,67,Ready,Success
5964,JOB019,SYSTEM_MONITORING,Data Transfer,1,Saturday,22,8,1,87,208097,36,67,Ready,Success
5965,JOB011,EMPLOYEE_DATA_SYNC,Reporting,12,Sunday,24,5,7,8,440757,31,80,Ready,Failed
5966,JOB002,MONTHLY_PAYROLL,Backup,10,Thursday,21,22,2,61,81749,87,23,Ready,Failed
5967,JOB017,INVOICE_PROCESSING,Reporting,21,Sunday,1,24,2,114,48542,60,45,Ready,Failed
5968,JOB012,DATABASE_BACKUP,Data Processing,3,Monday,7,13,6,42,447206,33,41,Not Ready,Failed
5969,JOB008,SALES_REPORT,Data Transfer,21,Wednesday,9,28,9,16,352573,23,62,Ready,Success
5970,JOB020,ARCHIVE_JOB,Backup,19,Wednesday,30,22,5,35,461241,93,39,Ready,Failed
5971,JOB003,INVENTORY_UPDATE,Data Processing,19,Tuesday,8,9,6,6,96289,33,67,Delayed,Success
5972,JOB015,DAILY_ANALYTICS,Reporting,14,Monday,27,8,5,117,158700,28,80,Not Ready,Failed
5973,JOB011,EMPLOYEE_DATA_SYNC,Synchronization,3,Saturday,23,16,8,5,168849,62,42,Ready,Failed
5974,JOB014,MASTER_DATA_SYNC,Synchronization,8,Monday,17,12,1,85,344662,39,80,Not Ready,Success
5975,JOB016,WAREHOUSE_UPDATE,Synchronization,6,Friday,30,16,7,29,224084,20,82,Ready,Success
5976,JOB010,ORDER_PROCESSING,Backup,18,Wednesday,7,18,5,9,199429,91,38,Delayed,Failed
5977,JOB020,ARCHIVE_JOB,Data Transfer,18,Saturday,18,12,3,52,94022,36,94,Ready,Success
5978,JOB009,STOCK_UPDATE,Data Processing,5,Sunday,2,8,5,18,472304,39,95,Ready,Failed
5979,JOB007,CUSTOMER_REPORT,Backup,5,Sunday,8,0,5,56,215264,78,32,Delayed,Success
5980,JOB019,SYSTEM_MONITORING,Synchronization,19,Wednesday,12,0,9,78,359494,32,21,Not Ready,Failed
5981,JOB010,ORDER_PROCESSING,Data Transfer,14,Monday,8,4,2,25,43846,66,70,Ready,Success
5982,JOB008,SALES_REPORT,Data Transfer,14,Saturday,30,7,7,29,60176,69,94,Delayed,Failed
5983,JOB003,INVENTORY_UPDATE,Backup,19,Tuesday,24,17,4,103,77594,59,20,Ready,Success
5984,JOB012,DATABASE_BACKUP,Data Transfer,8,Sunday,19,3,9,71,337568,26,60,Not Ready,Failed
5985,JOB020,ARCHIVE_JOB,Synchronization,3,Monday,11,21,3,86,77092,74,29,Ready,Success
5986,JOB016,WAREHOUSE_UPDATE,Backup,17,Tuesday,29,0,1,54,390893,70,22,Ready,Success
5987,JOB019,SYSTEM_MONITORING,Data Processing,17,Saturday,22,14,9,104,480350,95,27,Ready,Failed
5988,JOB008,SALES_REPORT,Backup,4,Wednesday,12,19,0,107,51921,21,55,Delayed,Success
5989,JOB007,CUSTOMER_REPORT,Reporting,19,Friday,7,3,6,37,151297,33,59,Ready,Success
5990,JOB012,DATABASE_BACKUP,Reporting,22,Thursday,14,24,9,116,90861,36,58,Not Ready,Failed
5991,JOB016,WAREHOUSE_UPDATE,Synchronization,10,Wednesday,30,8,2,21,45084,20,66,Ready,Success
5992,JOB010,ORDER_PROCESSING,Data Processing,4,Tuesday,28,21,2,108,494884,20,79,Ready,Failed
5993,JOB003,INVENTORY_UPDATE,Reporting,21,Monday,30,23,2,74,357000,45,27,Ready,Success
5994,JOB018,VENDOR_DATA_SYNC,Synchronization,3,Sunday,12,27,9,38,465115,65,93,Ready,Success
5995,JOB018,VENDOR_DATA_SYNC,Data Processing,11,Saturday,20,25,2,30,344980,32,56,Ready,Success
5996,JOB011,EMPLOYEE_DATA_SYNC,Reporting,1,Wednesday,12,19,1,46,133189,53,82,Ready,Success
5997,JOB001,DAILY_SALES,Data Processing,12,Sunday,30,9,5,35,492047,81,46,Ready,Success
5998,JOB015,DAILY_ANALYTICS,Data Transfer,9,Sunday,30,23,9,117,8447,92,22,Ready,Failed
5999,JOB013,LOG_CLEANUP,Backup,8,Friday,16,14,2,55,192579,70,58,Ready,Success
6000,JOB001,DAILY_SALES,Backup,9,Saturday,14,2,0,96,411412,60,25,Not Ready,Failed
6001,JOB015,DAILY_ANALYTICS,Synchronization,6,Tuesday,24,1,9,40,492557,74,29,Delayed,Success
6002,JOB018,VENDOR_DATA_SYNC,Data Processing,3,Saturday,21,21,8,17,265604,47,48,Delayed,Failed
6003,JOB006,FINANCE_REPORT,Data Processing,18,Saturday,18,4,5,89,316634,80,48,Ready,Success
6004,JOB006,FINANCE_REPORT,Data Transfer,9,Monday,2,23,5,94,383315,26,39,Delayed,Failed
6005,JOB015,DAILY_ANALYTICS,Data Processing,2,Thursday,13,0,9,119,375734,21,85,Ready,Failed
6006,JOB006,FINANCE_REPORT,Data Processing,20,Sunday,29,10,8,99,414319,95,31,Ready,Failed
6007,JOB014,MASTER_DATA_SYNC,Data Processing,18,Tuesday,9,11,1,84,188455,21,32,Ready,Success
6008,JOB014,MASTER_DATA_SYNC,Data Transfer,20,Monday,16,25,9,99,468798,47,58,Ready,Success
6009,JOB020,ARCHIVE_JOB,Data Transfer,1,Sunday,28,2,8,17,176978,73,58,Ready,Failed
6010,JOB017,INVOICE_PROCESSING,Data Transfer,19,Thursday,7,22,2,98,208048,95,64,Delayed,Failed
6011,JOB011,EMPLOYEE_DATA_SYNC,Data Processing,9,Monday,17,28,2,36,494874,77,60,Delayed,Failed
6012,JOB018,VENDOR_DATA_SYNC,Data Processing,1,Thursday,11,15,2,9,201650,66,62,Delayed,Success
6013,JOB011,EMPLOYEE_DATA_SYNC,Backup,1,Thursday,16,25,0,16,453357,80,81,Ready,Success
6014,JOB020,ARCHIVE_JOB,Data Processing,23,Thursday,22,13,9,107,312470,59,22,Ready,Failed
6015,JOB009,STOCK_UPDATE,Synchronization,16,Monday,29,11,6,63,387736,37,28,Ready,Success
6016,JOB020,ARCHIVE_JOB,Data Transfer,15,Saturday,10,19,9,45,126899,33,63,Delayed,Failed
6017,JOB008,SALES_REPORT,Data Processing,15,Thursday,8,25,6,41,438239,44,53,Delayed,Failed
6018,JOB018,VENDOR_DATA_SYNC,Data Transfer,13,Saturday,21,15,1,72,344009,29,38,Ready,Failed
6019,JOB017,INVOICE_PROCESSING,Data Transfer,6,Sunday,23,20,5,110,384572,67,37,Ready,Failed
6020,JOB012,DATABASE_BACKUP,Synchronization,20,Sunday,23,7,3,52,296605,67,65,Ready,Failed
6021,JOB005,BACKUP_JOB,Data Transfer,10,Tuesday,24,16,6,47,206347,80,60,Delayed,Success
6022,JOB019,SYSTEM_MONITORING,Data Transfer,23,Friday,22,16,6,97,6976,72,68,Ready,Success
6023,JOB015,DAILY_ANALYTICS,Data Transfer,0,Saturday,24,27,3,45,493642,28,71,Ready,Success
6024,JOB018,VENDOR_DATA_SYNC,Backup,10,Sunday,14,6,2,60,53449,30,93,Delayed,Failed
6025,JOB004,DATA_TRANSFER,Backup,22,Friday,8,14,6,73,250746,46,62,Ready,Success
6026,JOB014,MASTER_DATA_SYNC,Data Processing,20,Thursday,11,28,8,15,398584,78,29,Ready,Success
6027,JOB014,MASTER_DATA_SYNC,Backup,3,Friday,10,27,3,98,397239,77,57,Not Ready,Failed
6028,JOB013,LOG_CLEANUP,Data Processing,6,Friday,16,8,5,13,468727,32,57,Ready,Failed
6029,JOB008,SALES_REPORT,Backup,14,Thursday,5,3,6,117,354465,84,66,Delayed,Failed
6030,JOB013,LOG_CLEANUP,Synchronization,17,Saturday,27,7,9,32,108435,30,26,Ready,Success
6031,JOB001,DAILY_SALES,Data Transfer,11,Thursday,7,9,2,26,325035,76,31,Ready,Success
6032,JOB017,INVOICE_PROCESSING,Synchronization,16,Tuesday,9,14,4,79,310808,86,71,Delayed,Success
6033,JOB009,STOCK_UPDATE,Data Processing,0,Wednesday,24,22,0,89,444896,85,52,Not Ready,Failed
6034,JOB009,STOCK_UPDATE,Data Processing,10,Monday,14,29,5,10,181317,43,43,Delayed,Failed
6035,JOB017,INVOICE_PROCESSING,Reporting,0,Thursday,3,17,4,30,141594,68,67,Ready,Failed
6036,JOB011,EMPLOYEE_DATA_SYNC,Backup,14,Thursday,28,13,6,20,305865,59,50,Ready,Success
6037,JOB014,MASTER_DATA_SYNC,Backup,20,Friday,17,4,8,119,433644,89,42,Ready,Failed
6038,JOB016,WAREHOUSE_UPDATE,Synchronization,9,Tuesday,10,8,3,18,146248,21,90,Ready,Failed
6039,JOB004,DATA_TRANSFER,Backup,6,Sunday,8,12,8,39,350113,73,91,Ready,Success
6040,JOB014,MASTER_DATA_SYNC,Synchronization,1,Sunday,8,28,5,46,216213,34,34,Ready,Success
6041,JOB010,ORDER_PROCESSING,Backup,9,Friday,27,24,4,57,20126,67,57,Not Ready,Failed
6042,JOB013,LOG_CLEANUP,Data Transfer,23,Saturday,7,18,1,104,264240,73,47,Delayed,Success
6043,JOB011,EMPLOYEE_DATA_SYNC,Data Processing,3,Thursday,2,10,0,26,91111,65,40,Delayed,Success
6044,JOB004,DATA_TRANSFER,Backup,11,Thursday,20,11,7,57,424056,76,46,Delayed,Failed
6045,JOB002,MONTHLY_PAYROLL,Data Transfer,18,Friday,17,2,5,70,317299,74,66,Delayed,Failed
6046,JOB005,BACKUP_JOB,Reporting,10,Thursday,13,1,6,17,440959,79,75,Ready,Failed
6047,JOB016,WAREHOUSE_UPDATE,Reporting,7,Saturday,2,22,5,15,412703,49,33,Delayed,Failed
6048,JOB002,MONTHLY_PAYROLL,Synchronization,17,Wednesday,16,21,9,16,380574,47,40,Ready,Failed
6049,JOB003,INVENTORY_UPDATE,Data Transfer,10,Monday,3,14,6,101,71265,71,33,Delayed,Success
6050,JOB008,SALES_REPORT,Reporting,10,Monday,20,4,8,90,257243,60,89,Ready,Failed
6051,JOB004,DATA_TRANSFER,Synchronization,12,Monday,27,6,4,57,474981,40,95,Ready,Success
6052,JOB017,INVOICE_PROCESSING,Synchronization,2,Wednesday,17,3,0,13,234675,61,47,Delayed,Success
6053,JOB018,VENDOR_DATA_SYNC,Reporting,11,Thursday,30,4,0,112,479798,32,56,Ready,Failed
6054,JOB014,MASTER_DATA_SYNC,Reporting,2,Friday,14,24,8,75,369655,64,86,Not Ready,Failed
6055,JOB005,BACKUP_JOB,Backup,9,Sunday,18,15,4,21,181349,73,52,Ready,Success
6056,JOB005,BACKUP_JOB,Data Processing,16,Tuesday,27,14,1,65,327230,38,31,Ready,Success
6057,JOB010,ORDER_PROCESSING,Reporting,21,Thursday,21,26,2,14,32185,46,31,Ready,Failed
6058,JOB002,MONTHLY_PAYROLL,Backup,1,Wednesday,5,15,0,42,442109,59,94,Delayed,Success
6059,JOB009,STOCK_UPDATE,Synchronization,16,Saturday,14,24,5,43,416597,26,70,Delayed,Failed
6060,JOB016,WAREHOUSE_UPDATE,Synchronization,15,Wednesday,6,3,5,119,49555,44,54,Not Ready,Failed
6061,JOB007,CUSTOMER_REPORT,Data Transfer,1,Sunday,11,5,2,114,186898,68,31,Ready,Success
6062,JOB004,DATA_TRANSFER,Data Transfer,21,Monday,15,17,2,93,463926,55,38,Ready,Success
6063,JOB008,SALES_REPORT,Backup,19,Thursday,8,2,6,95,274908,90,78,Ready,Success
6064,JOB003,INVENTORY_UPDATE,Reporting,5,Sunday,19,24,0,98,321276,43,32,Ready,Success
6065,JOB004,DATA_TRANSFER,Synchronization,9,Monday,4,21,4,34,153954,80,38,Ready,Failed
6066,JOB017,INVOICE_PROCESSING,Synchronization,9,Tuesday,10,23,2,111,171247,88,55,Ready,Success
6067,JOB016,WAREHOUSE_UPDATE,Data Transfer,7,Saturday,1,26,4,38,167192,71,23,Ready,Success
6068,JOB015,DAILY_ANALYTICS,Backup,0,Monday,21,4,3,37,371151,55,32,Delayed,Success
6069,JOB015,DAILY_ANALYTICS,Reporting,12,Tuesday,15,1,5,36,401099,70,25,Ready,Success
6070,JOB019,SYSTEM_MONITORING,Reporting,23,Wednesday,3,22,8,110,332900,52,63,Ready,Success
6071,JOB010,ORDER_PROCESSING,Data Transfer,8,Monday,4,15,1,16,259665,72,95,Ready,Success
6072,JOB011,EMPLOYEE_DATA_SYNC,Reporting,21,Monday,6,5,9,109,251597,93,27,Delayed,Success
6073,JOB013,LOG_CLEANUP,Backup,9,Friday,5,26,7,91,29293,57,52,Delayed,Success
6074,JOB012,DATABASE_BACKUP,Synchronization,14,Saturday,23,14,1,97,25656,63,71,Ready,Success
6075,JOB001,DAILY_SALES,Data Transfer,4,Saturday,21,17,3,111,43604,24,95,Ready,Success
6076,JOB004,DATA_TRANSFER,Reporting,21,Sunday,9,5,8,69,459926,50,32,Ready,Failed
6077,JOB019,SYSTEM_MONITORING,Synchronization,15,Wednesday,13,12,3,88,386699,28,29,Ready,Failed
6078,JOB004,DATA_TRANSFER,Data Processing,12,Friday,7,23,6,14,245860,51,53,Ready,Failed
6079,JOB005,BACKUP_JOB,Data Transfer,21,Sunday,28,12,4,23,304451,60,46,Not Ready,Success
6080,JOB013,LOG_CLEANUP,Data Transfer,19,Tuesday,13,0,1,27,273248,24,77,Ready,Success
6081,JOB019,SYSTEM_MONITORING,Data Processing,17,Sunday,13,15,7,89,26966,70,86,Ready,Failed
6082,JOB016,WAREHOUSE_UPDATE,Backup,10,Tuesday,19,3,9,61,51710,73,63,Ready,Success
6083,JOB003,INVENTORY_UPDATE,Data Transfer,8,Wednesday,27,16,9,111,18822,47,88,Ready,Failed
6084,JOB011,EMPLOYEE_DATA_SYNC,Synchronization,15,Saturday,22,17,1,103,397141,62,24,Ready,Success
6085,JOB012,DATABASE_BACKUP,Synchronization,1,Tuesday,2,15,2,63,466738,31,56,Ready,Success
6086,JOB010,ORDER_PROCESSING,Data Transfer,1,Wednesday,0,0,9,116,359973,88,90,Ready,Failed
6087,JOB016,WAREHOUSE_UPDATE,Backup,11,Sunday,28,5,6,100,5819,91,75,Ready,Failed
6088,JOB007,CUSTOMER_REPORT,Data Processing,7,Tuesday,8,10,4,58,399587,36,70,Not Ready,Failed
6089,JOB011,EMPLOYEE_DATA_SYNC,Data Transfer,8,Thursday,8,5,9,78,202311,27,75,Delayed,Success
6090,JOB001,DAILY_SALES,Data Transfer,11,Monday,21,16,2,6,12984,37,61,Ready,Success
6091,JOB014,MASTER_DATA_SYNC,Backup,8,Sunday,30,3,1,119,220704,29,32,Ready,Success
6092,JOB015,DAILY_ANALYTICS,Backup,9,Saturday,1,13,5,104,351441,58,53,Ready,Failed
6093,JOB004,DATA_TRANSFER,Synchronization,1,Sunday,15,29,9,52,214349,60,53,Not Ready,Success
6094,JOB011,EMPLOYEE_DATA_SYNC,Backup,15,Thursday,7,13,0,10,217389,63,72,Ready,Success
6095,JOB005,BACKUP_JOB,Synchronization,19,Wednesday,25,19,7,47,141352,88,22,Ready,Success
6096,JOB008,SALES_REPORT,Data Transfer,6,Wednesday,5,7,4,21,394508,62,93,Ready,Failed
6097,JOB005,BACKUP_JOB,Backup,1,Sunday,22,21,4,83,334123,66,56,Ready,Success
6098,JOB002,MONTHLY_PAYROLL,Backup,0,Thursday,12,1,1,40,141254,94,71,Not Ready,Failed
6099,JOB006,FINANCE_REPORT,Data Processing,18,Sunday,0,4,6,28,45362,67,25,Not Ready,Failed
6100,JOB006,FINANCE_REPORT,Synchronization,3,Monday,18,3,4,108,265720,38,40,Not Ready,Success
6101,JOB017,INVOICE_PROCESSING,Synchronization,23,Monday,14,9,7,65,367726,40,64,Ready,Success
6102,JOB005,BACKUP_JOB,Backup,21,Friday,0,19,4,33,1819,22,24,Ready,Success
6103,JOB014,MASTER_DATA_SYNC,Data Transfer,1,Tuesday,9,27,8,118,438666,75,22,Ready,Failed
6104,JOB004,DATA_TRANSFER,Backup,13,Friday,0,23,4,82,87145,62,39,Ready,Success
6105,JOB015,DAILY_ANALYTICS,Synchronization,1,Monday,27,20,2,62,457615,20,95,Ready,Failed
6106,JOB014,MASTER_DATA_SYNC,Data Processing,14,Thursday,11,2,1,70,184844,55,80,Delayed,Failed
6107,JOB012,DATABASE_BACKUP,Synchronization,11,Tuesday,10,15,4,116,156385,25,54,Delayed,Success
6108,JOB001,DAILY_SALES,Data Transfer,4,Thursday,28,9,9,90,73248,93,51,Ready,Failed
6109,JOB008,SALES_REPORT,Data Transfer,19,Friday,16,27,9,115,127308,65,38,Ready,Failed
6110,JOB018,VENDOR_DATA_SYNC,Data Processing,6,Wednesday,3,14,4,57,146929,42,34,Ready,Success
6111,JOB011,EMPLOYEE_DATA_SYNC,Data Transfer,23,Thursday,28,3,5,74,28083,39,93,Ready,Failed
6112,JOB014,MASTER_DATA_SYNC,Data Transfer,20,Friday,22,0,1,13,218680,72,76,Not Ready,Failed
6113,JOB019,SYSTEM_MONITORING,Reporting,9,Friday,6,21,4,80,290709,57,45,Ready,Success
6114,JOB019,SYSTEM_MONITORING,Synchronization,13,Friday,11,26,0,46,377409,54,89,Ready,Success
6115,JOB004,DATA_TRANSFER,Data Transfer,13,Wednesday,12,28,2,43,245612,53,21,Ready,Success
6116,JOB007,CUSTOMER_REPORT,Reporting,4,Wednesday,4,14,2,73,6751,69,68,Ready,Success
6117,JOB018,VENDOR_DATA_SYNC,Synchronization,17,Sunday,27,9,2,44,292429,66,67,Delayed,Failed
6118,JOB015,DAILY_ANALYTICS,Reporting,23,Wednesday,5,19,2,63,334294,55,51,Ready,Success
6119,JOB010,ORDER_PROCESSING,Reporting,13,Tuesday,1,21,7,48,300546,35,22,Ready,Success
6120,JOB016,WAREHOUSE_UPDATE,Backup,1,Wednesday,20,17,0,69,349420,68,39,Ready,Success
6121,JOB015,DAILY_ANALYTICS,Data Processing,11,Wednesday,6,15,5,78,348708,84,56,Ready,Success
6122,JOB002,MONTHLY_PAYROLL,Reporting,21,Wednesday,13,20,5,15,397423,82,39,Ready,Failed
6123,JOB009,STOCK_UPDATE,Data Transfer,23,Thursday,24,26,0,95,377734,71,79,Ready,Failed
6124,JOB004,DATA_TRANSFER,Data Processing,5,Wednesday,21,8,0,91,3656,92,78,Ready,Success
6125,JOB007,CUSTOMER_REPORT,Reporting,3,Tuesday,27,23,2,88,387708,95,61,Ready,Failed
6126,JOB017,INVOICE_PROCESSING,Data Transfer,12,Friday,13,18,7,9,411850,79,42,Delayed,Success
6127,JOB012,DATABASE_BACKUP,Data Transfer,3,Thursday,9,16,5,81,305916,36,60,Ready,Success
6128,JOB008,SALES_REPORT,Reporting,21,Monday,3,9,3,118,27418,86,92,Ready,Failed
6129,JOB009,STOCK_UPDATE,Reporting,13,Wednesday,2,18,4,78,473910,57,46,Delayed,Success
6130,JOB004,DATA_TRANSFER,Reporting,15,Sunday,24,7,9,53,115915,48,65,Ready,Success
6131,JOB002,MONTHLY_PAYROLL,Synchronization,3,Sunday,22,26,2,55,103202,50,36,Ready,Success
6132,JOB013,LOG_CLEANUP,Reporting,23,Friday,26,18,5,40,474848,78,21,Delayed,Failed
6133,JOB007,CUSTOMER_REPORT,Data Processing,0,Friday,13,4,5,109,224489,73,34,Ready,Success
6134,JOB015,DAILY_ANALYTICS,Backup,12,Thursday,28,1,5,118,96645,72,94,Delayed,Failed
6135,JOB008,SALES_REPORT,Reporting,3,Sunday,5,14,8,20,216865,45,76,Delayed,Failed
6136,JOB004,DATA_TRANSFER,Reporting,19,Monday,22,16,9,11,372931,32,60,Ready,Success
6137,JOB004,DATA_TRANSFER,Synchronization,17,Saturday,14,26,7,100,33720,76,92,Ready,Success
6138,JOB011,EMPLOYEE_DATA_SYNC,Data Processing,5,Sunday,7,9,5,93,387283,38,33,Ready,Success
6139,JOB017,INVOICE_PROCESSING,Data Transfer,2,Sunday,4,29,1,48,301051,46,27,Ready,Success
6140,JOB013,LOG_CLEANUP,Reporting,22,Tuesday,2,20,3,30,335247,32,95,Not Ready,Failed
6141,JOB009,STOCK_UPDATE,Data Transfer,12,Saturday,2,20,5,40,236932,71,26,Ready,Failed
6142,JOB010,ORDER_PROCESSING,Backup,15,Friday,12,21,8,57,397676,83,86,Ready,Success
6143,JOB009,STOCK_UPDATE,Reporting,4,Saturday,1,1,1,96,355648,77,45,Ready,Success
6144,JOB014,MASTER_DATA_SYNC,Backup,3,Sunday,23,8,5,48,192113,38,22,Ready,Success
6145,JOB003,INVENTORY_UPDATE,Data Transfer,20,Friday,0,1,9,16,298426,22,65,Delayed,Failed
6146,JOB008,SALES_REPORT,Reporting,7,Saturday,11,17,9,94,431268,86,23,Ready,Failed
6147,JOB012,DATABASE_BACKUP,Reporting,18,Friday,7,11,9,72,424528,45,76,Ready,Success
6148,JOB008,SALES_REPORT,Data Processing,13,Friday,18,14,6,112,487767,25,65,Ready,Success
6149,JOB005,BACKUP_JOB,Data Processing,6,Thursday,8,20,7,27,399720,32,33,Ready,Success
6150,JOB006,FINANCE_REPORT,Reporting,13,Monday,27,24,8,108,220054,46,22,Ready,Success
6151,JOB019,SYSTEM_MONITORING,Backup,5,Friday,13,19,4,92,86089,29,32,Ready,Success
6152,JOB003,INVENTORY_UPDATE,Synchronization,11,Tuesday,27,5,8,99,130976,35,27,Ready,Failed
6153,JOB014,MASTER_DATA_SYNC,Backup,15,Sunday,26,17,8,34,384245,42,75,Ready,Failed
6154,JOB014,MASTER_DATA_SYNC,Data Processing,16,Sunday,17,29,6,67,280192,66,21,Delayed,Failed
6155,JOB013,LOG_CLEANUP,Data Processing,12,Tuesday,9,12,1,7,88257,31,65,Ready,Success
6156,JOB007,CUSTOMER_REPORT,Synchronization,22,Wednesday,8,3,7,84,458999,47,50,Ready,Failed
6157,JOB009,STOCK_UPDATE,Data Processing,13,Friday,5,11,4,38,376497,37,54,Ready,Success
6158,JOB015,DAILY_ANALYTICS,Data Processing,6,Friday,0,8,7,106,375251,77,81,Delayed,Failed
6159,JOB015,DAILY_ANALYTICS,Data Transfer,13,Friday,4,1,1,96,292244,21,65,Ready,Failed
6160,JOB018,VENDOR_DATA_SYNC,Synchronization,14,Saturday,9,15,6,53,474663,65,43,Not Ready,Failed
6161,JOB008,SALES_REPORT,Data Processing,11,Friday,24,0,4,48,237115,36,84,Ready,Success
6162,JOB001,DAILY_SALES,Backup,16,Friday,12,3,3,45,3632,83,63,Delayed,Success
6163,JOB020,ARCHIVE_JOB,Data Processing,8,Tuesday,21,14,9,52,180771,84,70,Ready,Failed
6164,JOB009,STOCK_UPDATE,Reporting,21,Monday,22,19,5,75,200673,73,65,Ready,Failed
6165,JOB009,STOCK_UPDATE,Synchronization,14,Monday,3,0,4,12,363337,62,52,Ready,Success
6166,JOB013,LOG_CLEANUP,Backup,11,Wednesday,0,19,5,11,178118,95,83,Delayed,Success
6167,JOB020,ARCHIVE_JOB,Reporting,1,Tuesday,20,14,8,41,376442,74,45,Ready,Failed
6168,JOB003,INVENTORY_UPDATE,Reporting,4,Friday,1,2,0,59,28694,33,58,Delayed,Success
6169,JOB017,INVOICE_PROCESSING,Data Transfer,12,Monday,23,12,0,75,111814,63,77,Delayed,Failed
6170,JOB018,VENDOR_DATA_SYNC,Data Transfer,19,Thursday,3,17,5,54,18343,57,45,Ready,Success
6171,JOB007,CUSTOMER_REPORT,Backup,22,Thursday,16,12,1,86,222341,77,94,Not Ready,Failed
6172,JOB010,ORDER_PROCESSING,Synchronization,7,Thursday,9,9,7,116,16406,68,86,Delayed,Failed
6173,JOB020,ARCHIVE_JOB,Backup,13,Friday,22,19,6,107,297919,35,92,Ready,Success
6174,JOB008,SALES_REPORT,Reporting,14,Friday,11,23,5,25,63240,93,76,Ready,Failed
6175,JOB007,CUSTOMER_REPORT,Data Transfer,10,Wednesday,26,6,3,38,165561,49,89,Delayed,Success
6176,JOB005,BACKUP_JOB,Reporting,0,Sunday,1,24,8,53,467452,87,92,Ready,Failed
6177,JOB001,DAILY_SALES,Reporting,20,Wednesday,2,7,6,31,483654,90,27,Not Ready,Failed
6178,JOB007,CUSTOMER_REPORT,Data Transfer,2,Wednesday,13,0,6,12,212262,56,53,Not Ready,Success
6179,JOB004,DATA_TRANSFER,Data Transfer,16,Saturday,24,27,4,38,166094,88,88,Ready,Failed
6180,JOB019,SYSTEM_MONITORING,Synchronization,18,Thursday,14,17,0,22,199953,74,29,Ready,Success
6181,JOB006,FINANCE_REPORT,Reporting,13,Friday,12,11,1,55,361552,58,41,Delayed,Success
6182,JOB019,SYSTEM_MONITORING,Data Transfer,21,Thursday,8,17,7,120,297573,76,31,Not Ready,Failed
6183,JOB008,SALES_REPORT,Backup,22,Wednesday,1,27,4,109,276314,68,48,Ready,Success
6184,JOB005,BACKUP_JOB,Reporting,7,Friday,18,23,1,16,71954,82,50,Not Ready,Success
6185,JOB019,SYSTEM_MONITORING,Synchronization,12,Tuesday,15,11,4,90,411691,53,25,Ready,Failed
6186,JOB017,INVOICE_PROCESSING,Synchronization,19,Monday,10,19,7,55,159368,76,26,Ready,Success
6187,JOB017,INVOICE_PROCESSING,Reporting,2,Monday,11,8,3,67,154195,81,32,Ready,Failed
6188,JOB005,BACKUP_JOB,Data Processing,4,Wednesday,24,1,2,44,128776,58,82,Delayed,Failed
6189,JOB017,INVOICE_PROCESSING,Reporting,8,Sunday,0,13,4,26,270104,93,43,Ready,Success
6190,JOB006,FINANCE_REPORT,Backup,5,Thursday,1,3,6,12,180795,86,38,Ready,Failed
6191,JOB009,STOCK_UPDATE,Synchronization,21,Tuesday,15,28,1,110,321552,81,88,Ready,Failed
6192,JOB020,ARCHIVE_JOB,Data Transfer,1,Friday,26,28,0,32,98479,48,41,Not Ready,Failed
6193,JOB008,SALES_REPORT,Data Transfer,12,Sunday,1,14,4,54,166411,50,79,Ready,Success
6194,JOB007,CUSTOMER_REPORT,Reporting,4,Thursday,25,16,6,51,36783,79,41,Ready,Failed
6195,JOB002,MONTHLY_PAYROLL,Data Transfer,7,Wednesday,29,18,7,60,73542,58,36,Ready,Success
6196,JOB006,FINANCE_REPORT,Reporting,22,Thursday,18,5,7,36,151902,20,66,Ready,Failed
6197,JOB012,DATABASE_BACKUP,Data Processing,0,Wednesday,9,8,9,15,84349,75,26,Delayed,Failed
6198,JOB015,DAILY_ANALYTICS,Data Transfer,19,Saturday,18,26,8,25,344273,77,36,Not Ready,Failed
6199,JOB001,DAILY_SALES,Backup,11,Monday,9,16,0,30,211427,40,95,Ready,Success
6200,JOB005,BACKUP_JOB,Backup,22,Sunday,15,14,6,18,17625,73,81,Ready,Success
6201,JOB006,FINANCE_REPORT,Synchronization,10,Monday,12,4,9,83,106390,90,82,Not Ready,Failed
6202,JOB015,DAILY_ANALYTICS,Data Transfer,6,Thursday,15,27,7,18,125242,62,26,Ready,Success
6203,JOB004,DATA_TRANSFER,Reporting,14,Tuesday,17,17,5,80,84987,73,48,Ready,Failed
6204,JOB012,DATABASE_BACKUP,Data Processing,21,Friday,23,22,9,104,355134,21,91,Not Ready,Failed
6205,JOB019,SYSTEM_MONITORING,Backup,23,Wednesday,7,3,3,7,385663,33,23,Ready,Success
6206,JOB018,VENDOR_DATA_SYNC,Synchronization,10,Friday,23,20,6,112,229221,22,35,Ready,Success
6207,JOB006,FINANCE_REPORT,Reporting,21,Monday,17,23,2,61,41106,33,94,Delayed,Success
6208,JOB016,WAREHOUSE_UPDATE,Backup,15,Tuesday,30,1,1,11,409791,24,78,Ready,Success
6209,JOB017,INVOICE_PROCESSING,Data Transfer,2,Tuesday,12,18,5,43,359243,58,60,Ready,Success
6210,JOB011,EMPLOYEE_DATA_SYNC,Synchronization,19,Friday,24,26,1,61,438064,20,79,Ready,Success
6211,JOB004,DATA_TRANSFER,Synchronization,13,Monday,26,4,5,119,73423,62,94,Ready,Failed
6212,JOB016,WAREHOUSE_UPDATE,Reporting,2,Friday,6,25,9,114,301047,78,88,Delayed,Failed
6213,JOB009,STOCK_UPDATE,Synchronization,0,Thursday,27,3,2,69,221442,34,77,Ready,Failed
6214,JOB010,ORDER_PROCESSING,Backup,20,Tuesday,20,4,1,107,492820,65,95,Ready,Failed
6215,JOB013,LOG_CLEANUP,Reporting,14,Tuesday,22,18,7,29,341132,26,59,Ready,Success
6216,JOB004,DATA_TRANSFER,Backup,0,Thursday,23,12,3,35,233204,61,77,Ready,Failed
6217,JOB014,MASTER_DATA_SYNC,Backup,16,Monday,24,15,3,90,111258,26,80,Ready,Failed
6218,JOB007,CUSTOMER_REPORT,Data Transfer,1,Tuesday,17,11,6,14,71913,66,64,Ready,Success
6219,JOB003,INVENTORY_UPDATE,Synchronization,19,Sunday,5,8,7,86,236083,38,67,Ready,Failed
6220,JOB020,ARCHIVE_JOB,Data Transfer,5,Saturday,8,23,8,81,225872,72,30,Ready,Failed
6221,JOB017,INVOICE_PROCESSING,Data Processing,7,Saturday,28,15,9,76,36168,35,75,Delayed,Failed
6222,JOB014,MASTER_DATA_SYNC,Data Processing,15,Saturday,5,13,7,13,86078,81,42,Ready,Success
6223,JOB015,DAILY_ANALYTICS,Data Transfer,18,Wednesday,17,21,3,83,231925,85,52,Ready,Success
6224,JOB001,DAILY_SALES,Data Processing,0,Sunday,16,29,1,12,438094,84,71,Ready,Failed
6225,JOB004,DATA_TRANSFER,Data Processing,2,Wednesday,11,0,9,101,342936,70,47,Ready,Success
6226,JOB001,DAILY_SALES,Data Transfer,2,Monday,2,19,4,103,467717,55,23,Ready,Failed
6227,JOB018,VENDOR_DATA_SYNC,Data Transfer,4,Thursday,26,22,6,23,7902,54,70,Ready,Success
6228,JOB013,LOG_CLEANUP,Data Transfer,11,Friday,4,25,1,34,214869,43,29,Not Ready,Success
6229,JOB007,CUSTOMER_REPORT,Data Processing,11,Sunday,6,20,3,13,81624,88,71,Ready,Failed
6230,JOB018,VENDOR_DATA_SYNC,Synchronization,19,Monday,9,3,5,87,335689,48,91,Ready,Success
6231,JOB006,FINANCE_REPORT,Backup,12,Friday,9,8,7,51,413680,20,28,Ready,Success
6232,JOB019,SYSTEM_MONITORING,Backup,19,Monday,18,23,9,50,397750,76,37,Ready,Failed
6233,JOB010,ORDER_PROCESSING,Synchronization,8,Wednesday,24,18,5,94,78335,28,85,Ready,Success
6234,JOB016,WAREHOUSE_UPDATE,Data Transfer,6,Saturday,25,13,5,5,270935,34,59,Ready,Success
6235,JOB013,LOG_CLEANUP,Reporting,3,Thursday,27,21,5,7,10512,93,85,Delayed,Failed
6236,JOB002,MONTHLY_PAYROLL,Reporting,18,Wednesday,3,11,3,38,228259,35,41,Ready,Success
6237,JOB010,ORDER_PROCESSING,Data Transfer,21,Thursday,9,29,2,29,284864,67,93,Ready,Failed
6238,JOB005,BACKUP_JOB,Backup,18,Sunday,17,29,0,34,146635,55,53,Ready,Success
6239,JOB005,BACKUP_JOB,Reporting,5,Friday,2,27,1,5,184327,72,67,Ready,Success
6240,JOB019,SYSTEM_MONITORING,Synchronization,12,Monday,20,3,1,22,259478,22,35,Delayed,Success
6241,JOB018,VENDOR_DATA_SYNC,Reporting,10,Tuesday,2,6,9,37,347900,38,68,Delayed,Success
6242,JOB019,SYSTEM_MONITORING,Synchronization,12,Tuesday,4,16,6,13,498833,60,82,Ready,Failed
6243,JOB004,DATA_TRANSFER,Reporting,12,Thursday,15,0,5,11,194766,56,59,Ready,Failed
6244,JOB008,SALES_REPORT,Backup,21,Saturday,19,13,7,34,216109,78,75,Not Ready,Failed
6245,JOB012,DATABASE_BACKUP,Data Transfer,19,Saturday,12,14,8,81,43094,86,67,Ready,Success
6246,JOB001,DAILY_SALES,Reporting,14,Thursday,10,11,4,85,192576,27,56,Ready,Success
6247,JOB007,CUSTOMER_REPORT,Reporting,20,Wednesday,25,11,2,17,95209,33,31,Ready,Success
6248,JOB003,INVENTORY_UPDATE,Data Transfer,12,Tuesday,12,5,3,17,424838,80,51,Delayed,Failed
6249,JOB004,DATA_TRANSFER,Synchronization,21,Wednesday,18,25,7,46,258079,54,42,Ready,Success
6250,JOB013,LOG_CLEANUP,Reporting,10,Friday,27,26,2,106,200325,35,93,Delayed,Failed
6251,JOB011,EMPLOYEE_DATA_SYNC,Data Processing,18,Tuesday,5,28,1,105,222118,90,91,Ready,Success
6252,JOB007,CUSTOMER_REPORT,Synchronization,7,Friday,23,12,6,78,154870,54,40,Ready,Success
6253,JOB002,MONTHLY_PAYROLL,Synchronization,19,Monday,12,15,3,82,352505,27,94,Ready,Failed
6254,JOB004,DATA_TRANSFER,Synchronization,7,Wednesday,27,13,7,67,421383,79,31,Ready,Failed
6255,JOB009,STOCK_UPDATE,Data Processing,9,Thursday,3,6,0,111,48373,31,68,Ready,Success
6256,JOB009,STOCK_UPDATE,Data Processing,15,Tuesday,24,28,7,73,271525,68,66,Ready,Success
6257,JOB002,MONTHLY_PAYROLL,Backup,18,Wednesday,21,24,4,40,143033,87,81,Not Ready,Failed
6258,JOB001,DAILY_SALES,Backup,22,Thursday,4,15,1,39,102683,54,57,Delayed,Success
6259,JOB001,DAILY_SALES,Backup,10,Monday,18,22,0,50,390141,64,45,Ready,Failed
6260,JOB006,FINANCE_REPORT,Data Transfer,12,Tuesday,4,8,5,49,146421,60,59,Delayed,Failed
6261,JOB013,LOG_CLEANUP,Data Processing,8,Friday,20,25,8,60,242125,80,35,Delayed,Failed
6262,JOB017,INVOICE_PROCESSING,Data Transfer,19,Monday,13,13,8,91,375477,95,38,Ready,Failed
6263,JOB016,WAREHOUSE_UPDATE,Data Transfer,23,Saturday,30,24,8,9,231945,34,69,Ready,Success
6264,JOB006,FINANCE_REPORT,Data Processing,18,Thursday,27,29,3,48,217917,86,75,Ready,Success
6265,JOB011,EMPLOYEE_DATA_SYNC,Data Processing,15,Tuesday,27,29,5,32,149943,78,48,Ready,Success
6266,JOB009,STOCK_UPDATE,Backup,6,Tuesday,3,23,9,91,157215,21,57,Delayed,Success
6267,JOB007,CUSTOMER_REPORT,Reporting,18,Sunday,11,6,5,46,283351,25,80,Ready,Success
6268,JOB002,MONTHLY_PAYROLL,Data Transfer,11,Sunday,5,11,4,102,457628,76,55,Ready,Success
6269,JOB001,DAILY_SALES,Data Processing,14,Monday,18,2,1,35,463256,35,29,Ready,Success
6270,JOB019,SYSTEM_MONITORING,Data Processing,22,Tuesday,9,26,6,11,3622,42,66,Ready,Success
6271,JOB016,WAREHOUSE_UPDATE,Backup,13,Thursday,0,13,0,11,366967,60,63,Ready,Success
6272,JOB002,MONTHLY_PAYROLL,Backup,10,Monday,22,18,5,8,392719,49,81,Ready,Success
6273,JOB008,SALES_REPORT,Data Transfer,9,Friday,22,10,4,112,161549,86,26,Ready,Failed
6274,JOB011,EMPLOYEE_DATA_SYNC,Reporting,10,Monday,27,4,4,36,1913,74,88,Ready,Success
6275,JOB010,ORDER_PROCESSING,Reporting,5,Monday,15,22,7,32,457982,23,38,Ready,Success
6276,JOB004,DATA_TRANSFER,Synchronization,1,Friday,3,12,8,60,276199,47,52,Ready,Success
6277,JOB019,SYSTEM_MONITORING,Synchronization,10,Saturday,8,27,6,8,104533,69,43,Ready,Success
6278,JOB002,MONTHLY_PAYROLL,Backup,18,Sunday,27,9,9,107,451607,47,42,Ready,Failed
6279,JOB017,INVOICE_PROCESSING,Data Transfer,5,Thursday,17,6,7,120,284729,72,72,Ready,Failed
6280,JOB002,MONTHLY_PAYROLL,Synchronization,13,Saturday,30,16,1,113,421525,86,40,Ready,Failed
6281,JOB001,DAILY_SALES,Data Transfer,19,Saturday,28,15,1,12,142936,45,56,Ready,Failed
6282,JOB020,ARCHIVE_JOB,Reporting,5,Saturday,16,7,7,18,415997,58,68,Ready,Failed
6283,JOB013,LOG_CLEANUP,Backup,16,Sunday,14,16,5,34,95588,32,44,Delayed,Failed
6284,JOB003,INVENTORY_UPDATE,Data Transfer,9,Wednesday,18,12,7,7,79133,90,58,Ready,Failed
6285,JOB018,VENDOR_DATA_SYNC,Reporting,0,Sunday,6,29,8,6,132613,73,49,Ready,Success
6286,JOB006,FINANCE_REPORT,Reporting,2,Saturday,24,10,8,14,104166,32,62,Ready,Success
6287,JOB014,MASTER_DATA_SYNC,Data Transfer,7,Wednesday,17,19,5,74,295127,78,73,Delayed,Failed
6288,JOB004,DATA_TRANSFER,Data Transfer,7,Friday,5,17,7,75,141470,23,51,Ready,Success
6289,JOB012,DATABASE_BACKUP,Synchronization,19,Sunday,18,4,1,20,25759,76,68,Ready,Success
6290,JOB006,FINANCE_REPORT,Synchronization,21,Thursday,20,5,7,74,221713,79,21,Delayed,Failed
6291,JOB020,ARCHIVE_JOB,Data Processing,14,Saturday,11,19,2,84,62353,66,66,Ready,Success
6292,JOB009,STOCK_UPDATE,Reporting,23,Tuesday,24,13,0,95,322469,93,42,Ready,Failed
6293,JOB006,FINANCE_REPORT,Data Processing,6,Friday,2,11,6,80,238556,24,25,Ready,Success
6294,JOB006,FINANCE_REPORT,Synchronization,10,Wednesday,0,28,0,90,187833,55,60,Not Ready,Success
6295,JOB012,DATABASE_BACKUP,Reporting,6,Sunday,4,3,0,83,284262,38,61,Ready,Failed
6296,JOB004,DATA_TRANSFER,Data Transfer,3,Thursday,0,6,0,26,80284,49,72,Ready,Success
6297,JOB008,SALES_REPORT,Reporting,11,Monday,7,10,3,39,349753,60,91,Ready,Success
6298,JOB012,DATABASE_BACKUP,Data Transfer,5,Thursday,6,19,3,116,108752,67,58,Ready,Success
6299,JOB004,DATA_TRANSFER,Backup,13,Thursday,14,1,9,118,473884,47,29,Not Ready,Failed
6300,JOB007,CUSTOMER_REPORT,Data Transfer,11,Saturday,10,3,5,83,339623,50,69,Ready,Success
6301,JOB009,STOCK_UPDATE,Reporting,10,Saturday,17,6,9,91,414696,76,94,Ready,Failed
6302,JOB003,INVENTORY_UPDATE,Synchronization,18,Sunday,13,0,2,106,171991,62,27,Ready,Success
6303,JOB001,DAILY_SALES,Data Transfer,20,Sunday,26,14,9,53,294225,84,20,Ready,Failed
6304,JOB020,ARCHIVE_JOB,Data Processing,4,Wednesday,8,19,5,6,382646,28,91,Ready,Success
6305,JOB019,SYSTEM_MONITORING,Backup,13,Sunday,4,21,6,70,299692,31,88,Delayed,Success
6306,JOB016,WAREHOUSE_UPDATE,Backup,20,Wednesday,22,23,0,117,75010,31,20,Ready,Success
6307,JOB003,INVENTORY_UPDATE,Data Transfer,23,Saturday,3,7,5,23,381432,61,86,Delayed,Failed
6308,JOB006,FINANCE_REPORT,Data Processing,15,Saturday,11,28,9,73,253734,92,46,Not Ready,Failed
6309,JOB006,FINANCE_REPORT,Data Processing,12,Tuesday,28,24,0,8,476007,72,80,Ready,Success
6310,JOB018,VENDOR_DATA_SYNC,Reporting,21,Tuesday,0,4,6,96,294032,76,67,Delayed,Failed
6311,JOB002,MONTHLY_PAYROLL,Backup,21,Friday,29,13,9,86,294752,35,42,Ready,Success
6312,JOB014,MASTER_DATA_SYNC,Data Transfer,19,Saturday,23,17,4,108,10401,69,63,Not Ready,Failed
6313,JOB002,MONTHLY_PAYROLL,Data Processing,21,Monday,12,2,9,45,56417,23,59,Delayed,Failed
6314,JOB009,STOCK_UPDATE,Data Transfer,3,Tuesday,0,1,3,60,66976,32,30,Ready,Success
6315,JOB001,DAILY_SALES,Reporting,10,Wednesday,2,24,0,59,316103,79,30,Ready,Success
6316,JOB019,SYSTEM_MONITORING,Data Transfer,16,Thursday,21,21,8,118,46694,47,50,Not Ready,Failed
6317,JOB009,STOCK_UPDATE,Data Transfer,6,Sunday,7,15,6,35,426637,31,79,Ready,Failed
6318,JOB007,CUSTOMER_REPORT,Data Processing,13,Sunday,23,13,1,26,50625,43,74,Ready,Failed
6319,JOB006,FINANCE_REPORT,Data Processing,10,Friday,17,15,3,79,368737,20,43,Delayed,Success
6320,JOB013,LOG_CLEANUP,Data Processing,21,Tuesday,24,10,3,52,117545,53,81,Ready,Failed
6321,JOB009,STOCK_UPDATE,Synchronization,8,Thursday,15,27,7,84,282307,22,38,Delayed,Failed
6322,JOB010,ORDER_PROCESSING,Reporting,22,Thursday,19,16,1,8,6036,41,59,Ready,Success
6323,JOB006,FINANCE_REPORT,Data Processing,12,Tuesday,19,2,4,25,180990,46,36,Ready,Failed
6324,JOB014,MASTER_DATA_SYNC,Synchronization,22,Monday,30,22,9,45,197593,40,69,Ready,Success
6325,JOB017,INVOICE_PROCESSING,Reporting,17,Monday,29,22,7,49,128635,32,31,Not Ready,Success
6326,JOB004,DATA_TRANSFER,Reporting,10,Friday,15,4,5,93,128267,63,34,Ready,Success
6327,JOB015,DAILY_ANALYTICS,Backup,14,Monday,1,2,3,88,360337,43,58,Delayed,Failed
6328,JOB014,MASTER_DATA_SYNC,Data Processing,21,Friday,16,28,4,12,414942,65,32,Ready,Failed
6329,JOB013,LOG_CLEANUP,Backup,18,Wednesday,9,14,1,111,224125,36,38,Ready,Success
6330,JOB005,BACKUP_JOB,Synchronization,0,Tuesday,6,22,4,13,210083,24,92,Not Ready,Failed
6331,JOB001,DAILY_SALES,Synchronization,3,Thursday,26,4,2,22,387570,57,76,Ready,Success
6332,JOB006,FINANCE_REPORT,Synchronization,13,Friday,9,21,2,35,78083,78,79,Delayed,Success
6333,JOB001,DAILY_SALES,Data Transfer,13,Sunday,18,2,6,120,157204,46,75,Delayed,Failed
6334,JOB017,INVOICE_PROCESSING,Reporting,2,Monday,19,5,2,39,301155,73,44,Ready,Success
6335,JOB014,MASTER_DATA_SYNC,Data Transfer,16,Sunday,26,22,3,34,352097,90,23,Ready,Failed
6336,JOB017,INVOICE_PROCESSING,Data Processing,2,Friday,8,13,6,22,365790,74,71,Delayed,Success
6337,JOB014,MASTER_DATA_SYNC,Backup,15,Saturday,21,23,2,87,176509,90,26,Not Ready,Failed
6338,JOB016,WAREHOUSE_UPDATE,Data Transfer,13,Friday,29,1,9,45,424248,62,87,Ready,Success
6339,JOB007,CUSTOMER_REPORT,Synchronization,19,Monday,16,17,9,28,300966,57,89,Delayed,Failed
6340,JOB010,ORDER_PROCESSING,Backup,12,Saturday,8,29,1,118,192646,80,64,Not Ready,Failed
6341,JOB015,DAILY_ANALYTICS,Synchronization,14,Saturday,8,5,9,90,119026,64,28,Delayed,Success
6342,JOB012,DATABASE_BACKUP,Reporting,13,Monday,4,23,6,52,261387,77,28,Delayed,Success
6343,JOB008,SALES_REPORT,Synchronization,23,Saturday,23,4,4,18,57909,48,22,Ready,Success
6344,JOB016,WAREHOUSE_UPDATE,Synchronization,18,Tuesday,6,13,0,23,43786,73,82,Ready,Failed
6345,JOB006,FINANCE_REPORT,Reporting,5,Thursday,10,16,9,64,393062,53,21,Not Ready,Failed
6346,JOB011,EMPLOYEE_DATA_SYNC,Data Processing,9,Sunday,7,10,7,97,191614,40,50,Ready,Success
6347,JOB006,FINANCE_REPORT,Data Processing,14,Tuesday,24,0,2,26,291076,64,57,Ready,Success
6348,JOB001,DAILY_SALES,Data Transfer,20,Tuesday,13,9,6,34,187518,20,26,Not Ready,Failed
6349,JOB018,VENDOR_DATA_SYNC,Reporting,21,Monday,1,8,5,19,357331,29,29,Delayed,Success
6350,JOB003,INVENTORY_UPDATE,Data Processing,19,Monday,9,19,9,25,54371,77,78,Ready,Success
6351,JOB008,SALES_REPORT,Reporting,5,Sunday,20,11,5,30,156642,47,20,Ready,Success
6352,JOB008,SALES_REPORT,Backup,22,Thursday,23,25,7,104,62155,80,56,Delayed,Failed
6353,JOB001,DAILY_SALES,Data Processing,9,Friday,15,0,3,16,269559,49,44,Not Ready,Success
6354,JOB005,BACKUP_JOB,Synchronization,6,Tuesday,15,26,3,11,101198,47,85,Ready,Success
6355,JOB004,DATA_TRANSFER,Data Transfer,21,Saturday,18,23,2,79,39227,48,95,Ready,Failed
6356,JOB001,DAILY_SALES,Data Processing,16,Thursday,26,17,0,107,486080,50,24,Ready,Success
6357,JOB016,WAREHOUSE_UPDATE,Data Processing,17,Tuesday,30,11,9,88,325242,87,75,Delayed,Failed
6358,JOB006,FINANCE_REPORT,Backup,16,Friday,10,1,2,39,381633,93,61,Ready,Success
6359,JOB013,LOG_CLEANUP,Reporting,8,Saturday,5,0,0,72,52807,50,83,Ready,Success
6360,JOB007,CUSTOMER_REPORT,Synchronization,9,Tuesday,5,0,5,6,397734,60,68,Ready,Success
6361,JOB012,DATABASE_BACKUP,Synchronization,9,Wednesday,6,24,7,24,498201,83,65,Ready,Failed
6362,JOB017,INVOICE_PROCESSING,Backup,6,Sunday,15,28,2,51,22460,61,90,Ready,Failed
6363,JOB017,INVOICE_PROCESSING,Reporting,15,Thursday,12,0,3,88,305584,63,21,Ready,Success
6364,JOB016,WAREHOUSE_UPDATE,Data Transfer,17,Sunday,26,21,4,16,65042,50,86,Ready,Failed
6365,JOB011,EMPLOYEE_DATA_SYNC,Reporting,5,Monday,2,11,6,57,454138,30,23,Ready,Failed
6366,JOB014,MASTER_DATA_SYNC,Synchronization,19,Tuesday,23,6,5,21,327768,55,81,Not Ready,Failed
6367,JOB019,SYSTEM_MONITORING,Data Transfer,0,Saturday,23,3,1,22,197472,51,46,Ready,Success
6368,JOB011,EMPLOYEE_DATA_SYNC,Synchronization,0,Saturday,8,20,6,108,292540,58,86,Delayed,Success
6369,JOB019,SYSTEM_MONITORING,Data Processing,11,Thursday,23,19,7,28,453113,86,36,Ready,Failed
6370,JOB019,SYSTEM_MONITORING,Synchronization,20,Thursday,2,3,0,76,378477,79,71,Ready,Success
6371,JOB015,DAILY_ANALYTICS,Backup,1,Sunday,5,25,5,41,387573,44,90,Ready,Success
6372,JOB005,BACKUP_JOB,Data Processing,3,Saturday,24,14,8,109,80935,47,76,Delayed,Failed
6373,JOB012,DATABASE_BACKUP,Reporting,16,Saturday,16,0,6,34,211312,38,49,Ready,Failed
6374,JOB013,LOG_CLEANUP,Data Processing,3,Saturday,2,5,4,88,2698,48,91,Ready,Success
6375,JOB017,INVOICE_PROCESSING,Reporting,10,Tuesday,1,13,9,56,385769,69,90,Ready,Failed
6376,JOB017,INVOICE_PROCESSING,Reporting,21,Saturday,11,25,9,27,217562,38,84,Ready,Failed
6377,JOB011,EMPLOYEE_DATA_SYNC,Backup,3,Monday,23,13,8,41,177645,75,35,Delayed,Failed
6378,JOB009,STOCK_UPDATE,Data Transfer,0,Saturday,5,9,1,78,37194,37,46,Ready,Success
6379,JOB016,WAREHOUSE_UPDATE,Synchronization,6,Monday,9,6,6,101,45664,64,93,Ready,Success
6380,JOB008,SALES_REPORT,Data Processing,17,Tuesday,10,22,8,28,274560,60,66,Delayed,Success
6381,JOB008,SALES_REPORT,Backup,8,Thursday,15,23,1,104,46384,32,33,Ready,Success
6382,JOB010,ORDER_PROCESSING,Backup,2,Monday,26,22,9,84,153241,87,21,Delayed,Failed
6383,JOB007,CUSTOMER_REPORT,Data Processing,7,Tuesday,15,21,5,54,71110,87,58,Ready,Failed
6384,JOB006,FINANCE_REPORT,Data Transfer,23,Saturday,23,11,8,96,99694,43,74,Not Ready,Failed
6385,JOB019,SYSTEM_MONITORING,Synchronization,18,Tuesday,17,23,2,80,441894,52,45,Ready,Failed
6386,JOB013,LOG_CLEANUP,Backup,3,Saturday,26,18,7,24,406915,92,63,Ready,Success
6387,JOB006,FINANCE_REPORT,Reporting,17,Sunday,21,8,4,51,18665,74,88,Ready,Failed
6388,JOB003,INVENTORY_UPDATE,Data Transfer,19,Tuesday,22,2,6,22,213544,22,57,Ready,Success
6389,JOB011,EMPLOYEE_DATA_SYNC,Synchronization,10,Thursday,23,3,2,105,489292,22,31,Ready,Failed
6390,JOB018,VENDOR_DATA_SYNC,Data Processing,13,Monday,8,12,7,30,214498,49,36,Not Ready,Failed
6391,JOB001,DAILY_SALES,Backup,17,Sunday,20,9,1,114,101026,37,44,Ready,Success
6392,JOB009,STOCK_UPDATE,Synchronization,15,Thursday,26,13,7,75,179071,85,83,Ready,Failed
6393,JOB013,LOG_CLEANUP,Backup,2,Wednesday,18,5,1,47,18341,62,30,Ready,Success
6394,JOB007,CUSTOMER_REPORT,Synchronization,14,Saturday,1,27,6,51,236234,92,37,Ready,Success
6395,JOB005,BACKUP_JOB,Reporting,3,Monday,23,29,1,89,223918,85,55,Ready,Failed
6396,JOB004,DATA_TRANSFER,Synchronization,4,Thursday,0,27,6,47,171277,46,22,Ready,Success
6397,JOB014,MASTER_DATA_SYNC,Reporting,16,Monday,25,7,0,36,50914,38,89,Ready,Failed
6398,JOB004,DATA_TRANSFER,Data Processing,6,Wednesday,30,18,5,11,334276,35,90,Ready,Failed
6399,JOB015,DAILY_ANALYTICS,Data Transfer,15,Friday,15,28,9,91,269093,45,28,Ready,Success
6400,JOB010,ORDER_PROCESSING,Synchronization,13,Saturday,21,9,6,88,309928,33,85,Ready,Success
6401,JOB009,STOCK_UPDATE,Backup,15,Saturday,17,21,3,88,257507,66,66,Delayed,Failed
6402,JOB011,EMPLOYEE_DATA_SYNC,Data Processing,6,Tuesday,2,4,0,36,253022,37,69,Ready,Failed
6403,JOB016,WAREHOUSE_UPDATE,Synchronization,8,Saturday,23,4,5,94,490138,47,83,Not Ready,Failed
6404,JOB016,WAREHOUSE_UPDATE,Data Processing,3,Saturday,0,4,3,104,7621,38,66,Ready,Success
6405,JOB005,BACKUP_JOB,Data Processing,21,Thursday,5,8,2,92,241179,49,94,Ready,Failed
6406,JOB009,STOCK_UPDATE,Data Processing,10,Sunday,18,28,3,69,62037,40,86,Ready,Success
6407,JOB010,ORDER_PROCESSING,Data Processing,1,Saturday,21,22,5,62,453319,40,61,Not Ready,Failed
6408,JOB011,EMPLOYEE_DATA_SYNC,Backup,11,Saturday,18,27,4,57,200497,67,68,Not Ready,Failed
6409,JOB011,EMPLOYEE_DATA_SYNC,Reporting,11,Wednesday,10,8,1,96,172617,74,49,Ready,Failed
6410,JOB009,STOCK_UPDATE,Reporting,3,Sunday,26,14,1,94,215334,49,27,Ready,Success
6411,JOB010,ORDER_PROCESSING,Backup,17,Wednesday,7,8,2,38,6514,61,56,Delayed,Success
6412,JOB003,INVENTORY_UPDATE,Data Processing,20,Monday,4,28,5,94,303127,56,27,Not Ready,Failed
6413,JOB017,INVOICE_PROCESSING,Backup,6,Monday,19,13,0,104,291800,60,82,Ready,Failed
6414,JOB017,INVOICE_PROCESSING,Data Processing,0,Saturday,8,5,6,73,469580,65,30,Not Ready,Failed
6415,JOB012,DATABASE_BACKUP,Data Processing,22,Saturday,14,29,7,60,356765,79,77,Not Ready,Failed
6416,JOB006,FINANCE_REPORT,Data Transfer,12,Tuesday,20,21,6,70,351682,93,53,Delayed,Failed
6417,JOB016,WAREHOUSE_UPDATE,Reporting,5,Monday,27,19,2,36,147353,20,58,Ready,Success
6418,JOB007,CUSTOMER_REPORT,Backup,5,Thursday,13,7,5,102,163543,73,35,Ready,Success
6419,JOB018,VENDOR_DATA_SYNC,Synchronization,11,Saturday,3,29,3,54,139825,54,90,Ready,Success
6420,JOB019,SYSTEM_MONITORING,Data Processing,7,Thursday,23,1,4,98,140813,35,23,Ready,Failed
6421,JOB012,DATABASE_BACKUP,Synchronization,23,Saturday,23,4,2,28,68541,24,65,Ready,Success
6422,JOB002,MONTHLY_PAYROLL,Data Transfer,21,Thursday,7,16,4,96,253631,50,41,Ready,Failed
6423,JOB014,MASTER_DATA_SYNC,Reporting,18,Friday,19,9,5,50,183407,56,90,Ready,Success
6424,JOB009,STOCK_UPDATE,Data Processing,4,Thursday,28,13,7,7,290285,44,32,Ready,Failed
6425,JOB013,LOG_CLEANUP,Synchronization,17,Sunday,16,17,5,118,239326,81,61,Ready,Success
6426,JOB010,ORDER_PROCESSING,Data Transfer,4,Monday,1,0,8,14,443691,44,53,Delayed,Failed
6427,JOB005,BACKUP_JOB,Reporting,9,Saturday,19,21,9,10,467116,86,32,Ready,Failed
6428,JOB013,LOG_CLEANUP,Synchronization,0,Monday,15,1,9,102,142189,57,48,Not Ready,Failed
6429,JOB018,VENDOR_DATA_SYNC,Backup,9,Sunday,9,27,9,99,353366,67,66,Ready,Failed
6430,JOB007,CUSTOMER_REPORT,Data Processing,4,Sunday,1,3,9,56,2823,83,88,Ready,Failed
6431,JOB013,LOG_CLEANUP,Data Transfer,11,Thursday,10,12,3,111,21005,21,30,Delayed,Success
6432,JOB013,LOG_CLEANUP,Synchronization,21,Wednesday,9,15,1,54,133210,83,82,Ready,Success
6433,JOB016,WAREHOUSE_UPDATE,Backup,6,Wednesday,29,4,8,114,166560,88,70,Ready,Success
6434,JOB016,WAREHOUSE_UPDATE,Synchronization,8,Sunday,29,22,2,62,50875,39,79,Ready,Success
6435,JOB004,DATA_TRANSFER,Data Transfer,21,Wednesday,18,9,6,56,417231,30,66,Ready,Success
6436,JOB012,DATABASE_BACKUP,Data Processing,20,Saturday,24,16,3,17,134484,50,23,Delayed,Failed
6437,JOB006,FINANCE_REPORT,Reporting,11,Tuesday,30,27,0,63,80331,54,26,Delayed,Failed
6438,JOB003,INVENTORY_UPDATE,Reporting,22,Friday,24,10,7,43,100070,63,50,Delayed,Failed
6439,JOB013,LOG_CLEANUP,Reporting,0,Thursday,13,4,3,57,276263,74,93,Ready,Failed
6440,JOB011,EMPLOYEE_DATA_SYNC,Data Transfer,10,Tuesday,30,14,5,62,274717,64,49,Ready,Failed
6441,JOB011,EMPLOYEE_DATA_SYNC,Reporting,20,Wednesday,10,3,6,24,371800,40,48,Ready,Success
6442,JOB001,DAILY_SALES,Data Processing,14,Thursday,8,6,7,67,76021,71,62,Ready,Failed
6443,JOB018,VENDOR_DATA_SYNC,Data Transfer,1,Tuesday,6,29,9,100,421159,39,41,Delayed,Failed
6444,JOB013,LOG_CLEANUP,Synchronization,19,Monday,14,9,1,14,5017,28,67,Not Ready,Success
6445,JOB009,STOCK_UPDATE,Synchronization,6,Wednesday,19,22,8,30,169110,28,67,Not Ready,Failed
6446,JOB013,LOG_CLEANUP,Data Transfer,20,Tuesday,16,23,9,23,457501,77,76,Not Ready,Failed
6447,JOB005,BACKUP_JOB,Data Processing,11,Saturday,2,3,2,97,483322,90,41,Ready,Failed
6448,JOB005,BACKUP_JOB,Data Transfer,21,Monday,14,19,0,65,183182,52,46,Ready,Success
6449,JOB004,DATA_TRANSFER,Data Transfer,17,Wednesday,13,25,1,81,222120,20,82,Delayed,Success
6450,JOB008,SALES_REPORT,Synchronization,2,Friday,7,4,7,38,423013,22,23,Delayed,Failed
6451,JOB008,SALES_REPORT,Data Transfer,6,Sunday,3,4,9,88,141258,58,22,Ready,Success
6452,JOB002,MONTHLY_PAYROLL,Data Processing,10,Wednesday,25,10,5,48,375226,31,59,Delayed,Failed
6453,JOB012,DATABASE_BACKUP,Reporting,17,Saturday,9,18,0,108,285925,35,47,Ready,Success
6454,JOB011,EMPLOYEE_DATA_SYNC,Data Processing,11,Friday,1,4,8,22,101155,69,34,Ready,Failed
6455,JOB009,STOCK_UPDATE,Data Processing,5,Friday,13,20,6,102,159624,46,70,Not Ready,Failed
6456,JOB017,INVOICE_PROCESSING,Synchronization,4,Friday,7,7,9,116,138982,48,45,Not Ready,Failed
6457,JOB004,DATA_TRANSFER,Reporting,0,Thursday,22,6,2,76,4871,88,54,Delayed,Failed
6458,JOB019,SYSTEM_MONITORING,Backup,11,Thursday,26,7,6,20,15627,71,34,Ready,Failed
6459,JOB002,MONTHLY_PAYROLL,Data Transfer,10,Sunday,9,12,5,108,479359,25,24,Ready,Success
6460,JOB017,INVOICE_PROCESSING,Reporting,3,Friday,24,4,2,91,29586,43,65,Ready,Success
6461,JOB005,BACKUP_JOB,Synchronization,17,Sunday,17,27,7,100,177326,59,43,Ready,Success
6462,JOB020,ARCHIVE_JOB,Data Transfer,3,Monday,14,26,0,81,338094,52,21,Ready,Success
6463,JOB017,INVOICE_PROCESSING,Synchronization,16,Friday,4,17,4,30,325270,28,78,Ready,Success
6464,JOB011,EMPLOYEE_DATA_SYNC,Data Transfer,1,Tuesday,21,23,7,106,55029,68,55,Ready,Success
6465,JOB016,WAREHOUSE_UPDATE,Synchronization,23,Friday,12,8,2,69,223124,86,64,Ready,Success
6466,JOB016,WAREHOUSE_UPDATE,Synchronization,21,Thursday,17,1,9,70,176283,42,95,Not Ready,Failed
6467,JOB006,FINANCE_REPORT,Synchronization,1,Thursday,30,15,5,107,105665,41,56,Ready,Success
6468,JOB006,FINANCE_REPORT,Data Transfer,11,Tuesday,1,13,9,81,48733,91,76,Not Ready,Failed
6469,JOB007,CUSTOMER_REPORT,Backup,5,Tuesday,12,16,1,31,247577,27,31,Ready,Failed
6470,JOB018,VENDOR_DATA_SYNC,Reporting,9,Wednesday,30,27,8,8,245544,38,54,Delayed,Failed
6471,JOB014,MASTER_DATA_SYNC,Data Transfer,22,Monday,29,5,1,109,21300,57,41,Delayed,Failed
6472,JOB003,INVENTORY_UPDATE,Backup,20,Monday,13,2,4,55,205095,25,91,Ready,Failed
6473,JOB018,VENDOR_DATA_SYNC,Reporting,22,Monday,9,16,2,88,166910,71,46,Ready,Success
6474,JOB020,ARCHIVE_JOB,Data Transfer,15,Saturday,29,12,9,7,9828,53,26,Delayed,Failed
6475,JOB014,MASTER_DATA_SYNC,Reporting,13,Thursday,3,5,8,91,376891,93,22,Ready,Success
6476,JOB007,CUSTOMER_REPORT,Backup,6,Monday,14,27,8,70,235182,30,23,Ready,Failed
6477,JOB011,EMPLOYEE_DATA_SYNC,Synchronization,18,Wednesday,7,7,6,20,196909,62,27,Ready,Success
6478,JOB015,DAILY_ANALYTICS,Data Processing,22,Wednesday,14,24,9,78,401058,54,64,Ready,Success
6479,JOB015,DAILY_ANALYTICS,Reporting,16,Monday,13,28,4,32,109872,30,92,Ready,Failed
6480,JOB005,BACKUP_JOB,Data Transfer,8,Tuesday,30,5,8,48,152131,59,39,Ready,Success
6481,JOB014,MASTER_DATA_SYNC,Data Processing,12,Wednesday,28,27,6,22,258353,51,24,Ready,Success
6482,JOB004,DATA_TRANSFER,Reporting,21,Sunday,26,15,1,6,377546,68,65,Ready,Success
6483,JOB017,INVOICE_PROCESSING,Reporting,4,Tuesday,20,5,9,82,32430,76,88,Ready,Failed
6484,JOB017,INVOICE_PROCESSING,Data Processing,22,Sunday,8,16,0,48,380352,84,54,Ready,Success
6485,JOB007,CUSTOMER_REPORT,Synchronization,4,Thursday,19,20,9,24,85445,67,84,Not Ready,Failed
6486,JOB001,DAILY_SALES,Data Transfer,9,Saturday,2,2,9,60,293074,71,34,Delayed,Failed
6487,JOB018,VENDOR_DATA_SYNC,Data Transfer,20,Wednesday,25,22,3,108,382849,58,36,Delayed,Success
6488,JOB018,VENDOR_DATA_SYNC,Synchronization,9,Tuesday,14,11,9,27,499219,73,95,Ready,Success
6489,JOB020,ARCHIVE_JOB,Backup,6,Sunday,23,24,7,64,462387,44,65,Delayed,Failed
6490,JOB002,MONTHLY_PAYROLL,Reporting,14,Monday,16,28,5,75,219764,64,80,Ready,Success
6491,JOB005,BACKUP_JOB,Backup,6,Sunday,24,26,1,49,24221,48,62,Ready,Failed
6492,JOB013,LOG_CLEANUP,Data Processing,14,Sunday,15,5,4,51,144478,51,41,Ready,Failed
6493,JOB015,DAILY_ANALYTICS,Data Transfer,2,Thursday,3,20,8,82,497679,86,28,Ready,Success
6494,JOB014,MASTER_DATA_SYNC,Data Processing,18,Friday,10,6,5,41,263403,31,66,Delayed,Failed
6495,JOB018,VENDOR_DATA_SYNC,Reporting,9,Friday,24,10,5,12,151452,77,22,Ready,Success
6496,JOB004,DATA_TRANSFER,Data Transfer,14,Monday,7,8,6,118,287336,39,71,Ready,Failed
6497,JOB011,EMPLOYEE_DATA_SYNC,Data Processing,2,Thursday,2,15,4,9,369705,69,50,Ready,Failed
6498,JOB020,ARCHIVE_JOB,Data Transfer,5,Thursday,18,4,2,27,278877,27,32,Ready,Success
6499,JOB012,DATABASE_BACKUP,Data Transfer,11,Thursday,13,14,2,109,488405,50,21,Ready,Success
6500,JOB013,LOG_CLEANUP,Data Transfer,14,Thursday,8,20,4,14,380610,43,26,Not Ready,Failed
6501,JOB003,INVENTORY_UPDATE,Backup,5,Friday,2,25,3,117,182393,32,48,Delayed,Success
6502,JOB014,MASTER_DATA_SYNC,Data Processing,12,Tuesday,3,3,4,31,213201,91,23,Not Ready,Failed
6503,JOB012,DATABASE_BACKUP,Synchronization,18,Thursday,24,4,8,103,406532,61,23,Ready,Failed
6504,JOB020,ARCHIVE_JOB,Data Transfer,2,Tuesday,27,6,4,5,312092,45,40,Ready,Success
6505,JOB004,DATA_TRANSFER,Reporting,7,Sunday,3,2,3,75,213640,57,64,Delayed,Failed
6506,JOB012,DATABASE_BACKUP,Backup,7,Sunday,10,3,3,115,494186,57,47,Ready,Success
6507,JOB009,STOCK_UPDATE,Backup,22,Thursday,18,24,0,119,353915,74,27,Delayed,Failed
6508,JOB001,DAILY_SALES,Synchronization,19,Wednesday,29,14,9,12,112491,29,61,Not Ready,Success
6509,JOB009,STOCK_UPDATE,Synchronization,14,Saturday,15,27,3,15,246329,30,36,Delayed,Success
6510,JOB005,BACKUP_JOB,Backup,3,Wednesday,22,1,3,102,87919,22,28,Ready,Success
6511,JOB008,SALES_REPORT,Backup,18,Sunday,21,23,8,120,94653,42,80,Ready,Failed
6512,JOB015,DAILY_ANALYTICS,Data Processing,20,Saturday,16,24,3,32,378192,81,88,Ready,Success
6513,JOB013,LOG_CLEANUP,Backup,2,Wednesday,29,4,6,38,189245,89,60,Delayed,Failed
6514,JOB020,ARCHIVE_JOB,Backup,12,Thursday,9,6,0,47,137786,60,48,Not Ready,Failed
6515,JOB015,DAILY_ANALYTICS,Data Transfer,7,Tuesday,23,21,6,88,7043,60,95,Ready,Success
6516,JOB006,FINANCE_REPORT,Synchronization,22,Saturday,16,16,1,32,188329,23,73,Ready,Success
6517,JOB006,FINANCE_REPORT,Data Processing,15,Friday,15,7,7,53,467274,22,51,Ready,Success
6518,JOB015,DAILY_ANALYTICS,Backup,12,Monday,19,8,0,65,447165,70,84,Delayed,Failed
6519,JOB001,DAILY_SALES,Data Processing,2,Saturday,21,9,9,110,388097,74,62,Ready,Success
6520,JOB011,EMPLOYEE_DATA_SYNC,Synchronization,15,Saturday,5,10,2,41,143625,82,88,Ready,Success
6521,JOB003,INVENTORY_UPDATE,Backup,8,Friday,6,0,7,7,95045,68,95,Delayed,Failed
6522,JOB014,MASTER_DATA_SYNC,Data Transfer,13,Thursday,13,14,9,13,299672,91,35,Ready,Failed
6523,JOB017,INVOICE_PROCESSING,Backup,12,Wednesday,10,7,7,120,292928,89,40,Ready,Success
6524,JOB003,INVENTORY_UPDATE,Synchronization,20,Wednesday,11,18,4,90,74904,88,52,Delayed,Success
6525,JOB011,EMPLOYEE_DATA_SYNC,Data Processing,6,Sunday,13,11,4,93,54192,27,45,Delayed,Success
6526,JOB005,BACKUP_JOB,Data Transfer,14,Tuesday,4,5,7,6,269314,27,22,Delayed,Success
6527,JOB013,LOG_CLEANUP,Reporting,6,Thursday,4,9,9,27,41896,38,42,Not Ready,Success
6528,JOB011,EMPLOYEE_DATA_SYNC,Reporting,5,Friday,19,23,4,55,207112,93,73,Ready,Success
6529,JOB018,VENDOR_DATA_SYNC,Synchronization,1,Thursday,21,4,8,21,368431,74,66,Delayed,Failed
6530,JOB015,DAILY_ANALYTICS,Synchronization,8,Thursday,22,23,0,29,491288,92,55,Delayed,Failed
6531,JOB004,DATA_TRANSFER,Data Transfer,21,Wednesday,25,6,4,80,357926,91,54,Ready,Failed
6532,JOB020,ARCHIVE_JOB,Data Processing,23,Friday,14,6,2,31,86919,27,62,Ready,Success
6533,JOB011,EMPLOYEE_DATA_SYNC,Backup,16,Monday,25,22,2,24,45007,76,52,Delayed,Success
6534,JOB002,MONTHLY_PAYROLL,Reporting,4,Saturday,0,24,1,77,206330,91,24,Ready,Success
6535,JOB010,ORDER_PROCESSING,Reporting,11,Wednesday,24,21,2,91,61849,26,23,Ready,Success
6536,JOB009,STOCK_UPDATE,Synchronization,0,Friday,30,21,6,40,259540,65,77,Not Ready,Failed
6537,JOB018,VENDOR_DATA_SYNC,Synchronization,9,Tuesday,29,26,7,32,113917,41,71,Ready,Failed
6538,JOB017,INVOICE_PROCESSING,Data Processing,10,Saturday,23,8,7,118,376782,63,91,Delayed,Failed
6539,JOB005,BACKUP_JOB,Data Transfer,15,Saturday,22,14,7,116,143681,24,94,Delayed,Failed
6540,JOB008,SALES_REPORT,Reporting,13,Wednesday,8,5,0,33,45610,44,69,Ready,Success
6541,JOB008,SALES_REPORT,Data Processing,7,Sunday,2,15,6,46,100565,66,46,Delayed,Success
6542,JOB014,MASTER_DATA_SYNC,Data Transfer,23,Tuesday,25,6,1,62,252016,62,29,Ready,Failed
6543,JOB005,BACKUP_JOB,Reporting,16,Wednesday,3,14,9,36,333962,34,81,Ready,Success
6544,JOB017,INVOICE_PROCESSING,Backup,17,Thursday,15,22,3,16,282414,83,39,Not Ready,Success
6545,JOB007,CUSTOMER_REPORT,Data Processing,11,Sunday,6,1,4,34,153398,50,51,Ready,Success
6546,JOB007,CUSTOMER_REPORT,Reporting,16,Friday,21,28,0,64,253803,63,67,Ready,Success
6547,JOB010,ORDER_PROCESSING,Data Transfer,13,Tuesday,13,27,3,15,226572,66,68,Ready,Success
6548,JOB007,CUSTOMER_REPORT,Reporting,15,Saturday,15,7,3,105,415747,31,45,Ready,Success
6549,JOB012,DATABASE_BACKUP,Backup,13,Wednesday,28,11,8,88,189671,83,54,Ready,Failed
6550,JOB018,VENDOR_DATA_SYNC,Synchronization,8,Saturday,17,10,8,15,440176,42,47,Ready,Failed
6551,JOB017,INVOICE_PROCESSING,Synchronization,3,Tuesday,15,5,9,116,287498,69,84,Ready,Failed
6552,JOB011,EMPLOYEE_DATA_SYNC,Data Processing,22,Saturday,15,19,0,115,344663,55,45,Ready,Failed
6553,JOB017,INVOICE_PROCESSING,Data Transfer,10,Wednesday,1,26,7,106,39639,30,77,Ready,Failed
6554,JOB007,CUSTOMER_REPORT,Backup,5,Sunday,9,12,3,113,215770,66,25,Ready,Success
6555,JOB016,WAREHOUSE_UPDATE,Data Transfer,14,Wednesday,6,22,3,84,104064,75,69,Ready,Failed
6556,JOB017,INVOICE_PROCESSING,Data Processing,4,Monday,24,15,4,103,218352,88,68,Ready,Failed
6557,JOB020,ARCHIVE_JOB,Backup,10,Saturday,26,7,1,54,363428,56,77,Delayed,Failed
6558,JOB013,LOG_CLEANUP,Reporting,17,Monday,14,16,0,5,444955,29,65,Ready,Success
6559,JOB010,ORDER_PROCESSING,Synchronization,12,Sunday,27,25,4,93,160200,75,40,Not Ready,Failed
6560,JOB006,FINANCE_REPORT,Reporting,10,Monday,8,28,6,117,484728,61,44,Delayed,Success
6561,JOB016,WAREHOUSE_UPDATE,Reporting,13,Saturday,6,12,9,31,351667,49,82,Delayed,Failed
6562,JOB008,SALES_REPORT,Data Transfer,17,Tuesday,26,3,8,120,46832,41,85,Ready,Success
6563,JOB012,DATABASE_BACKUP,Data Transfer,18,Thursday,23,19,1,36,348701,74,54,Ready,Success
6564,JOB012,DATABASE_BACKUP,Data Processing,23,Sunday,15,9,7,10,90220,57,52,Ready,Success
6565,JOB019,SYSTEM_MONITORING,Reporting,14,Wednesday,25,24,6,45,57316,75,69,Not Ready,Failed
6566,JOB019,SYSTEM_MONITORING,Reporting,8,Friday,2,28,1,40,288934,90,43,Ready,Success
6567,JOB003,INVENTORY_UPDATE,Reporting,7,Sunday,16,21,4,43,329827,55,42,Ready,Success
6568,JOB001,DAILY_SALES,Synchronization,19,Monday,22,19,6,91,6550,30,56,Ready,Success
6569,JOB006,FINANCE_REPORT,Backup,0,Tuesday,7,15,2,97,286913,26,82,Ready,Success
6570,JOB012,DATABASE_BACKUP,Synchronization,3,Saturday,1,28,1,34,101754,53,75,Ready,Failed
6571,JOB001,DAILY_SALES,Reporting,13,Tuesday,30,16,5,90,139210,82,82,Delayed,Failed
6572,JOB018,VENDOR_DATA_SYNC,Data Processing,1,Tuesday,24,7,9,61,250153,21,38,Ready,Failed
6573,JOB002,MONTHLY_PAYROLL,Backup,15,Saturday,19,10,5,15,441620,81,40,Ready,Failed
6574,JOB018,VENDOR_DATA_SYNC,Backup,2,Friday,25,24,3,94,454702,26,58,Ready,Failed
6575,JOB012,DATABASE_BACKUP,Reporting,7,Saturday,26,4,0,91,213936,62,91,Ready,Success
6576,JOB005,BACKUP_JOB,Data Processing,5,Friday,24,20,4,7,367805,37,45,Ready,Failed
6577,JOB020,ARCHIVE_JOB,Synchronization,15,Saturday,28,25,0,52,337745,39,70,Ready,Success
6578,JOB004,DATA_TRANSFER,Data Transfer,23,Monday,2,15,7,10,449032,26,79,Ready,Failed
6579,JOB003,INVENTORY_UPDATE,Synchronization,15,Friday,7,23,1,11,337245,71,25,Delayed,Success
6580,JOB004,DATA_TRANSFER,Backup,6,Monday,26,7,8,48,491831,56,26,Ready,Failed
6581,JOB007,CUSTOMER_REPORT,Data Processing,12,Sunday,1,20,8,107,264338,65,79,Delayed,Success
6582,JOB019,SYSTEM_MONITORING,Reporting,12,Friday,30,15,2,65,171327,61,80,Ready,Failed
6583,JOB011,EMPLOYEE_DATA_SYNC,Synchronization,4,Friday,29,3,5,58,184751,79,24,Ready,Success
6584,JOB016,WAREHOUSE_UPDATE,Backup,19,Saturday,18,5,8,55,292677,51,27,Ready,Success
6585,JOB003,INVENTORY_UPDATE,Data Transfer,21,Friday,16,25,6,90,86401,57,52,Ready,Success
6586,JOB017,INVOICE_PROCESSING,Reporting,17,Monday,4,20,3,52,242964,58,76,Delayed,Success
6587,JOB015,DAILY_ANALYTICS,Reporting,14,Sunday,19,7,2,118,137687,45,31,Ready,Success
6588,JOB003,INVENTORY_UPDATE,Data Transfer,17,Saturday,28,8,1,110,368906,49,56,Delayed,Failed
6589,JOB020,ARCHIVE_JOB,Synchronization,1,Wednesday,16,12,9,65,16084,60,34,Delayed,Success
6590,JOB011,EMPLOYEE_DATA_SYNC,Backup,9,Sunday,9,16,9,101,402232,28,36,Ready,Failed
6591,JOB004,DATA_TRANSFER,Synchronization,22,Sunday,8,8,0,44,228764,51,56,Delayed,Success
6592,JOB020,ARCHIVE_JOB,Data Transfer,12,Monday,21,12,9,7,158797,75,70,Ready,Success
6593,JOB014,MASTER_DATA_SYNC,Data Processing,17,Sunday,5,8,0,34,35825,72,48,Not Ready,Failed
6594,JOB001,DAILY_SALES,Data Processing,14,Wednesday,29,5,3,116,45072,26,22,Delayed,Failed
6595,JOB018,VENDOR_DATA_SYNC,Data Transfer,11,Tuesday,10,26,3,28,413017,95,94,Ready,Failed
6596,JOB017,INVOICE_PROCESSING,Reporting,14,Saturday,1,9,8,71,495352,42,45,Ready,Failed
6597,JOB015,DAILY_ANALYTICS,Backup,12,Tuesday,30,4,9,6,300390,71,64,Ready,Failed
6598,JOB020,ARCHIVE_JOB,Backup,17,Saturday,29,6,0,48,417070,40,25,Ready,Success
6599,JOB013,LOG_CLEANUP,Reporting,14,Sunday,22,10,3,44,58793,95,73,Ready,Success
6600,JOB001,DAILY_SALES,Data Processing,22,Saturday,11,23,2,23,169458,42,38,Delayed,Success
6601,JOB002,MONTHLY_PAYROLL,Reporting,10,Monday,11,8,8,67,408358,88,32,Ready,Failed
6602,JOB011,EMPLOYEE_DATA_SYNC,Data Processing,18,Wednesday,30,24,4,28,18393,37,76,Ready,Success
6603,JOB005,BACKUP_JOB,Synchronization,2,Saturday,15,9,8,54,397994,56,92,Delayed,Failed
6604,JOB015,DAILY_ANALYTICS,Data Transfer,6,Wednesday,24,10,9,24,231317,26,76,Delayed,Failed
6605,JOB009,STOCK_UPDATE,Data Processing,20,Saturday,21,2,5,61,233979,80,65,Ready,Success
6606,JOB001,DAILY_SALES,Reporting,13,Wednesday,26,28,8,115,103284,22,31,Ready,Failed
6607,JOB009,STOCK_UPDATE,Data Transfer,13,Tuesday,23,7,0,117,147390,20,48,Ready,Success
6608,JOB011,EMPLOYEE_DATA_SYNC,Data Processing,21,Monday,11,16,3,54,496888,79,84,Delayed,Failed
6609,JOB012,DATABASE_BACKUP,Reporting,12,Saturday,20,6,3,99,310212,25,68,Ready,Success
6610,JOB001,DAILY_SALES,Synchronization,11,Thursday,17,11,9,118,239069,90,23,Ready,Success
6611,JOB016,WAREHOUSE_UPDATE,Reporting,23,Wednesday,12,15,9,109,45778,77,47,Not Ready,Failed
6612,JOB016,WAREHOUSE_UPDATE,Synchronization,8,Wednesday,14,14,5,62,492423,50,69,Delayed,Success
6613,JOB007,CUSTOMER_REPORT,Data Transfer,0,Thursday,15,20,9,35,98506,27,31,Ready,Failed
6614,JOB003,INVENTORY_UPDATE,Synchronization,18,Monday,3,28,0,41,395466,34,37,Delayed,Failed
6615,JOB005,BACKUP_JOB,Data Processing,10,Wednesday,11,12,9,111,450377,26,25,Not Ready,Failed
6616,JOB004,DATA_TRANSFER,Synchronization,22,Monday,16,17,4,97,175420,26,87,Ready,Failed
6617,JOB003,INVENTORY_UPDATE,Reporting,21,Wednesday,0,17,2,8,281847,52,95,Delayed,Failed
6618,JOB003,INVENTORY_UPDATE,Data Processing,22,Sunday,21,23,0,62,432894,60,42,Ready,Success
6619,JOB020,ARCHIVE_JOB,Synchronization,23,Friday,30,4,5,14,220530,76,47,Ready,Success
6620,JOB003,INVENTORY_UPDATE,Reporting,21,Sunday,17,13,2,67,315491,26,94,Ready,Success
6621,JOB018,VENDOR_DATA_SYNC,Data Transfer,18,Wednesday,21,27,3,40,331637,78,59,Ready,Success
6622,JOB012,DATABASE_BACKUP,Backup,17,Friday,15,10,8,59,416938,39,67,Ready,Failed
6623,JOB017,INVOICE_PROCESSING,Reporting,11,Saturday,0,2,1,103,277038,90,53,Ready,Success
6624,JOB017,INVOICE_PROCESSING,Data Processing,22,Monday,26,16,0,61,320207,69,81,Delayed,Success
6625,JOB008,SALES_REPORT,Data Transfer,0,Wednesday,9,26,9,116,26772,33,77,Ready,Failed
6626,JOB001,DAILY_SALES,Data Transfer,18,Tuesday,18,22,5,89,99290,34,53,Delayed,Success
6627,JOB017,INVOICE_PROCESSING,Data Transfer,19,Tuesday,15,26,0,47,168114,29,76,Ready,Success
6628,JOB009,STOCK_UPDATE,Synchronization,16,Thursday,13,11,0,109,92168,84,48,Ready,Failed
6629,JOB011,EMPLOYEE_DATA_SYNC,Data Transfer,4,Tuesday,24,2,6,69,371898,74,71,Ready,Failed
6630,JOB013,LOG_CLEANUP,Data Transfer,2,Friday,1,22,1,110,489236,47,27,Ready,Success
6631,JOB003,INVENTORY_UPDATE,Backup,1,Tuesday,23,27,3,16,65181,67,35,Ready,Failed
6632,JOB018,VENDOR_DATA_SYNC,Synchronization,2,Tuesday,5,1,3,66,442072,22,49,Ready,Success
6633,JOB010,ORDER_PROCESSING,Reporting,7,Tuesday,27,3,1,28,430032,79,45,Delayed,Failed
6634,JOB015,DAILY_ANALYTICS,Reporting,15,Wednesday,21,17,5,6,101210,22,76,Ready,Success
6635,JOB001,DAILY_SALES,Data Processing,5,Thursday,22,19,9,51,69475,94,58,Delayed,Failed
6636,JOB006,FINANCE_REPORT,Data Transfer,12,Monday,4,20,1,60,490302,87,52,Delayed,Failed
6637,JOB015,DAILY_ANALYTICS,Data Processing,22,Thursday,11,13,7,88,274814,58,50,Ready,Failed
6638,JOB007,CUSTOMER_REPORT,Reporting,21,Friday,26,7,3,20,108036,73,40,Ready,Success
6639,JOB006,FINANCE_REPORT,Data Transfer,21,Wednesday,3,1,0,38,386541,51,69,Not Ready,Success
6640,JOB015,DAILY_ANALYTICS,Data Transfer,15,Saturday,21,25,6,81,358286,35,25,Ready,Success
6641,JOB018,VENDOR_DATA_SYNC,Reporting,15,Wednesday,23,18,5,22,455788,36,79,Delayed,Failed
6642,JOB013,LOG_CLEANUP,Data Transfer,2,Sunday,3,9,5,33,343111,30,92,Ready,Success
6643,JOB001,DAILY_SALES,Synchronization,12,Tuesday,4,27,2,58,124303,51,32,Delayed,Failed
6644,JOB018,VENDOR_DATA_SYNC,Data Transfer,13,Tuesday,6,28,9,55,403265,46,77,Delayed,Success
6645,JOB003,INVENTORY_UPDATE,Data Transfer,7,Friday,5,4,6,111,229301,24,63,Ready,Failed
6646,JOB012,DATABASE_BACKUP,Data Processing,11,Saturday,12,10,5,18,250937,37,51,Not Ready,Failed
6647,JOB001,DAILY_SALES,Backup,22,Sunday,3,27,9,98,274172,22,78,Ready,Failed
6648,JOB007,CUSTOMER_REPORT,Reporting,22,Wednesday,12,27,9,62,367906,47,64,Ready,Failed
6649,JOB008,SALES_REPORT,Reporting,21,Saturday,3,8,8,39,297664,85,74,Ready,Failed
6650,JOB015,DAILY_ANALYTICS,Reporting,20,Monday,9,15,2,13,292731,53,68,Delayed,Success
6651,JOB005,BACKUP_JOB,Data Processing,7,Thursday,19,25,2,41,450815,41,80,Ready,Success
6652,JOB003,INVENTORY_UPDATE,Data Transfer,20,Wednesday,0,26,3,114,281194,49,59,Ready,Failed
6653,JOB007,CUSTOMER_REPORT,Backup,8,Saturday,20,4,2,107,327741,67,53,Ready,Success
6654,JOB004,DATA_TRANSFER,Data Processing,0,Monday,7,14,3,16,461615,84,31,Not Ready,Success
6655,JOB002,MONTHLY_PAYROLL,Backup,5,Monday,6,13,5,89,398677,80,34,Ready,Success
6656,JOB007,CUSTOMER_REPORT,Synchronization,22,Sunday,4,8,0,86,244512,38,28,Ready,Success
6657,JOB001,DAILY_SALES,Synchronization,18,Sunday,2,19,1,15,372053,71,39,Ready,Success
6658,JOB011,EMPLOYEE_DATA_SYNC,Data Processing,22,Thursday,14,25,9,31,170052,60,68,Delayed,Failed
6659,JOB009,STOCK_UPDATE,Data Processing,10,Monday,30,4,5,92,3118,84,33,Ready,Failed
6660,JOB010,ORDER_PROCESSING,Backup,10,Friday,26,14,5,109,210221,69,24,Ready,Success
6661,JOB019,SYSTEM_MONITORING,Data Processing,22,Monday,16,8,0,47,39394,60,67,Ready,Failed
6662,JOB015,DAILY_ANALYTICS,Data Transfer,12,Saturday,28,3,5,54,174381,52,76,Ready,Success
6663,JOB010,ORDER_PROCESSING,Data Processing,10,Sunday,22,20,8,102,487219,36,79,Delayed,Failed
6664,JOB017,INVOICE_PROCESSING,Data Processing,17,Friday,12,20,7,24,270502,74,91,Ready,Failed
6665,JOB012,DATABASE_BACKUP,Data Transfer,22,Sunday,14,3,9,17,375997,65,62,Ready,Success
6666,JOB004,DATA_TRANSFER,Reporting,14,Sunday,26,19,4,51,43030,78,83,Ready,Failed
6667,JOB014,MASTER_DATA_SYNC,Reporting,0,Sunday,18,26,3,12,477889,90,21,Ready,Success
6668,JOB019,SYSTEM_MONITORING,Synchronization,20,Monday,19,20,5,105,224320,76,20,Ready,Success
6669,JOB013,LOG_CLEANUP,Data Processing,6,Tuesday,13,27,4,73,488186,39,83,Ready,Failed
6670,JOB004,DATA_TRANSFER,Synchronization,22,Monday,20,21,5,75,319435,60,91,Ready,Success
6671,JOB007,CUSTOMER_REPORT,Data Processing,12,Sunday,12,6,9,68,424138,94,43,Ready,Failed
6672,JOB018,VENDOR_DATA_SYNC,Data Transfer,11,Friday,30,14,2,48,256372,90,21,Ready,Failed
6673,JOB011,EMPLOYEE_DATA_SYNC,Backup,17,Monday,11,21,6,120,367808,57,78,Ready,Success
6674,JOB013,LOG_CLEANUP,Data Processing,23,Sunday,23,16,7,16,64215,46,53,Ready,Success
6675,JOB017,INVOICE_PROCESSING,Synchronization,18,Sunday,28,17,4,109,245012,28,75,Ready,Success
6676,JOB015,DAILY_ANALYTICS,Synchronization,14,Monday,22,6,4,8,438663,87,95,Delayed,Failed
6677,JOB015,DAILY_ANALYTICS,Data Processing,7,Monday,8,29,3,44,374661,57,24,Delayed,Success
6678,JOB017,INVOICE_PROCESSING,Synchronization,18,Friday,26,18,9,23,294716,44,74,Ready,Success
6679,JOB005,BACKUP_JOB,Synchronization,9,Monday,2,27,4,58,159589,33,55,Ready,Success
6680,JOB009,STOCK_UPDATE,Data Transfer,6,Thursday,29,9,9,5,21649,56,91,Ready,Failed
6681,JOB004,DATA_TRANSFER,Synchronization,17,Saturday,10,26,7,111,100692,69,74,Ready,Success
6682,JOB020,ARCHIVE_JOB,Reporting,15,Thursday,9,12,4,17,30927,91,29,Delayed,Failed
6683,JOB007,CUSTOMER_REPORT,Reporting,19,Friday,0,1,8,54,386643,61,65,Ready,Success
6684,JOB010,ORDER_PROCESSING,Backup,5,Tuesday,16,21,0,57,405807,94,71,Ready,Failed
6685,JOB001,DAILY_SALES,Reporting,8,Thursday,27,26,6,120,157904,73,81,Ready,Failed
6686,JOB002,MONTHLY_PAYROLL,Reporting,20,Sunday,25,19,4,46,86638,54,23,Ready,Success
6687,JOB010,ORDER_PROCESSING,Data Transfer,12,Saturday,12,27,3,113,392810,50,75,Delayed,Success
6688,JOB008,SALES_REPORT,Data Processing,20,Wednesday,13,10,2,29,457740,65,30,Ready,Failed
6689,JOB019,SYSTEM_MONITORING,Data Transfer,7,Saturday,0,4,9,48,204522,36,69,Ready,Success
6690,JOB001,DAILY_SALES,Synchronization,15,Thursday,1,5,6,113,301433,72,80,Delayed,Failed
6691,JOB002,MONTHLY_PAYROLL,Reporting,12,Wednesday,1,2,1,102,247770,41,42,Ready,Success
6692,JOB016,WAREHOUSE_UPDATE,Synchronization,12,Friday,6,0,4,103,339555,77,49,Delayed,Failed
6693,JOB002,MONTHLY_PAYROLL,Data Processing,16,Saturday,8,2,1,65,394641,60,44,Delayed,Success
6694,JOB004,DATA_TRANSFER,Data Processing,22,Tuesday,23,2,6,85,424816,22,49,Ready,Success
6695,JOB016,WAREHOUSE_UPDATE,Backup,19,Wednesday,30,21,5,94,242592,82,58,Ready,Failed
6696,JOB019,SYSTEM_MONITORING,Backup,4,Wednesday,3,3,9,25,343423,85,93,Delayed,Failed
6697,JOB008,SALES_REPORT,Data Transfer,21,Saturday,1,6,6,55,466670,65,30,Ready,Success
6698,JOB017,INVOICE_PROCESSING,Reporting,20,Thursday,18,28,8,80,401224,27,92,Ready,Failed
6699,JOB003,INVENTORY_UPDATE,Synchronization,16,Wednesday,25,14,1,84,304320,58,55,Delayed,Failed
6700,JOB017,INVOICE_PROCESSING,Backup,8,Friday,4,10,8,56,105617,44,71,Ready,Success
6701,JOB003,INVENTORY_UPDATE,Data Processing,1,Saturday,8,17,6,67,9801,66,24,Ready,Success
6702,JOB012,DATABASE_BACKUP,Data Processing,17,Friday,23,11,1,88,406861,53,95,Not Ready,Failed
6703,JOB006,FINANCE_REPORT,Backup,8,Saturday,12,3,9,58,492705,87,93,Ready,Failed
6704,JOB014,MASTER_DATA_SYNC,Data Processing,5,Friday,11,23,1,14,26300,76,33,Ready,Success
6705,JOB008,SALES_REPORT,Reporting,10,Thursday,29,10,3,91,407373,44,39,Ready,Failed
6706,JOB006,FINANCE_REPORT,Reporting,5,Saturday,18,5,1,115,141087,92,39,Not Ready,Failed
6707,JOB013,LOG_CLEANUP,Data Transfer,5,Sunday,8,25,0,98,322255,81,63,Ready,Success
6708,JOB002,MONTHLY_PAYROLL,Reporting,12,Tuesday,9,18,5,63,76705,58,44,Ready,Success
6709,JOB005,BACKUP_JOB,Backup,10,Thursday,18,25,9,12,148345,95,60,Delayed,Failed
6710,JOB009,STOCK_UPDATE,Backup,13,Friday,9,27,4,55,112270,26,88,Ready,Success
6711,JOB001,DAILY_SALES,Reporting,1,Saturday,11,17,2,9,29465,25,21,Not Ready,Failed
6712,JOB012,DATABASE_BACKUP,Backup,7,Thursday,13,14,0,80,477320,73,31,Delayed,Failed
6713,JOB016,WAREHOUSE_UPDATE,Data Transfer,2,Friday,7,2,8,46,324867,38,47,Not Ready,Failed
6714,JOB018,VENDOR_DATA_SYNC,Data Transfer,22,Monday,15,16,7,82,287903,66,63,Ready,Failed
6715,JOB015,DAILY_ANALYTICS,Data Processing,20,Monday,16,0,5,16,217600,38,32,Ready,Failed
6716,JOB010,ORDER_PROCESSING,Data Transfer,2,Wednesday,19,1,5,28,474229,53,62,Ready,Failed
6717,JOB009,STOCK_UPDATE,Synchronization,0,Tuesday,3,29,3,49,496286,62,74,Ready,Success
6718,JOB005,BACKUP_JOB,Reporting,23,Monday,5,18,1,57,76347,32,27,Ready,Success
6719,JOB010,ORDER_PROCESSING,Backup,18,Sunday,11,28,3,57,300238,55,83,Not Ready,Failed
6720,JOB016,WAREHOUSE_UPDATE,Backup,17,Friday,27,8,1,21,25019,44,31,Ready,Success
6721,JOB020,ARCHIVE_JOB,Data Transfer,16,Thursday,17,7,6,69,213870,75,60,Delayed,Failed
6722,JOB006,FINANCE_REPORT,Data Transfer,19,Saturday,6,11,8,110,3435,40,63,Delayed,Success
6723,JOB010,ORDER_PROCESSING,Data Transfer,23,Thursday,4,26,1,62,132806,53,30,Ready,Success
6724,JOB014,MASTER_DATA_SYNC,Backup,12,Wednesday,9,26,8,41,164997,44,38,Ready,Failed
6725,JOB017,INVOICE_PROCESSING,Synchronization,2,Thursday,5,14,8,79,190757,30,79,Ready,Success
6726,JOB011,EMPLOYEE_DATA_SYNC,Backup,0,Monday,26,24,7,46,497824,38,91,Ready,Failed
6727,JOB006,FINANCE_REPORT,Data Transfer,3,Thursday,13,22,0,74,381324,68,46,Delayed,Failed
6728,JOB014,MASTER_DATA_SYNC,Synchronization,12,Monday,5,6,4,83,181218,68,90,Ready,Success
6729,JOB019,SYSTEM_MONITORING,Data Transfer,16,Monday,29,20,9,109,361439,53,46,Not Ready,Failed
6730,JOB010,ORDER_PROCESSING,Synchronization,10,Tuesday,13,15,3,44,270908,21,33,Ready,Success
6731,JOB013,LOG_CLEANUP,Data Transfer,1,Wednesday,11,6,6,27,392744,49,43,Ready,Success
6732,JOB007,CUSTOMER_REPORT,Synchronization,15,Sunday,29,19,7,27,280603,57,83,Delayed,Failed
6733,JOB008,SALES_REPORT,Reporting,1,Sunday,26,20,9,106,71658,34,43,Ready,Failed
6734,JOB003,INVENTORY_UPDATE,Synchronization,18,Friday,21,11,7,106,375860,94,21,Delayed,Failed
6735,JOB015,DAILY_ANALYTICS,Data Transfer,22,Sunday,25,16,1,53,31342,79,71,Ready,Success
6736,JOB017,INVOICE_PROCESSING,Data Processing,18,Monday,11,10,2,80,174893,23,31,Not Ready,Success
6737,JOB016,WAREHOUSE_UPDATE,Data Transfer,15,Saturday,7,3,9,11,173030,33,84,Ready,Success
6738,JOB005,BACKUP_JOB,Data Processing,21,Wednesday,9,18,9,41,323117,27,79,Ready,Success
6739,JOB011,EMPLOYEE_DATA_SYNC,Backup,18,Friday,15,1,6,20,320137,30,77,Delayed,Success
6740,JOB011,EMPLOYEE_DATA_SYNC,Synchronization,8,Sunday,19,1,3,42,24135,69,61,Ready,Success
6741,JOB019,SYSTEM_MONITORING,Synchronization,0,Sunday,25,23,5,108,382967,95,20,Ready,Failed
6742,JOB015,DAILY_ANALYTICS,Data Transfer,9,Saturday,7,16,7,103,187597,57,41,Ready,Failed
6743,JOB014,MASTER_DATA_SYNC,Backup,18,Thursday,8,23,7,44,120687,43,91,Ready,Failed
6744,JOB011,EMPLOYEE_DATA_SYNC,Data Transfer,0,Wednesday,12,8,6,33,69500,57,32,Ready,Success
6745,JOB011,EMPLOYEE_DATA_SYNC,Reporting,1,Saturday,28,21,1,107,223072,81,84,Ready,Failed
6746,JOB012,DATABASE_BACKUP,Reporting,15,Sunday,19,0,1,21,80114,75,57,Delayed,Success
6747,JOB006,FINANCE_REPORT,Data Processing,11,Wednesday,16,9,2,119,178457,84,83,Ready,Failed
6748,JOB001,DAILY_SALES,Synchronization,7,Wednesday,18,27,3,94,90942,36,95,Not Ready,Failed
6749,JOB012,DATABASE_BACKUP,Data Processing,22,Sunday,16,22,0,24,301037,36,71,Ready,Failed
6750,JOB002,MONTHLY_PAYROLL,Data Processing,17,Thursday,6,14,4,114,198741,46,51,Ready,Success
6751,JOB004,DATA_TRANSFER,Synchronization,1,Thursday,27,20,6,29,169078,44,46,Ready,Success
6752,JOB009,STOCK_UPDATE,Reporting,12,Sunday,0,14,9,64,6786,95,80,Ready,Failed
6753,JOB016,WAREHOUSE_UPDATE,Data Processing,5,Wednesday,26,24,4,42,29878,68,81,Ready,Success
6754,JOB009,STOCK_UPDATE,Synchronization,20,Saturday,19,22,6,67,187796,77,22,Delayed,Success
6755,JOB010,ORDER_PROCESSING,Reporting,5,Tuesday,28,20,4,43,107661,20,50,Ready,Failed
6756,JOB002,MONTHLY_PAYROLL,Synchronization,8,Monday,13,28,9,68,212203,32,83,Ready,Success
6757,JOB001,DAILY_SALES,Synchronization,15,Thursday,16,1,7,105,351157,72,61,Delayed,Success
6758,JOB001,DAILY_SALES,Data Transfer,10,Sunday,12,13,6,87,78484,40,77,Not Ready,Failed
6759,JOB002,MONTHLY_PAYROLL,Reporting,6,Tuesday,28,3,0,25,451680,20,62,Not Ready,Failed
6760,JOB010,ORDER_PROCESSING,Data Processing,9,Thursday,1,17,0,36,380829,50,51,Delayed,Success
6761,JOB020,ARCHIVE_JOB,Synchronization,9,Wednesday,26,8,4,32,439684,80,49,Ready,Failed
6762,JOB009,STOCK_UPDATE,Data Transfer,19,Sunday,30,1,1,107,471155,22,80,Ready,Failed
6763,JOB008,SALES_REPORT,Backup,17,Tuesday,13,1,8,109,498831,94,47,Delayed,Failed
6764,JOB003,INVENTORY_UPDATE,Backup,23,Sunday,0,17,1,16,233531,48,64,Not Ready,Success
6765,JOB012,DATABASE_BACKUP,Data Transfer,19,Saturday,28,16,8,115,476556,67,29,Ready,Success
6766,JOB011,EMPLOYEE_DATA_SYNC,Reporting,8,Saturday,4,8,9,83,469673,81,35,Not Ready,Failed
6767,JOB001,DAILY_SALES,Backup,14,Friday,6,7,1,96,167675,44,50,Delayed,Success
6768,JOB016,WAREHOUSE_UPDATE,Data Processing,3,Monday,18,1,3,89,199693,53,29,Ready,Success
6769,JOB006,FINANCE_REPORT,Data Transfer,7,Monday,13,1,2,84,40837,37,93,Ready,Success
6770,JOB010,ORDER_PROCESSING,Synchronization,8,Thursday,23,4,5,27,286998,84,31,Ready,Failed
6771,JOB013,LOG_CLEANUP,Data Transfer,12,Monday,13,11,3,120,232761,47,47,Ready,Success
6772,JOB013,LOG_CLEANUP,Data Processing,8,Sunday,14,28,8,94,486105,23,37,Ready,Failed
6773,JOB002,MONTHLY_PAYROLL,Data Transfer,3,Sunday,4,29,8,19,281905,40,71,Ready,Success
6774,JOB011,EMPLOYEE_DATA_SYNC,Data Processing,16,Friday,4,27,9,105,357550,89,47,Ready,Failed
6775,JOB006,FINANCE_REPORT,Data Processing,15,Saturday,28,15,8,16,53009,40,47,Delayed,Failed
6776,JOB008,SALES_REPORT,Data Transfer,14,Tuesday,20,13,2,8,472044,39,83,Ready,Failed
6777,JOB014,MASTER_DATA_SYNC,Data Transfer,2,Tuesday,23,19,2,39,2455,60,33,Ready,Success
6778,JOB014,MASTER_DATA_SYNC,Data Transfer,19,Saturday,1,1,3,99,59332,72,27,Ready,Failed
6779,JOB001,DAILY_SALES,Synchronization,4,Wednesday,17,23,8,65,14682,81,22,Ready,Failed
6780,JOB014,MASTER_DATA_SYNC,Synchronization,22,Saturday,30,7,5,31,472934,50,93,Ready,Failed
6781,JOB003,INVENTORY_UPDATE,Data Processing,4,Tuesday,29,28,8,100,265034,44,28,Delayed,Failed
6782,JOB011,EMPLOYEE_DATA_SYNC,Backup,19,Thursday,27,3,7,37,179278,88,66,Delayed,Failed
6783,JOB014,MASTER_DATA_SYNC,Data Transfer,14,Friday,23,29,6,17,126362,91,82,Ready,Failed
6784,JOB013,LOG_CLEANUP,Backup,17,Saturday,8,19,4,41,260979,36,59,Ready,Success
6785,JOB013,LOG_CLEANUP,Reporting,14,Wednesday,26,8,8,48,173681,39,43,Ready,Success
6786,JOB016,WAREHOUSE_UPDATE,Reporting,1,Thursday,27,19,3,6,322316,64,90,Ready,Success
6787,JOB008,SALES_REPORT,Data Transfer,12,Saturday,9,25,3,42,298340,69,32,Delayed,Success
6788,JOB002,MONTHLY_PAYROLL,Reporting,3,Thursday,25,26,7,41,203817,70,25,Ready,Success
6789,JOB015,DAILY_ANALYTICS,Backup,9,Saturday,17,24,3,63,95786,91,93,Ready,Failed
6790,JOB002,MONTHLY_PAYROLL,Reporting,12,Thursday,3,18,6,118,314613,52,70,Not Ready,Failed
6791,JOB009,STOCK_UPDATE,Data Transfer,9,Sunday,7,1,3,73,58390,48,79,Ready,Success
6792,JOB003,INVENTORY_UPDATE,Data Processing,8,Monday,17,15,0,22,425851,41,94,Ready,Success
6793,JOB018,VENDOR_DATA_SYNC,Synchronization,7,Thursday,19,10,9,52,390484,86,48,Ready,Success
6794,JOB012,DATABASE_BACKUP,Synchronization,2,Sunday,25,7,8,85,41816,22,35,Ready,Success
6795,JOB003,INVENTORY_UPDATE,Synchronization,15,Monday,28,11,3,70,188571,25,83,Delayed,Failed
6796,JOB015,DAILY_ANALYTICS,Data Processing,13,Tuesday,28,2,2,53,248875,59,74,Delayed,Failed
6797,JOB006,FINANCE_REPORT,Reporting,8,Monday,16,12,2,110,270426,95,48,Ready,Failed
6798,JOB004,DATA_TRANSFER,Synchronization,20,Thursday,15,1,8,62,237569,88,74,Ready,Failed
6799,JOB018,VENDOR_DATA_SYNC,Backup,10,Friday,17,12,7,39,82454,24,79,Ready,Failed
6800,JOB012,DATABASE_BACKUP,Reporting,2,Friday,6,26,9,82,11446,22,60,Ready,Success
6801,JOB005,BACKUP_JOB,Data Processing,4,Tuesday,0,7,6,119,17456,23,28,Ready,Failed
6802,JOB008,SALES_REPORT,Synchronization,9,Thursday,27,14,6,80,96490,82,25,Delayed,Failed
6803,JOB014,MASTER_DATA_SYNC,Reporting,12,Monday,0,23,3,62,397673,24,48,Ready,Success
6804,JOB009,STOCK_UPDATE,Data Processing,3,Friday,17,20,2,101,248782,80,37,Not Ready,Failed
6805,JOB001,DAILY_SALES,Data Transfer,23,Saturday,3,8,3,11,476048,76,43,Ready,Failed
6806,JOB016,WAREHOUSE_UPDATE,Synchronization,12,Wednesday,22,10,5,107,299997,61,70,Delayed,Failed
6807,JOB018,VENDOR_DATA_SYNC,Data Transfer,11,Thursday,19,21,3,113,437253,75,36,Ready,Failed
6808,JOB016,WAREHOUSE_UPDATE,Data Transfer,4,Sunday,20,20,3,13,106892,91,40,Not Ready,Failed
6809,JOB012,DATABASE_BACKUP,Synchronization,9,Sunday,19,27,1,73,394168,47,81,Delayed,Success
6810,JOB012,DATABASE_BACKUP,Backup,23,Saturday,3,2,6,8,485354,74,94,Ready,Failed
6811,JOB014,MASTER_DATA_SYNC,Data Transfer,8,Saturday,24,6,5,36,244208,57,73,Ready,Success
6812,JOB008,SALES_REPORT,Data Processing,19,Thursday,30,13,1,9,444911,42,30,Delayed,Success
6813,JOB005,BACKUP_JOB,Backup,6,Wednesday,5,14,4,60,226800,26,62,Delayed,Success
6814,JOB006,FINANCE_REPORT,Data Transfer,1,Friday,27,8,5,60,409439,57,27,Ready,Failed
6815,JOB013,LOG_CLEANUP,Data Transfer,21,Wednesday,2,19,4,120,152952,76,42,Ready,Success
6816,JOB020,ARCHIVE_JOB,Synchronization,23,Tuesday,5,10,3,48,498303,56,72,Ready,Failed
6817,JOB020,ARCHIVE_JOB,Synchronization,22,Monday,12,6,8,76,359343,25,59,Ready,Success
6818,JOB014,MASTER_DATA_SYNC,Reporting,6,Monday,22,11,2,17,469980,29,28,Ready,Failed
6819,JOB017,INVOICE_PROCESSING,Synchronization,7,Saturday,6,18,1,8,202357,46,43,Delayed,Success
6820,JOB010,ORDER_PROCESSING,Synchronization,6,Friday,23,26,8,56,268189,76,95,Ready,Failed
6821,JOB013,LOG_CLEANUP,Reporting,20,Wednesday,28,17,7,79,296759,35,95,Delayed,Failed
6822,JOB011,EMPLOYEE_DATA_SYNC,Backup,22,Saturday,3,12,8,19,131321,78,21,Ready,Success
6823,JOB001,DAILY_SALES,Reporting,13,Thursday,0,10,9,114,455640,47,89,Ready,Failed
6824,JOB007,CUSTOMER_REPORT,Synchronization,18,Saturday,5,0,2,86,223679,22,23,Ready,Success
6825,JOB005,BACKUP_JOB,Backup,4,Thursday,23,5,0,88,247694,76,80,Ready,Failed
6826,JOB005,BACKUP_JOB,Reporting,22,Thursday,4,20,0,5,100699,84,83,Ready,Success
6827,JOB001,DAILY_SALES,Reporting,17,Tuesday,12,1,2,69,482710,86,55,Ready,Failed
6828,JOB002,MONTHLY_PAYROLL,Reporting,19,Tuesday,18,12,3,15,214530,49,60,Not Ready,Success
6829,JOB014,MASTER_DATA_SYNC,Synchronization,11,Thursday,3,12,1,97,356675,38,57,Not Ready,Failed
6830,JOB019,SYSTEM_MONITORING,Data Transfer,22,Friday,23,18,7,65,320558,27,34,Ready,Success
6831,JOB018,VENDOR_DATA_SYNC,Reporting,16,Tuesday,5,8,2,97,227785,81,67,Ready,Success
6832,JOB014,MASTER_DATA_SYNC,Backup,12,Tuesday,12,18,3,92,293570,38,49,Ready,Failed
6833,JOB007,CUSTOMER_REPORT,Synchronization,1,Monday,30,22,5,88,277257,55,82,Not Ready,Failed
6834,JOB006,FINANCE_REPORT,Backup,12,Saturday,28,0,9,98,58599,88,44,Ready,Failed
6835,JOB016,WAREHOUSE_UPDATE,Data Transfer,6,Monday,4,22,5,67,327758,79,23,Not Ready,Failed
6836,JOB001,DAILY_SALES,Backup,9,Friday,12,24,1,42,470138,53,37,Ready,Success
6837,JOB013,LOG_CLEANUP,Reporting,22,Tuesday,24,27,5,73,329581,74,64,Delayed,Failed
6838,JOB003,INVENTORY_UPDATE,Backup,5,Sunday,9,26,3,49,222853,46,84,Delayed,Failed
6839,JOB013,LOG_CLEANUP,Backup,2,Tuesday,2,7,4,78,150339,58,92,Ready,Success
6840,JOB003,INVENTORY_UPDATE,Synchronization,2,Wednesday,22,22,6,74,205939,61,84,Ready,Failed
6841,JOB015,DAILY_ANALYTICS,Backup,17,Friday,24,25,6,72,52854,61,46,Not Ready,Failed
6842,JOB018,VENDOR_DATA_SYNC,Data Processing,10,Sunday,26,13,5,8,77396,67,79,Ready,Success
6843,JOB001,DAILY_SALES,Data Processing,21,Saturday,12,23,9,75,125326,50,78,Delayed,Failed
6844,JOB003,INVENTORY_UPDATE,Synchronization,19,Saturday,26,15,5,52,12110,41,44,Delayed,Success
6845,JOB020,ARCHIVE_JOB,Data Processing,4,Sunday,11,28,5,101,283687,60,53,Delayed,Failed
6846,JOB006,FINANCE_REPORT,Synchronization,18,Saturday,3,3,3,13,436470,43,69,Delayed,Failed
6847,JOB010,ORDER_PROCESSING,Backup,21,Sunday,9,17,2,94,96929,59,74,Not Ready,Failed
6848,JOB015,DAILY_ANALYTICS,Synchronization,18,Friday,25,13,0,119,386891,51,29,Ready,Success
6849,JOB020,ARCHIVE_JOB,Data Processing,14,Sunday,2,29,2,120,77610,70,77,Ready,Success
6850,JOB008,SALES_REPORT,Reporting,15,Sunday,16,26,2,51,259560,52,22,Not Ready,Success
6851,JOB017,INVOICE_PROCESSING,Reporting,23,Wednesday,8,8,8,109,358382,47,75,Delayed,Failed
6852,JOB004,DATA_TRANSFER,Data Processing,8,Wednesday,28,14,2,89,412016,82,46,Not Ready,Failed
6853,JOB002,MONTHLY_PAYROLL,Reporting,3,Monday,0,2,7,64,405480,41,35,Ready,Success
6854,JOB012,DATABASE_BACKUP,Synchronization,14,Friday,17,29,7,56,326678,37,57,Ready,Failed
6855,JOB006,FINANCE_REPORT,Data Processing,11,Friday,8,26,2,90,218955,21,72,Ready,Success
6856,JOB010,ORDER_PROCESSING,Data Transfer,22,Wednesday,20,3,9,37,55025,45,87,Ready,Success
6857,JOB003,INVENTORY_UPDATE,Backup,2,Thursday,19,22,9,62,350185,58,42,Ready,Success
6858,JOB008,SALES_REPORT,Data Transfer,22,Thursday,24,17,5,101,101886,36,75,Delayed,Success
6859,JOB013,LOG_CLEANUP,Synchronization,13,Monday,8,13,7,52,476494,35,94,Not Ready,Failed
6860,JOB014,MASTER_DATA_SYNC,Data Processing,16,Thursday,1,14,7,9,133572,46,72,Ready,Failed
6861,JOB004,DATA_TRANSFER,Backup,18,Thursday,18,7,9,89,41887,68,93,Ready,Failed
6862,JOB004,DATA_TRANSFER,Data Transfer,5,Thursday,27,27,9,31,358797,22,91,Ready,Success
6863,JOB003,INVENTORY_UPDATE,Synchronization,3,Tuesday,15,9,8,45,132886,61,86,Ready,Success
6864,JOB019,SYSTEM_MONITORING,Synchronization,6,Monday,2,23,8,5,108091,82,38,Ready,Failed
6865,JOB003,INVENTORY_UPDATE,Reporting,18,Wednesday,15,11,7,55,146611,48,23,Ready,Success
6866,JOB003,INVENTORY_UPDATE,Backup,16,Thursday,20,20,6,20,300978,21,48,Delayed,Failed
6867,JOB016,WAREHOUSE_UPDATE,Backup,15,Saturday,12,8,9,103,451786,33,64,Ready,Failed
6868,JOB008,SALES_REPORT,Data Transfer,14,Sunday,2,7,2,104,339867,31,40,Ready,Failed
6869,JOB015,DAILY_ANALYTICS,Backup,21,Tuesday,9,16,6,112,185059,43,73,Not Ready,Failed
6870,JOB020,ARCHIVE_JOB,Data Transfer,7,Thursday,21,8,3,36,382744,47,92,Ready,Failed
6871,JOB009,STOCK_UPDATE,Data Processing,18,Sunday,17,12,1,97,7086,37,71,Delayed,Success
6872,JOB006,FINANCE_REPORT,Data Processing,7,Sunday,5,29,7,107,498814,25,37,Delayed,Failed
6873,JOB020,ARCHIVE_JOB,Data Processing,17,Tuesday,5,13,1,51,274654,49,36,Not Ready,Success
6874,JOB004,DATA_TRANSFER,Data Transfer,15,Monday,17,4,0,27,473881,53,63,Ready,Success
6875,JOB010,ORDER_PROCESSING,Data Transfer,19,Saturday,5,8,4,19,297976,77,43,Ready,Failed
6876,JOB004,DATA_TRANSFER,Data Processing,18,Saturday,5,24,9,30,183575,47,25,Ready,Success
6877,JOB020,ARCHIVE_JOB,Data Processing,9,Saturday,21,25,8,41,15200,91,46,Ready,Failed
6878,JOB002,MONTHLY_PAYROLL,Backup,16,Thursday,27,25,4,93,420329,94,66,Ready,Failed
6879,JOB006,FINANCE_REPORT,Backup,12,Tuesday,12,15,1,59,368812,72,65,Ready,Success
6880,JOB001,DAILY_SALES,Data Transfer,12,Saturday,13,18,9,6,31141,35,54,Delayed,Failed
6881,JOB011,EMPLOYEE_DATA_SYNC,Reporting,6,Sunday,20,23,3,80,100668,45,76,Ready,Success
6882,JOB003,INVENTORY_UPDATE,Reporting,9,Sunday,6,22,7,23,247844,84,31,Ready,Failed
6883,JOB005,BACKUP_JOB,Backup,1,Friday,12,6,6,36,345330,76,48,Delayed,Failed
6884,JOB008,SALES_REPORT,Synchronization,3,Friday,14,11,4,91,451519,50,76,Ready,Failed
6885,JOB020,ARCHIVE_JOB,Reporting,5,Tuesday,11,25,3,73,145480,46,89,Delayed,Success
6886,JOB016,WAREHOUSE_UPDATE,Data Transfer,23,Thursday,20,1,4,59,14594,68,74,Ready,Success
6887,JOB012,DATABASE_BACKUP,Synchronization,17,Thursday,26,17,6,93,436446,28,56,Ready,Failed
6888,JOB020,ARCHIVE_JOB,Data Transfer,22,Monday,0,17,4,103,140298,45,90,Ready,Success
6889,JOB014,MASTER_DATA_SYNC,Backup,5,Monday,27,15,7,60,497401,25,89,Ready,Success
6890,JOB001,DAILY_SALES,Data Transfer,22,Saturday,24,28,6,33,33212,26,72,Ready,Success
6891,JOB011,EMPLOYEE_DATA_SYNC,Reporting,16,Wednesday,2,10,6,106,263211,32,33,Ready,Success
6892,JOB010,ORDER_PROCESSING,Data Processing,13,Sunday,17,1,8,113,476324,68,40,Ready,Failed
6893,JOB014,MASTER_DATA_SYNC,Data Transfer,23,Monday,25,13,7,88,46663,29,33,Ready,Success
6894,JOB015,DAILY_ANALYTICS,Reporting,10,Thursday,21,3,7,115,312978,62,72,Ready,Success
6895,JOB015,DAILY_ANALYTICS,Data Processing,18,Sunday,7,6,5,40,276376,68,86,Not Ready,Failed
6896,JOB002,MONTHLY_PAYROLL,Data Transfer,1,Wednesday,1,1,6,120,339826,37,67,Ready,Failed
6897,JOB006,FINANCE_REPORT,Synchronization,2,Monday,3,20,7,75,167978,30,75,Not Ready,Failed
6898,JOB009,STOCK_UPDATE,Data Transfer,10,Tuesday,17,13,4,90,309146,29,58,Delayed,Failed
6899,JOB006,FINANCE_REPORT,Data Transfer,5,Friday,27,6,9,86,305435,47,60,Ready,Failed
6900,JOB001,DAILY_SALES,Data Transfer,13,Monday,27,8,1,57,135262,72,67,Delayed,Success
6901,JOB005,BACKUP_JOB,Synchronization,18,Monday,24,7,6,89,362300,73,47,Ready,Success
6902,JOB012,DATABASE_BACKUP,Data Transfer,15,Tuesday,25,8,9,90,344722,44,21,Ready,Failed
6903,JOB016,WAREHOUSE_UPDATE,Synchronization,20,Thursday,12,6,2,43,336033,25,41,Ready,Success
6904,JOB001,DAILY_SALES,Data Transfer,21,Saturday,14,18,9,80,161717,30,90,Ready,Failed
6905,JOB017,INVOICE_PROCESSING,Data Processing,23,Tuesday,1,16,7,15,352301,52,80,Delayed,Failed
6906,JOB018,VENDOR_DATA_SYNC,Data Processing,6,Saturday,9,25,5,80,356314,88,55,Not Ready,Failed
6907,JOB005,BACKUP_JOB,Synchronization,7,Monday,1,22,3,94,91868,65,85,Not Ready,Failed
6908,JOB020,ARCHIVE_JOB,Data Processing,18,Thursday,29,12,1,34,373636,74,68,Ready,Failed
6909,JOB020,ARCHIVE_JOB,Data Transfer,19,Wednesday,28,10,6,83,248454,89,22,Ready,Failed
6910,JOB013,LOG_CLEANUP,Reporting,15,Monday,20,21,0,76,262102,70,42,Ready,Failed
6911,JOB017,INVOICE_PROCESSING,Reporting,21,Tuesday,11,17,6,111,108803,44,78,Ready,Failed
6912,JOB016,WAREHOUSE_UPDATE,Data Transfer,6,Wednesday,4,16,9,57,146002,42,47,Not Ready,Failed
6913,JOB013,LOG_CLEANUP,Data Processing,8,Friday,11,27,9,86,97177,69,91,Ready,Failed
6914,JOB020,ARCHIVE_JOB,Backup,12,Wednesday,22,15,6,78,396811,65,52,Ready,Success
6915,JOB003,INVENTORY_UPDATE,Reporting,0,Tuesday,0,9,9,12,481603,63,87,Ready,Failed
6916,JOB006,FINANCE_REPORT,Data Processing,7,Sunday,27,3,2,106,327546,32,90,Ready,Failed
6917,JOB011,EMPLOYEE_DATA_SYNC,Synchronization,23,Wednesday,1,29,3,103,264362,90,30,Ready,Success
6918,JOB007,CUSTOMER_REPORT,Data Processing,21,Tuesday,26,3,3,24,219891,67,27,Delayed,Failed
6919,JOB014,MASTER_DATA_SYNC,Reporting,3,Sunday,15,21,3,16,140747,36,39,Delayed,Success
6920,JOB012,DATABASE_BACKUP,Backup,2,Monday,26,10,8,117,326591,92,81,Ready,Failed
6921,JOB001,DAILY_SALES,Backup,2,Sunday,21,20,5,71,349747,33,62,Ready,Failed
6922,JOB017,INVOICE_PROCESSING,Reporting,21,Thursday,1,24,9,88,418047,49,94,Not Ready,Failed
6923,JOB018,VENDOR_DATA_SYNC,Data Transfer,12,Friday,15,7,8,54,25384,49,89,Ready,Success
6924,JOB011,EMPLOYEE_DATA_SYNC,Reporting,7,Sunday,19,8,3,16,194883,52,26,Ready,Success
6925,JOB012,DATABASE_BACKUP,Synchronization,6,Thursday,25,15,6,58,303671,73,29,Ready,Failed
6926,JOB013,LOG_CLEANUP,Data Processing,0,Thursday,15,9,9,92,95100,76,59,Ready,Success
6927,JOB013,LOG_CLEANUP,Reporting,15,Thursday,5,22,8,84,340421,50,23,Delayed,Success
6928,JOB005,BACKUP_JOB,Synchronization,5,Sunday,12,8,9,58,321609,42,92,Delayed,Failed
6929,JOB012,DATABASE_BACKUP,Data Transfer,6,Tuesday,11,2,2,78,17665,71,38,Ready,Success
6930,JOB004,DATA_TRANSFER,Backup,11,Tuesday,22,24,2,23,173661,73,57,Ready,Success
6931,JOB020,ARCHIVE_JOB,Data Transfer,22,Friday,9,1,5,109,429450,66,41,Ready,Failed
6932,JOB010,ORDER_PROCESSING,Reporting,8,Tuesday,4,8,7,18,160966,68,20,Not Ready,Failed
6933,JOB017,INVOICE_PROCESSING,Backup,10,Saturday,7,12,0,56,458979,75,72,Delayed,Failed
6934,JOB013,LOG_CLEANUP,Data Processing,9,Tuesday,5,5,3,82,431159,27,40,Not Ready,Success
6935,JOB015,DAILY_ANALYTICS,Reporting,20,Tuesday,4,3,7,26,300833,41,26,Ready,Failed
6936,JOB019,SYSTEM_MONITORING,Backup,0,Tuesday,19,27,5,8,306833,81,26,Not Ready,Failed
6937,JOB010,ORDER_PROCESSING,Reporting,17,Monday,21,13,1,115,171396,73,42,Ready,Success
6938,JOB007,CUSTOMER_REPORT,Data Processing,3,Friday,5,27,7,120,328324,54,79,Ready,Success
6939,JOB012,DATABASE_BACKUP,Reporting,4,Saturday,21,28,0,63,291184,34,37,Ready,Success
6940,JOB013,LOG_CLEANUP,Synchronization,8,Tuesday,16,10,0,38,462688,24,90,Ready,Failed
6941,JOB015,DAILY_ANALYTICS,Data Transfer,16,Friday,5,1,6,68,26927,36,85,Ready,Failed
6942,JOB016,WAREHOUSE_UPDATE,Reporting,2,Wednesday,16,28,9,22,14514,22,72,Ready,Success
6943,JOB007,CUSTOMER_REPORT,Synchronization,15,Monday,4,25,2,102,371945,38,38,Ready,Failed
6944,JOB002,MONTHLY_PAYROLL,Synchronization,4,Sunday,22,2,7,86,57058,56,83,Delayed,Failed
6945,JOB018,VENDOR_DATA_SYNC,Reporting,15,Tuesday,16,4,8,108,307542,40,33,Ready,Success
6946,JOB015,DAILY_ANALYTICS,Backup,2,Saturday,28,24,7,35,352377,70,44,Ready,Failed
6947,JOB015,DAILY_ANALYTICS,Backup,19,Monday,16,6,0,110,354092,73,52,Ready,Success
6948,JOB018,VENDOR_DATA_SYNC,Data Transfer,14,Saturday,28,10,0,88,400355,30,67,Ready,Failed
6949,JOB011,EMPLOYEE_DATA_SYNC,Backup,2,Sunday,12,11,5,104,315745,84,58,Not Ready,Failed
6950,JOB001,DAILY_SALES,Data Processing,19,Sunday,30,28,0,46,244128,49,24,Ready,Success
6951,JOB005,BACKUP_JOB,Reporting,13,Monday,21,10,7,78,62894,62,40,Ready,Success
6952,JOB017,INVOICE_PROCESSING,Backup,15,Wednesday,30,18,5,7,123262,55,78,Ready,Failed
6953,JOB011,EMPLOYEE_DATA_SYNC,Data Processing,16,Friday,6,12,4,89,80634,76,33,Ready,Failed
6954,JOB009,STOCK_UPDATE,Data Processing,23,Monday,21,3,5,104,207866,45,82,Delayed,Failed
6955,JOB008,SALES_REPORT,Synchronization,19,Thursday,20,13,3,59,151457,79,73,Not Ready,Failed
6956,JOB020,ARCHIVE_JOB,Backup,22,Sunday,5,11,0,14,105303,41,64,Ready,Success
6957,JOB001,DAILY_SALES,Data Transfer,17,Wednesday,28,26,6,75,202682,43,69,Ready,Success
6958,JOB009,STOCK_UPDATE,Data Processing,17,Sunday,13,1,9,26,353688,31,60,Ready,Success
6959,JOB014,MASTER_DATA_SYNC,Backup,21,Thursday,15,29,8,27,481684,94,20,Delayed,Success
6960,JOB014,MASTER_DATA_SYNC,Reporting,13,Wednesday,2,7,3,80,283875,79,21,Delayed,Failed
6961,JOB004,DATA_TRANSFER,Data Transfer,17,Sunday,8,21,3,107,170959,40,91,Ready,Success
6962,JOB014,MASTER_DATA_SYNC,Backup,14,Thursday,14,18,8,17,341763,55,32,Not Ready,Failed
6963,JOB003,INVENTORY_UPDATE,Reporting,14,Thursday,20,12,3,44,193330,26,38,Ready,Success
6964,JOB018,VENDOR_DATA_SYNC,Data Processing,5,Sunday,17,20,9,17,406041,80,70,Ready,Success
6965,JOB017,INVOICE_PROCESSING,Data Processing,14,Sunday,29,20,3,101,73586,72,21,Not Ready,Failed
6966,JOB009,STOCK_UPDATE,Reporting,17,Saturday,29,27,7,99,88862,47,29,Delayed,Failed
6967,JOB017,INVOICE_PROCESSING,Backup,3,Monday,27,0,3,116,228976,43,88,Ready,Failed
6968,JOB020,ARCHIVE_JOB,Data Processing,22,Monday,9,28,8,55,339829,72,49,Ready,Success
6969,JOB018,VENDOR_DATA_SYNC,Backup,7,Wednesday,9,4,7,68,44745,32,84,Not Ready,Success
6970,JOB015,DAILY_ANALYTICS,Data Processing,14,Friday,22,21,4,96,206020,91,63,Ready,Failed
6971,JOB005,BACKUP_JOB,Synchronization,2,Sunday,2,25,8,87,355416,20,61,Ready,Success
6972,JOB003,INVENTORY_UPDATE,Data Processing,14,Saturday,0,25,7,89,245884,60,22,Ready,Success
6973,JOB014,MASTER_DATA_SYNC,Data Processing,12,Monday,2,26,9,100,87575,78,49,Ready,Success
6974,JOB004,DATA_TRANSFER,Synchronization,8,Monday,24,10,3,94,350241,32,56,Ready,Success
6975,JOB003,INVENTORY_UPDATE,Data Transfer,1,Saturday,4,10,3,17,289964,73,47,Ready,Success
6976,JOB018,VENDOR_DATA_SYNC,Synchronization,23,Tuesday,6,12,0,33,283336,66,70,Ready,Failed
6977,JOB006,FINANCE_REPORT,Data Transfer,7,Saturday,2,1,3,75,57968,46,32,Ready,Success
6978,JOB006,FINANCE_REPORT,Data Processing,19,Monday,3,18,7,51,41642,59,59,Ready,Success
6979,JOB019,SYSTEM_MONITORING,Data Transfer,16,Friday,16,15,4,30,121525,51,45,Ready,Success
6980,JOB009,STOCK_UPDATE,Reporting,12,Tuesday,2,25,5,74,49145,77,49,Ready,Failed
6981,JOB013,LOG_CLEANUP,Reporting,0,Thursday,22,4,3,100,378611,95,43,Ready,Success
6982,JOB016,WAREHOUSE_UPDATE,Reporting,1,Saturday,3,13,4,104,314558,62,57,Ready,Failed
6983,JOB015,DAILY_ANALYTICS,Synchronization,14,Thursday,30,28,9,27,434869,71,88,Ready,Failed
6984,JOB015,DAILY_ANALYTICS,Reporting,11,Tuesday,1,18,7,120,431715,53,35,Delayed,Failed
6985,JOB010,ORDER_PROCESSING,Backup,13,Tuesday,13,4,8,79,51191,25,74,Ready,Failed
6986,JOB017,INVOICE_PROCESSING,Reporting,1,Tuesday,4,20,2,60,114316,67,68,Ready,Success
6987,JOB014,MASTER_DATA_SYNC,Data Processing,17,Wednesday,30,23,9,89,360059,37,71,Ready,Success
6988,JOB001,DAILY_SALES,Reporting,21,Saturday,20,25,3,23,353019,58,68,Ready,Failed
6989,JOB013,LOG_CLEANUP,Data Transfer,6,Sunday,30,8,0,102,369014,26,83,Delayed,Failed
6990,JOB016,WAREHOUSE_UPDATE,Data Processing,22,Friday,1,23,4,117,36048,25,67,Ready,Success
6991,JOB004,DATA_TRANSFER,Data Processing,5,Friday,30,11,3,115,343040,95,93,Delayed,Failed
6992,JOB003,INVENTORY_UPDATE,Reporting,13,Thursday,14,15,5,120,358776,72,57,Delayed,Failed
6993,JOB010,ORDER_PROCESSING,Data Transfer,7,Thursday,10,18,5,54,444756,20,36,Delayed,Failed
6994,JOB020,ARCHIVE_JOB,Data Processing,21,Sunday,21,14,9,112,360718,48,60,Delayed,Failed
6995,JOB014,MASTER_DATA_SYNC,Data Processing,1,Thursday,9,16,5,39,319458,88,73,Not Ready,Failed
6996,JOB012,DATABASE_BACKUP,Backup,16,Saturday,19,29,2,53,70044,68,59,Ready,Success
6997,JOB011,EMPLOYEE_DATA_SYNC,Synchronization,4,Monday,29,14,6,99,199726,78,50,Ready,Failed
6998,JOB017,INVOICE_PROCESSING,Data Transfer,13,Thursday,0,2,2,50,324271,32,45,Ready,Success
6999,JOB005,BACKUP_JOB,Reporting,23,Tuesday,18,16,5,97,308159,64,95,Not Ready,Failed
7000,JOB009,STOCK_UPDATE,Data Processing,19,Thursday,13,12,9,74,313878,65,37,Ready,Failed
7001,JOB010,ORDER_PROCESSING,Data Processing,20,Tuesday,24,26,0,104,146432,42,54,Delayed,Failed
7002,JOB020,ARCHIVE_JOB,Synchronization,20,Wednesday,25,8,7,57,233821,51,94,Ready,Success
7003,JOB017,INVOICE_PROCESSING,Reporting,21,Monday,22,27,6,35,328200,91,75,Ready,Failed
7004,JOB013,LOG_CLEANUP,Backup,2,Monday,28,12,8,100,426173,94,49,Ready,Failed
7005,JOB004,DATA_TRANSFER,Backup,4,Sunday,21,15,2,108,491012,32,64,Delayed,Failed
7006,JOB020,ARCHIVE_JOB,Data Transfer,15,Saturday,13,18,7,88,102122,72,94,Ready,Failed
7007,JOB009,STOCK_UPDATE,Synchronization,17,Saturday,0,13,1,26,63502,39,71,Delayed,Success
7008,JOB005,BACKUP_JOB,Synchronization,16,Friday,24,7,8,71,225515,20,87,Ready,Success
7009,JOB019,SYSTEM_MONITORING,Data Processing,10,Wednesday,28,21,0,12,181900,76,74,Ready,Failed
7010,JOB008,SALES_REPORT,Data Processing,16,Sunday,8,18,9,113,306246,85,29,Ready,Failed
7011,JOB010,ORDER_PROCESSING,Data Processing,15,Saturday,16,24,6,23,403821,30,73,Ready,Failed
7012,JOB004,DATA_TRANSFER,Data Processing,22,Tuesday,13,23,9,35,72899,65,53,Ready,Success
7013,JOB004,DATA_TRANSFER,Reporting,1,Wednesday,12,2,0,36,354161,49,82,Ready,Success
7014,JOB005,BACKUP_JOB,Reporting,3,Monday,12,22,5,83,170227,88,50,Ready,Success
7015,JOB004,DATA_TRANSFER,Data Transfer,20,Tuesday,30,20,0,59,113109,26,83,Ready,Failed
7016,JOB005,BACKUP_JOB,Backup,6,Sunday,5,17,3,107,285277,43,69,Ready,Success
7017,JOB017,INVOICE_PROCESSING,Data Transfer,1,Sunday,6,15,6,35,440361,67,47,Not Ready,Failed
7018,JOB016,WAREHOUSE_UPDATE,Data Processing,5,Wednesday,1,13,1,71,260458,62,56,Ready,Failed
7019,JOB012,DATABASE_BACKUP,Synchronization,16,Monday,25,15,2,55,23720,55,51,Not Ready,Failed
7020,JOB001,DAILY_SALES,Reporting,6,Saturday,7,23,3,100,422183,93,54,Delayed,Failed
7021,JOB002,MONTHLY_PAYROLL,Reporting,4,Tuesday,23,16,5,78,442890,20,76,Delayed,Failed
7022,JOB008,SALES_REPORT,Reporting,4,Tuesday,5,19,8,96,209791,26,80,Ready,Failed
7023,JOB011,EMPLOYEE_DATA_SYNC,Reporting,19,Monday,24,10,3,31,404630,63,51,Delayed,Success
7024,JOB002,MONTHLY_PAYROLL,Synchronization,15,Tuesday,2,12,5,52,459863,80,27,Ready,Failed
7025,JOB013,LOG_CLEANUP,Data Transfer,18,Saturday,17,10,6,114,4379,45,54,Ready,Success
7026,JOB002,MONTHLY_PAYROLL,Reporting,8,Saturday,17,27,3,108,250633,49,42,Not Ready,Failed
7027,JOB014,MASTER_DATA_SYNC,Data Processing,4,Saturday,21,28,5,47,188731,20,57,Ready,Success
7028,JOB016,WAREHOUSE_UPDATE,Data Processing,7,Monday,22,3,2,99,397367,82,38,Ready,Success
7029,JOB001,DAILY_SALES,Data Transfer,8,Thursday,5,28,4,55,238021,34,73,Ready,Success
7030,JOB014,MASTER_DATA_SYNC,Data Transfer,4,Thursday,10,25,9,102,457814,82,64,Ready,Failed
7031,JOB016,WAREHOUSE_UPDATE,Data Transfer,9,Sunday,2,13,3,73,55758,74,55,Ready,Failed
7032,JOB019,SYSTEM_MONITORING,Data Transfer,1,Sunday,15,4,6,79,248704,76,68,Delayed,Failed
7033,JOB005,BACKUP_JOB,Synchronization,8,Tuesday,4,3,5,75,445868,39,79,Ready,Success
7034,JOB003,INVENTORY_UPDATE,Reporting,10,Saturday,23,0,6,76,337284,41,75,Ready,Success
7035,JOB007,CUSTOMER_REPORT,Synchronization,3,Tuesday,21,13,5,85,69187,69,92,Ready,Success
7036,JOB014,MASTER_DATA_SYNC,Synchronization,21,Monday,1,6,1,112,489383,55,83,Ready,Success
7037,JOB018,VENDOR_DATA_SYNC,Reporting,21,Tuesday,14,9,6,54,279452,56,81,Delayed,Failed
7038,JOB008,SALES_REPORT,Synchronization,21,Friday,15,26,7,65,156833,65,78,Ready,Success
7039,JOB012,DATABASE_BACKUP,Data Transfer,1,Thursday,6,1,6,107,76304,46,20,Not Ready,Failed
7040,JOB007,CUSTOMER_REPORT,Backup,22,Tuesday,15,9,3,45,397374,38,24,Ready,Success
7041,JOB017,INVOICE_PROCESSING,Data Processing,5,Tuesday,23,2,3,55,155847,35,38,Ready,Success
7042,JOB011,EMPLOYEE_DATA_SYNC,Data Transfer,13,Wednesday,3,20,4,82,431061,73,77,Delayed,Success
7043,JOB009,STOCK_UPDATE,Data Transfer,0,Tuesday,27,7,8,28,492570,53,76,Not Ready,Failed
7044,JOB015,DAILY_ANALYTICS,Reporting,17,Friday,15,9,4,34,409701,70,61,Ready,Success
7045,JOB015,DAILY_ANALYTICS,Backup,6,Thursday,16,7,1,119,116857,55,92,Ready,Failed
7046,JOB004,DATA_TRANSFER,Reporting,0,Wednesday,1,13,4,56,196624,72,25,Ready,Success
7047,JOB012,DATABASE_BACKUP,Data Transfer,0,Monday,15,17,2,54,111946,81,41,Ready,Success
7048,JOB012,DATABASE_BACKUP,Synchronization,0,Sunday,3,8,9,61,385444,50,72,Ready,Success
7049,JOB008,SALES_REPORT,Data Processing,23,Monday,6,21,7,66,114002,23,76,Ready,Failed
7050,JOB017,INVOICE_PROCESSING,Data Processing,3,Thursday,17,8,9,83,97791,31,70,Delayed,Failed
7051,JOB017,INVOICE_PROCESSING,Data Transfer,3,Sunday,5,29,9,57,197398,72,24,Ready,Success
7052,JOB011,EMPLOYEE_DATA_SYNC,Reporting,17,Monday,17,3,1,72,284931,80,41,Ready,Success
7053,JOB009,STOCK_UPDATE,Backup,10,Friday,27,2,3,81,484363,38,26,Delayed,Success
7054,JOB017,INVOICE_PROCESSING,Backup,0,Tuesday,6,13,4,73,222460,75,83,Ready,Success
7055,JOB016,WAREHOUSE_UPDATE,Data Transfer,9,Thursday,1,13,3,35,236191,28,76,Ready,Success
7056,JOB019,SYSTEM_MONITORING,Backup,8,Sunday,18,20,4,80,391468,44,45,Ready,Failed
7057,JOB003,INVENTORY_UPDATE,Reporting,22,Wednesday,8,15,9,34,49793,73,44,Ready,Success
7058,JOB020,ARCHIVE_JOB,Backup,3,Tuesday,28,4,3,117,8153,66,88,Ready,Success
7059,JOB013,LOG_CLEANUP,Reporting,5,Monday,30,19,2,14,171165,60,51,Delayed,Failed
7060,JOB012,DATABASE_BACKUP,Data Transfer,15,Monday,3,28,0,98,56766,70,27,Ready,Success
7061,JOB019,SYSTEM_MONITORING,Backup,1,Wednesday,13,22,3,94,269075,69,28,Delayed,Failed
7062,JOB003,INVENTORY_UPDATE,Reporting,22,Friday,4,23,8,48,28040,26,73,Ready,Success
7063,JOB005,BACKUP_JOB,Synchronization,17,Wednesday,24,14,0,10,115329,46,39,Delayed,Success
7064,JOB005,BACKUP_JOB,Backup,9,Thursday,6,20,6,31,149344,67,87,Ready,Failed
7065,JOB013,LOG_CLEANUP,Data Processing,23,Wednesday,7,8,2,24,393341,74,86,Delayed,Failed
7066,JOB013,LOG_CLEANUP,Backup,23,Monday,14,6,7,96,66939,82,63,Ready,Failed
7067,JOB015,DAILY_ANALYTICS,Backup,16,Friday,26,12,5,24,13801,25,60,Ready,Success
7068,JOB012,DATABASE_BACKUP,Synchronization,12,Friday,18,28,0,16,369424,54,61,Delayed,Success
7069,JOB005,BACKUP_JOB,Backup,23,Saturday,26,22,9,113,454173,51,30,Ready,Failed
7070,JOB020,ARCHIVE_JOB,Backup,17,Wednesday,10,7,4,89,28064,25,62,Ready,Success
7071,JOB004,DATA_TRANSFER,Data Transfer,21,Thursday,19,11,7,98,4985,82,27,Ready,Success
7072,JOB013,LOG_CLEANUP,Data Transfer,12,Monday,22,3,2,53,344940,37,65,Delayed,Success
7073,JOB016,WAREHOUSE_UPDATE,Reporting,16,Tuesday,3,15,3,56,489693,50,53,Ready,Failed
7074,JOB018,VENDOR_DATA_SYNC,Data Processing,4,Friday,17,25,6,14,421831,71,87,Ready,Success
7075,JOB002,MONTHLY_PAYROLL,Backup,10,Wednesday,13,28,5,119,227349,35,34,Ready,Failed
7076,JOB010,ORDER_PROCESSING,Data Transfer,6,Saturday,25,28,6,9,322610,75,37,Not Ready,Failed
7077,JOB008,SALES_REPORT,Reporting,9,Thursday,5,5,8,68,387196,86,30,Delayed,Failed
7078,JOB018,VENDOR_DATA_SYNC,Synchronization,16,Thursday,24,4,8,62,269693,81,38,Ready,Failed
7079,JOB018,VENDOR_DATA_SYNC,Data Processing,14,Sunday,15,0,1,105,220138,71,92,Ready,Success
7080,JOB020,ARCHIVE_JOB,Synchronization,17,Monday,17,13,2,12,333808,24,44,Ready,Success
7081,JOB016,WAREHOUSE_UPDATE,Reporting,22,Friday,0,28,3,34,13801,72,41,Ready,Success
7082,JOB015,DAILY_ANALYTICS,Synchronization,21,Monday,7,8,5,21,377045,36,81,Ready,Failed
7083,JOB016,WAREHOUSE_UPDATE,Backup,18,Saturday,0,17,4,71,445955,50,56,Delayed,Success
7084,JOB005,BACKUP_JOB,Synchronization,1,Tuesday,0,5,5,25,230665,35,29,Delayed,Success
7085,JOB003,INVENTORY_UPDATE,Data Transfer,3,Tuesday,18,14,7,20,314524,76,71,Ready,Success
7086,JOB015,DAILY_ANALYTICS,Data Transfer,2,Tuesday,20,15,1,100,49442,40,87,Ready,Failed
7087,JOB009,STOCK_UPDATE,Synchronization,6,Thursday,28,7,5,31,273649,60,47,Delayed,Failed
7088,JOB002,MONTHLY_PAYROLL,Data Processing,23,Friday,27,18,8,119,341050,58,49,Delayed,Failed
7089,JOB013,LOG_CLEANUP,Data Transfer,17,Monday,24,4,4,10,322372,56,65,Ready,Failed
7090,JOB010,ORDER_PROCESSING,Synchronization,9,Monday,26,13,0,46,471780,60,59,Ready,Success
7091,JOB010,ORDER_PROCESSING,Backup,6,Saturday,9,6,7,20,343273,72,40,Ready,Success
7092,JOB016,WAREHOUSE_UPDATE,Data Transfer,7,Tuesday,17,3,3,49,354839,93,34,Ready,Failed
7093,JOB004,DATA_TRANSFER,Data Transfer,5,Friday,11,29,7,7,64275,51,22,Delayed,Failed
7094,JOB004,DATA_TRANSFER,Synchronization,21,Friday,27,27,3,44,292765,44,88,Ready,Failed
7095,JOB015,DAILY_ANALYTICS,Synchronization,0,Saturday,16,20,7,24,208046,72,27,Delayed,Failed
7096,JOB018,VENDOR_DATA_SYNC,Synchronization,3,Wednesday,0,0,8,108,186635,83,28,Delayed,Failed
7097,JOB014,MASTER_DATA_SYNC,Data Processing,13,Friday,7,3,4,11,165487,52,21,Not Ready,Success
7098,JOB016,WAREHOUSE_UPDATE,Data Transfer,16,Friday,9,29,4,63,282682,57,56,Delayed,Failed
7099,JOB015,DAILY_ANALYTICS,Backup,19,Monday,25,13,1,15,230641,27,31,Delayed,Failed
7100,JOB019,SYSTEM_MONITORING,Backup,17,Saturday,9,22,8,97,332168,20,38,Ready,Success
7101,JOB003,INVENTORY_UPDATE,Reporting,10,Friday,17,15,3,56,16332,93,46,Ready,Failed
7102,JOB010,ORDER_PROCESSING,Synchronization,20,Friday,28,27,2,7,470861,78,43,Ready,Success
7103,JOB014,MASTER_DATA_SYNC,Reporting,13,Monday,8,25,1,25,151234,54,85,Ready,Success
7104,JOB003,INVENTORY_UPDATE,Reporting,8,Friday,24,6,2,57,218948,35,35,Ready,Success
7105,JOB018,VENDOR_DATA_SYNC,Data Processing,14,Monday,1,9,3,100,287738,33,21,Delayed,Failed
7106,JOB020,ARCHIVE_JOB,Data Processing,11,Wednesday,2,9,8,34,12793,24,40,Ready,Success
7107,JOB002,MONTHLY_PAYROLL,Synchronization,9,Thursday,1,3,5,107,283994,40,29,Ready,Success
7108,JOB020,ARCHIVE_JOB,Synchronization,18,Sunday,5,11,9,15,197274,77,77,Ready,Success
7109,JOB019,SYSTEM_MONITORING,Synchronization,23,Monday,30,5,4,85,323582,76,36,Delayed,Failed
7110,JOB018,VENDOR_DATA_SYNC,Backup,18,Monday,22,12,8,29,24936,30,95,Delayed,Failed
7111,JOB001,DAILY_SALES,Synchronization,5,Friday,11,20,7,54,375586,90,26,Ready,Success
7112,JOB015,DAILY_ANALYTICS,Backup,19,Monday,21,0,5,93,266971,27,92,Ready,Failed
7113,JOB002,MONTHLY_PAYROLL,Reporting,23,Saturday,18,7,2,13,489042,33,65,Ready,Failed
7114,JOB016,WAREHOUSE_UPDATE,Synchronization,5,Tuesday,27,27,6,49,427626,68,69,Ready,Success
7115,JOB017,INVOICE_PROCESSING,Data Transfer,7,Tuesday,14,22,9,33,322033,52,29,Delayed,Failed
7116,JOB014,MASTER_DATA_SYNC,Backup,0,Wednesday,18,15,5,66,126306,43,35,Ready,Success
7117,JOB014,MASTER_DATA_SYNC,Synchronization,21,Monday,11,4,7,19,309934,90,20,Ready,Failed
7118,JOB019,SYSTEM_MONITORING,Backup,16,Saturday,17,28,5,23,329496,57,28,Ready,Success
7119,JOB001,DAILY_SALES,Backup,16,Friday,15,25,9,19,61215,69,32,Not Ready,Failed
7120,JOB005,BACKUP_JOB,Synchronization,23,Friday,1,25,3,43,191553,83,80,Ready,Success
7121,JOB010,ORDER_PROCESSING,Reporting,14,Sunday,10,6,9,39,232567,21,67,Ready,Failed
7122,JOB002,MONTHLY_PAYROLL,Synchronization,6,Thursday,11,25,6,108,154382,58,35,Ready,Success
7123,JOB009,STOCK_UPDATE,Reporting,18,Wednesday,4,2,6,17,167508,93,60,Ready,Success
7124,JOB019,SYSTEM_MONITORING,Reporting,21,Saturday,26,23,7,20,59207,33,49,Ready,Failed
7125,JOB005,BACKUP_JOB,Synchronization,22,Saturday,26,20,1,71,324787,31,91,Ready,Success
7126,JOB005,BACKUP_JOB,Data Transfer,2,Sunday,23,1,5,99,438803,70,74,Ready,Failed
7127,JOB014,MASTER_DATA_SYNC,Data Transfer,21,Sunday,5,1,2,59,78319,29,30,Delayed,Failed
7128,JOB003,INVENTORY_UPDATE,Reporting,10,Friday,24,19,7,69,74095,63,71,Delayed,Failed
7129,JOB014,MASTER_DATA_SYNC,Backup,19,Thursday,10,22,3,39,119060,59,94,Ready,Success
7130,JOB005,BACKUP_JOB,Data Transfer,18,Friday,20,29,3,20,43890,79,67,Ready,Failed
7131,JOB008,SALES_REPORT,Synchronization,8,Thursday,9,9,1,5,96736,89,26,Ready,Success
7132,JOB008,SALES_REPORT,Data Transfer,9,Tuesday,3,19,5,54,139080,50,73,Ready,Success
7133,JOB006,FINANCE_REPORT,Backup,1,Saturday,8,8,5,18,322688,56,20,Delayed,Success
7134,JOB002,MONTHLY_PAYROLL,Data Transfer,0,Sunday,11,17,0,66,239096,92,51,Ready,Failed
7135,JOB006,FINANCE_REPORT,Synchronization,15,Tuesday,9,5,7,11,431046,77,81,Ready,Success
7136,JOB007,CUSTOMER_REPORT,Synchronization,17,Friday,26,19,2,27,111930,62,34,Not Ready,Success
7137,JOB011,EMPLOYEE_DATA_SYNC,Reporting,22,Wednesday,13,5,0,103,155348,90,80,Ready,Failed
7138,JOB005,BACKUP_JOB,Data Processing,16,Monday,4,25,9,67,111079,57,75,Ready,Success
7139,JOB010,ORDER_PROCESSING,Backup,5,Wednesday,0,24,0,33,449438,27,53,Delayed,Failed
7140,JOB020,ARCHIVE_JOB,Data Transfer,13,Wednesday,4,9,0,26,467254,53,39,Ready,Success
7141,JOB015,DAILY_ANALYTICS,Reporting,22,Monday,15,27,4,84,387556,36,43,Not Ready,Success
7142,JOB007,CUSTOMER_REPORT,Data Processing,14,Saturday,30,24,4,97,194591,36,47,Ready,Success
7143,JOB006,FINANCE_REPORT,Data Processing,13,Tuesday,4,8,0,10,255507,72,30,Ready,Success
7144,JOB007,CUSTOMER_REPORT,Reporting,23,Tuesday,4,8,4,86,316188,34,49,Ready,Failed
7145,JOB004,DATA_TRANSFER,Synchronization,21,Saturday,28,2,6,33,282328,83,57,Ready,Failed
7146,JOB015,DAILY_ANALYTICS,Synchronization,2,Monday,17,11,4,93,444298,76,20,Ready,Success
7147,JOB018,VENDOR_DATA_SYNC,Backup,23,Thursday,28,10,8,113,208398,39,88,Delayed,Failed
7148,JOB010,ORDER_PROCESSING,Backup,22,Wednesday,5,13,3,6,284777,80,52,Ready,Failed
7149,JOB007,CUSTOMER_REPORT,Synchronization,18,Friday,20,24,8,112,169033,44,84,Ready,Success
7150,JOB004,DATA_TRANSFER,Backup,11,Tuesday,17,18,7,68,288512,46,63,Delayed,Success
7151,JOB018,VENDOR_DATA_SYNC,Backup,1,Saturday,27,9,0,100,290189,66,83,Ready,Success
7152,JOB008,SALES_REPORT,Data Transfer,2,Friday,9,18,3,40,185259,47,28,Delayed,Success
7153,JOB008,SALES_REPORT,Backup,17,Sunday,14,4,6,100,439351,25,51,Delayed,Failed
7154,JOB010,ORDER_PROCESSING,Synchronization,0,Monday,30,21,0,109,333063,60,73,Ready,Success
7155,JOB008,SALES_REPORT,Reporting,19,Friday,29,8,7,24,372534,78,45,Ready,Success
7156,JOB019,SYSTEM_MONITORING,Data Processing,20,Friday,23,0,1,59,355025,80,81,Ready,Failed
7157,JOB020,ARCHIVE_JOB,Synchronization,5,Wednesday,21,14,7,41,324405,68,61,Delayed,Failed
7158,JOB002,MONTHLY_PAYROLL,Backup,4,Monday,10,23,3,110,318608,24,67,Ready,Success
7159,JOB014,MASTER_DATA_SYNC,Synchronization,0,Friday,25,29,7,106,102454,30,25,Ready,Success
7160,JOB017,INVOICE_PROCESSING,Synchronization,18,Tuesday,27,29,0,101,390190,59,49,Not Ready,Failed
7161,JOB009,STOCK_UPDATE,Data Processing,0,Monday,26,3,4,56,152814,89,42,Ready,Success
7162,JOB007,CUSTOMER_REPORT,Backup,20,Tuesday,18,25,8,73,155322,58,44,Ready,Success
7163,JOB008,SALES_REPORT,Reporting,20,Saturday,24,6,6,74,396793,89,32,Ready,Failed
7164,JOB019,SYSTEM_MONITORING,Reporting,15,Saturday,12,5,2,26,464632,39,44,Ready,Success
7165,JOB007,CUSTOMER_REPORT,Data Transfer,11,Sunday,26,14,3,89,398521,23,36,Ready,Failed
7166,JOB020,ARCHIVE_JOB,Data Processing,21,Thursday,26,5,9,87,54202,32,46,Ready,Success
7167,JOB018,VENDOR_DATA_SYNC,Synchronization,7,Saturday,29,6,6,111,93276,68,30,Not Ready,Failed
7168,JOB013,LOG_CLEANUP,Data Processing,15,Friday,19,19,5,19,409167,95,25,Ready,Success
7169,JOB010,ORDER_PROCESSING,Data Processing,0,Monday,2,21,3,102,413748,28,56,Delayed,Success
7170,JOB010,ORDER_PROCESSING,Reporting,3,Saturday,15,2,2,51,341282,78,94,Not Ready,Failed
7171,JOB008,SALES_REPORT,Data Processing,9,Tuesday,6,20,1,75,351218,22,91,Ready,Success
7172,JOB020,ARCHIVE_JOB,Data Processing,10,Friday,11,28,9,85,303972,30,56,Ready,Failed
7173,JOB013,LOG_CLEANUP,Synchronization,16,Saturday,28,28,8,112,456730,24,93,Ready,Failed
7174,JOB010,ORDER_PROCESSING,Data Transfer,22,Wednesday,14,29,2,112,464878,54,78,Ready,Failed
7175,JOB002,MONTHLY_PAYROLL,Synchronization,6,Tuesday,29,12,6,73,19330,43,29,Not Ready,Success
7176,JOB011,EMPLOYEE_DATA_SYNC,Data Processing,11,Sunday,7,1,0,56,145314,89,20,Ready,Success
7177,JOB019,SYSTEM_MONITORING,Data Transfer,20,Sunday,22,2,7,43,297484,25,71,Ready,Success
7178,JOB017,INVOICE_PROCESSING,Data Processing,6,Sunday,16,12,0,6,357612,61,37,Ready,Success
7179,JOB015,DAILY_ANALYTICS,Backup,11,Tuesday,0,8,1,95,61989,62,24,Ready,Success
7180,JOB012,DATABASE_BACKUP,Backup,14,Sunday,28,21,0,49,276967,33,67,Ready,Success
7181,JOB008,SALES_REPORT,Backup,1,Thursday,20,18,3,28,83119,95,52,Ready,Failed
7182,JOB010,ORDER_PROCESSING,Data Transfer,13,Wednesday,30,17,1,109,380209,44,76,Ready,Failed
7183,JOB004,DATA_TRANSFER,Synchronization,12,Thursday,29,4,0,65,332748,37,44,Ready,Success
7184,JOB004,DATA_TRANSFER,Data Transfer,3,Saturday,7,9,0,115,271425,43,63,Ready,Success
7185,JOB010,ORDER_PROCESSING,Data Processing,13,Wednesday,13,13,1,96,72734,82,85,Not Ready,Failed
7186,JOB012,DATABASE_BACKUP,Synchronization,13,Tuesday,9,20,5,115,88951,20,87,Ready,Success
7187,JOB012,DATABASE_BACKUP,Reporting,15,Thursday,26,16,1,69,252100,34,44,Ready,Success
7188,JOB017,INVOICE_PROCESSING,Synchronization,6,Friday,18,2,1,57,42051,73,64,Ready,Success
7189,JOB004,DATA_TRANSFER,Synchronization,18,Wednesday,7,6,7,120,93215,53,42,Delayed,Failed
7190,JOB018,VENDOR_DATA_SYNC,Data Transfer,1,Tuesday,18,8,4,25,258767,71,60,Ready,Success
7191,JOB008,SALES_REPORT,Backup,9,Monday,3,4,7,96,393370,21,52,Not Ready,Failed
7192,JOB007,CUSTOMER_REPORT,Data Transfer,17,Wednesday,9,3,7,71,58283,55,47,Delayed,Success
7193,JOB008,SALES_REPORT,Reporting,16,Wednesday,22,2,1,98,60309,42,27,Not Ready,Failed
7194,JOB018,VENDOR_DATA_SYNC,Backup,4,Saturday,2,25,6,5,406564,43,48,Ready,Success
7195,JOB009,STOCK_UPDATE,Synchronization,11,Friday,3,12,8,63,326479,51,75,Ready,Success
7196,JOB004,DATA_TRANSFER,Data Transfer,5,Saturday,15,8,7,119,306268,70,34,Delayed,Failed
7197,JOB017,INVOICE_PROCESSING,Reporting,21,Sunday,23,29,8,120,345653,65,34,Delayed,Failed
7198,JOB006,FINANCE_REPORT,Data Transfer,8,Wednesday,3,22,7,113,128211,32,56,Ready,Success
7199,JOB004,DATA_TRANSFER,Synchronization,19,Wednesday,24,27,3,51,388104,33,38,Ready,Failed
7200,JOB015,DAILY_ANALYTICS,Data Processing,0,Sunday,19,6,9,113,348702,36,78,Ready,Failed
7201,JOB018,VENDOR_DATA_SYNC,Data Transfer,21,Friday,28,29,6,22,53466,35,70,Delayed,Success
7202,JOB017,INVOICE_PROCESSING,Data Transfer,14,Friday,29,28,8,117,444153,51,54,Ready,Failed
7203,JOB008,SALES_REPORT,Data Processing,20,Thursday,19,7,8,37,25459,31,55,Ready,Success
7204,JOB019,SYSTEM_MONITORING,Data Transfer,5,Tuesday,12,9,3,19,308220,22,72,Ready,Success
7205,JOB012,DATABASE_BACKUP,Reporting,18,Tuesday,20,0,6,28,11080,94,31,Ready,Failed
7206,JOB010,ORDER_PROCESSING,Backup,17,Thursday,16,26,5,40,431029,72,47,Ready,Success
7207,JOB008,SALES_REPORT,Reporting,5,Tuesday,22,19,2,64,283312,62,90,Delayed,Failed
7208,JOB002,MONTHLY_PAYROLL,Data Processing,12,Wednesday,24,28,9,38,346241,24,52,Ready,Success
7209,JOB004,DATA_TRANSFER,Reporting,0,Thursday,15,28,5,94,231653,66,94,Ready,Failed
7210,JOB006,FINANCE_REPORT,Reporting,22,Thursday,27,20,7,55,295036,46,74,Ready,Failed
7211,JOB016,WAREHOUSE_UPDATE,Synchronization,22,Tuesday,24,20,1,44,135037,71,92,Ready,Failed
7212,JOB004,DATA_TRANSFER,Data Processing,12,Monday,16,0,2,26,33438,75,69,Ready,Success
7213,JOB020,ARCHIVE_JOB,Backup,6,Tuesday,30,18,7,20,402709,87,48,Ready,Failed
7214,JOB004,DATA_TRANSFER,Backup,14,Saturday,5,1,3,108,199952,34,77,Not Ready,Failed
7215,JOB014,MASTER_DATA_SYNC,Data Transfer,11,Monday,2,11,3,46,238034,38,45,Ready,Success
7216,JOB013,LOG_CLEANUP,Data Processing,0,Thursday,19,22,1,20,177900,45,42,Ready,Success
7217,JOB010,ORDER_PROCESSING,Data Processing,14,Monday,23,12,9,9,366611,64,36,Delayed,Success
7218,JOB009,STOCK_UPDATE,Backup,3,Wednesday,30,13,0,119,217207,29,24,Ready,Success
7219,JOB006,FINANCE_REPORT,Data Transfer,12,Friday,3,4,6,10,422107,45,78,Ready,Failed
7220,JOB005,BACKUP_JOB,Reporting,22,Monday,7,2,3,46,304099,27,35,Ready,Success
7221,JOB005,BACKUP_JOB,Backup,4,Saturday,19,26,5,92,374154,51,40,Ready,Success
7222,JOB003,INVENTORY_UPDATE,Data Processing,1,Friday,8,23,7,34,260588,40,24,Ready,Success
7223,JOB001,DAILY_SALES,Backup,22,Wednesday,21,16,6,105,410661,64,77,Ready,Success
7224,JOB018,VENDOR_DATA_SYNC,Synchronization,0,Saturday,0,0,6,36,296769,74,45,Ready,Failed
7225,JOB016,WAREHOUSE_UPDATE,Synchronization,15,Sunday,12,13,5,57,222721,31,62,Ready,Failed
7226,JOB007,CUSTOMER_REPORT,Backup,22,Friday,25,5,3,23,346404,67,78,Ready,Success
7227,JOB011,EMPLOYEE_DATA_SYNC,Synchronization,5,Sunday,1,16,3,55,252314,78,77,Ready,Success
7228,JOB016,WAREHOUSE_UPDATE,Synchronization,22,Wednesday,22,3,8,113,228140,93,21,Not Ready,Failed
7229,JOB020,ARCHIVE_JOB,Backup,15,Friday,9,5,4,32,243359,89,63,Ready,Failed
7230,JOB011,EMPLOYEE_DATA_SYNC,Reporting,13,Friday,22,0,8,51,288537,56,95,Ready,Failed
7231,JOB010,ORDER_PROCESSING,Synchronization,2,Tuesday,18,28,8,76,194916,50,45,Ready,Failed
7232,JOB019,SYSTEM_MONITORING,Data Processing,14,Saturday,16,8,3,111,159755,22,63,Ready,Success
7233,JOB013,LOG_CLEANUP,Data Processing,2,Saturday,23,3,1,5,22399,88,38,Ready,Success
7234,JOB004,DATA_TRANSFER,Data Processing,22,Monday,12,8,1,72,477110,78,68,Ready,Failed
7235,JOB008,SALES_REPORT,Backup,1,Sunday,28,8,8,61,235013,52,76,Delayed,Failed
7236,JOB007,CUSTOMER_REPORT,Reporting,0,Sunday,25,28,8,26,414252,55,25,Delayed,Failed
7237,JOB001,DAILY_SALES,Data Processing,8,Saturday,13,21,2,90,381135,93,42,Ready,Success
7238,JOB017,INVOICE_PROCESSING,Data Transfer,8,Saturday,26,12,4,98,477847,22,62,Not Ready,Failed
7239,JOB020,ARCHIVE_JOB,Synchronization,22,Friday,30,22,4,62,313085,94,63,Ready,Success
7240,JOB013,LOG_CLEANUP,Backup,6,Sunday,10,28,1,95,289800,22,85,Delayed,Success
7241,JOB013,LOG_CLEANUP,Synchronization,2,Thursday,9,16,1,95,165420,78,64,Ready,Success
7242,JOB009,STOCK_UPDATE,Reporting,17,Tuesday,30,20,9,17,420833,73,38,Ready,Success
7243,JOB015,DAILY_ANALYTICS,Reporting,10,Monday,6,2,0,43,173383,47,23,Ready,Success
7244,JOB015,DAILY_ANALYTICS,Data Processing,6,Tuesday,9,25,1,31,101606,28,76,Not Ready,Success
7245,JOB002,MONTHLY_PAYROLL,Data Transfer,8,Monday,23,25,6,43,362521,45,28,Not Ready,Failed
7246,JOB015,DAILY_ANALYTICS,Data Transfer,0,Wednesday,0,28,0,106,109527,48,67,Ready,Success
7247,JOB004,DATA_TRANSFER,Data Processing,13,Friday,13,5,0,76,32766,29,55,Ready,Failed
7248,JOB013,LOG_CLEANUP,Backup,19,Saturday,2,19,8,16,74097,46,86,Ready,Success
7249,JOB020,ARCHIVE_JOB,Synchronization,5,Saturday,12,14,1,28,227979,82,37,Ready,Success
7250,JOB003,INVENTORY_UPDATE,Data Processing,6,Thursday,1,28,3,22,394073,81,59,Delayed,Success
7251,JOB009,STOCK_UPDATE,Backup,9,Sunday,16,13,2,19,111864,37,85,Ready,Failed
7252,JOB020,ARCHIVE_JOB,Reporting,6,Sunday,20,12,3,64,491164,72,84,Delayed,Failed
7253,JOB009,STOCK_UPDATE,Reporting,1,Tuesday,2,8,6,20,412482,36,43,Ready,Success
7254,JOB004,DATA_TRANSFER,Reporting,3,Tuesday,25,22,9,101,136417,68,72,Ready,Success
7255,JOB018,VENDOR_DATA_SYNC,Backup,20,Tuesday,14,14,1,78,411860,45,61,Ready,Success
7256,JOB008,SALES_REPORT,Backup,16,Sunday,7,13,1,51,335727,24,72,Ready,Failed
7257,JOB002,MONTHLY_PAYROLL,Synchronization,0,Saturday,5,3,8,28,459983,92,81,Not Ready,Failed
7258,JOB017,INVOICE_PROCESSING,Reporting,9,Sunday,25,28,5,49,441747,63,81,Not Ready,Failed
7259,JOB020,ARCHIVE_JOB,Data Processing,18,Tuesday,29,10,6,23,206756,43,87,Delayed,Failed
7260,JOB004,DATA_TRANSFER,Backup,14,Friday,8,21,4,95,169569,76,54,Ready,Success
7261,JOB007,CUSTOMER_REPORT,Data Transfer,9,Monday,24,1,4,113,259289,26,76,Ready,Success
7262,JOB006,FINANCE_REPORT,Synchronization,18,Saturday,10,29,3,45,126061,39,80,Ready,Success
7263,JOB002,MONTHLY_PAYROLL,Reporting,11,Friday,21,15,7,35,370734,75,31,Ready,Failed
7264,JOB020,ARCHIVE_JOB,Data Processing,23,Wednesday,1,18,6,89,308033,91,68,Ready,Success
7265,JOB003,INVENTORY_UPDATE,Synchronization,15,Friday,8,15,9,20,414136,38,41,Delayed,Failed
7266,JOB006,FINANCE_REPORT,Reporting,8,Friday,17,26,1,27,448487,83,87,Delayed,Success
7267,JOB007,CUSTOMER_REPORT,Data Processing,14,Wednesday,18,6,1,82,116990,62,90,Delayed,Success
7268,JOB006,FINANCE_REPORT,Backup,16,Friday,21,10,5,27,332994,63,42,Ready,Failed
7269,JOB014,MASTER_DATA_SYNC,Data Transfer,13,Monday,17,11,0,45,222880,44,26,Delayed,Success
7270,JOB020,ARCHIVE_JOB,Reporting,17,Saturday,4,3,6,22,476442,36,41,Delayed,Failed
7271,JOB012,DATABASE_BACKUP,Synchronization,1,Thursday,17,29,7,40,109519,58,59,Ready,Failed
7272,JOB020,ARCHIVE_JOB,Synchronization,3,Sunday,11,15,9,16,451873,44,38,Ready,Failed
7273,JOB003,INVENTORY_UPDATE,Data Processing,17,Wednesday,3,27,7,105,266618,58,72,Ready,Failed
7274,JOB009,STOCK_UPDATE,Synchronization,6,Saturday,14,25,2,79,245634,58,49,Delayed,Failed
7275,JOB013,LOG_CLEANUP,Synchronization,12,Tuesday,10,15,6,73,350912,78,45,Delayed,Failed
7276,JOB019,SYSTEM_MONITORING,Backup,14,Monday,26,6,0,55,287183,85,60,Ready,Failed
7277,JOB005,BACKUP_JOB,Reporting,22,Thursday,18,24,2,89,15104,35,41,Ready,Failed
7278,JOB014,MASTER_DATA_SYNC,Backup,21,Monday,4,29,5,36,391548,72,80,Ready,Success
7279,JOB015,DAILY_ANALYTICS,Synchronization,0,Monday,5,12,8,97,280930,48,92,Ready,Failed
7280,JOB015,DAILY_ANALYTICS,Data Transfer,10,Tuesday,12,4,4,75,218368,85,65,Ready,Failed
7281,JOB003,INVENTORY_UPDATE,Reporting,9,Thursday,22,29,4,40,47716,29,77,Not Ready,Success
7282,JOB011,EMPLOYEE_DATA_SYNC,Data Transfer,4,Sunday,9,0,8,44,131738,21,48,Not Ready,Failed
7283,JOB005,BACKUP_JOB,Synchronization,15,Monday,23,4,8,95,176430,32,72,Delayed,Failed
7284,JOB008,SALES_REPORT,Reporting,10,Tuesday,24,21,5,74,386058,73,37,Ready,Success
7285,JOB018,VENDOR_DATA_SYNC,Data Transfer,20,Wednesday,13,13,4,42,314413,21,50,Ready,Success
7286,JOB015,DAILY_ANALYTICS,Data Transfer,5,Tuesday,3,10,9,58,255311,61,51,Ready,Success
7287,JOB013,LOG_CLEANUP,Data Processing,8,Friday,19,1,1,8,416409,33,28,Ready,Success
7288,JOB012,DATABASE_BACKUP,Reporting,12,Saturday,22,23,7,50,351094,70,56,Not Ready,Failed
7289,JOB001,DAILY_SALES,Data Transfer,23,Tuesday,11,28,7,67,17791,68,27,Delayed,Failed
7290,JOB015,DAILY_ANALYTICS,Reporting,7,Tuesday,14,17,6,103,465432,57,43,Ready,Success
7291,JOB007,CUSTOMER_REPORT,Data Processing,13,Tuesday,25,14,7,78,120363,53,87,Not Ready,Failed
7292,JOB008,SALES_REPORT,Reporting,23,Sunday,9,13,2,106,212462,48,71,Ready,Success
7293,JOB007,CUSTOMER_REPORT,Data Transfer,0,Monday,10,24,2,54,341573,83,65,Ready,Success
7294,JOB017,INVOICE_PROCESSING,Data Transfer,16,Sunday,8,29,1,34,366951,42,36,Ready,Success
7295,JOB005,BACKUP_JOB,Data Processing,23,Thursday,10,12,0,110,269368,42,40,Ready,Success
7296,JOB014,MASTER_DATA_SYNC,Backup,4,Tuesday,1,1,2,77,369053,35,67,Ready,Success
7297,JOB017,INVOICE_PROCESSING,Synchronization,1,Tuesday,12,18,2,20,28685,63,28,Ready,Success
7298,JOB010,ORDER_PROCESSING,Synchronization,23,Friday,26,7,6,56,95045,79,88,Ready,Success
7299,JOB011,EMPLOYEE_DATA_SYNC,Data Transfer,8,Friday,21,26,9,8,19476,90,24,Ready,Failed
7300,JOB018,VENDOR_DATA_SYNC,Reporting,3,Wednesday,25,21,8,30,123214,84,25,Delayed,Failed
7301,JOB018,VENDOR_DATA_SYNC,Backup,16,Wednesday,25,16,0,33,77598,38,91,Ready,Success
7302,JOB008,SALES_REPORT,Data Processing,16,Friday,7,14,7,96,108474,64,67,Delayed,Success
7303,JOB001,DAILY_SALES,Synchronization,20,Thursday,28,19,0,15,243483,20,65,Not Ready,Success
7304,JOB009,STOCK_UPDATE,Backup,17,Wednesday,20,20,2,96,2484,31,92,Delayed,Success
7305,JOB010,ORDER_PROCESSING,Data Processing,15,Saturday,20,13,3,112,355670,44,82,Ready,Success
7306,JOB016,WAREHOUSE_UPDATE,Data Transfer,7,Saturday,7,26,7,100,20760,29,22,Ready,Failed
7307,JOB010,ORDER_PROCESSING,Data Processing,10,Thursday,0,2,0,28,253132,85,50,Delayed,Failed
7308,JOB013,LOG_CLEANUP,Backup,20,Friday,5,16,1,55,7326,52,26,Ready,Success
7309,JOB018,VENDOR_DATA_SYNC,Data Processing,20,Wednesday,25,2,4,46,427450,21,35,Delayed,Failed
7310,JOB003,INVENTORY_UPDATE,Reporting,17,Tuesday,12,12,5,43,202541,23,34,Delayed,Failed
7311,JOB017,INVOICE_PROCESSING,Backup,22,Friday,8,24,4,11,474291,42,26,Ready,Success
7312,JOB015,DAILY_ANALYTICS,Synchronization,23,Wednesday,27,17,2,22,427958,60,57,Ready,Failed
7313,JOB003,INVENTORY_UPDATE,Synchronization,9,Thursday,5,0,9,7,177750,57,27,Delayed,Failed
7314,JOB010,ORDER_PROCESSING,Data Transfer,12,Saturday,14,6,6,67,387946,75,75,Ready,Failed
7315,JOB013,LOG_CLEANUP,Backup,16,Thursday,22,28,0,112,333867,95,20,Ready,Failed
7316,JOB002,MONTHLY_PAYROLL,Reporting,17,Wednesday,15,22,1,114,499532,63,38,Ready,Success
7317,JOB003,INVENTORY_UPDATE,Synchronization,9,Thursday,3,4,8,24,126477,83,38,Ready,Success
7318,JOB018,VENDOR_DATA_SYNC,Reporting,15,Wednesday,27,1,3,102,113325,43,23,Ready,Failed
7319,JOB011,EMPLOYEE_DATA_SYNC,Backup,19,Wednesday,25,29,7,98,188696,60,83,Ready,Failed
7320,JOB017,INVOICE_PROCESSING,Backup,4,Thursday,16,16,8,77,462403,47,21,Not Ready,Failed
7321,JOB011,EMPLOYEE_DATA_SYNC,Reporting,12,Monday,8,28,6,78,477935,81,95,Ready,Failed
7322,JOB017,INVOICE_PROCESSING,Synchronization,17,Tuesday,11,20,0,74,130778,34,42,Delayed,Failed
7323,JOB015,DAILY_ANALYTICS,Data Transfer,16,Friday,21,9,4,21,15963,81,75,Ready,Failed
7324,JOB010,ORDER_PROCESSING,Synchronization,8,Saturday,18,3,5,83,477151,29,70,Delayed,Failed
7325,JOB004,DATA_TRANSFER,Data Processing,13,Tuesday,19,8,7,101,138310,48,50,Delayed,Failed
7326,JOB002,MONTHLY_PAYROLL,Data Processing,16,Friday,25,20,9,63,486076,50,77,Ready,Failed
7327,JOB014,MASTER_DATA_SYNC,Backup,3,Friday,11,10,7,58,127197,82,55,Ready,Success
7328,JOB005,BACKUP_JOB,Data Transfer,17,Saturday,21,25,8,17,190100,37,31,Not Ready,Failed
7329,JOB009,STOCK_UPDATE,Data Processing,19,Tuesday,5,11,8,46,442116,26,54,Delayed,Success
7330,JOB001,DAILY_SALES,Reporting,23,Saturday,11,11,3,48,323638,46,23,Ready,Success
7331,JOB012,DATABASE_BACKUP,Synchronization,23,Wednesday,8,17,5,90,240024,28,47,Ready,Success
7332,JOB007,CUSTOMER_REPORT,Data Transfer,14,Saturday,19,3,2,84,459007,39,52,Delayed,Failed
7333,JOB012,DATABASE_BACKUP,Data Transfer,10,Thursday,4,28,0,102,180860,69,93,Ready,Success
7334,JOB020,ARCHIVE_JOB,Data Transfer,11,Monday,20,27,5,71,304472,80,50,Ready,Failed
7335,JOB010,ORDER_PROCESSING,Backup,8,Monday,2,8,0,76,449790,86,24,Ready,Failed
7336,JOB020,ARCHIVE_JOB,Backup,12,Monday,1,7,8,24,62790,93,29,Ready,Failed
7337,JOB003,INVENTORY_UPDATE,Reporting,14,Tuesday,7,18,5,51,260297,36,44,Ready,Success
7338,JOB008,SALES_REPORT,Reporting,14,Tuesday,9,23,0,28,230275,40,60,Ready,Success
7339,JOB007,CUSTOMER_REPORT,Backup,4,Wednesday,14,12,2,55,465799,92,36,Ready,Success
7340,JOB002,MONTHLY_PAYROLL,Data Processing,22,Sunday,8,1,0,22,449917,51,80,Ready,Success
7341,JOB018,VENDOR_DATA_SYNC,Synchronization,18,Monday,9,18,1,27,204197,67,79,Ready,Success
7342,JOB010,ORDER_PROCESSING,Synchronization,19,Wednesday,10,13,5,5,113962,57,52,Ready,Success
7343,JOB016,WAREHOUSE_UPDATE,Data Transfer,13,Sunday,28,4,6,119,474717,47,28,Ready,Failed
7344,JOB008,SALES_REPORT,Reporting,16,Monday,8,26,0,70,252976,79,69,Ready,Success
7345,JOB011,EMPLOYEE_DATA_SYNC,Data Processing,17,Tuesday,13,27,9,9,407021,89,50,Ready,Success
7346,JOB014,MASTER_DATA_SYNC,Synchronization,20,Sunday,4,29,4,22,461096,77,24,Ready,Success
7347,JOB014,MASTER_DATA_SYNC,Data Transfer,2,Thursday,26,25,5,84,349181,89,65,Ready,Failed
7348,JOB009,STOCK_UPDATE,Data Transfer,1,Thursday,8,9,3,78,255130,72,23,Ready,Failed
7349,JOB011,EMPLOYEE_DATA_SYNC,Reporting,0,Thursday,3,23,5,97,421547,29,50,Ready,Success
7350,JOB007,CUSTOMER_REPORT,Synchronization,9,Saturday,1,16,4,39,75860,21,23,Delayed,Success
7351,JOB005,BACKUP_JOB,Synchronization,18,Thursday,18,19,6,29,467291,44,37,Delayed,Success
7352,JOB008,SALES_REPORT,Data Processing,16,Friday,0,15,3,110,303776,57,53,Ready,Success
7353,JOB009,STOCK_UPDATE,Reporting,11,Monday,20,16,0,28,379311,20,67,Not Ready,Failed
7354,JOB003,INVENTORY_UPDATE,Reporting,0,Thursday,0,0,1,17,227870,95,82,Delayed,Failed
7355,JOB001,DAILY_SALES,Backup,11,Sunday,11,27,5,25,350412,92,33,Ready,Success
7356,JOB019,SYSTEM_MONITORING,Synchronization,16,Friday,10,20,9,110,145297,32,52,Ready,Failed
7357,JOB015,DAILY_ANALYTICS,Backup,23,Friday,0,21,1,111,184290,90,61,Ready,Success
7358,JOB016,WAREHOUSE_UPDATE,Data Processing,2,Friday,13,14,4,43,40859,20,51,Ready,Success
7359,JOB009,STOCK_UPDATE,Data Transfer,10,Wednesday,26,16,3,38,453971,50,62,Ready,Failed
7360,JOB009,STOCK_UPDATE,Reporting,16,Sunday,10,10,6,23,289640,86,76,Ready,Failed
7361,JOB011,EMPLOYEE_DATA_SYNC,Synchronization,22,Wednesday,28,21,3,32,85392,75,34,Not Ready,Failed
7362,JOB003,INVENTORY_UPDATE,Backup,2,Friday,6,4,6,95,1958,38,69,Ready,Success
7363,JOB012,DATABASE_BACKUP,Data Transfer,7,Saturday,1,3,7,118,94399,23,90,Not Ready,Failed
7364,JOB012,DATABASE_BACKUP,Data Processing,19,Thursday,14,25,6,94,124951,47,82,Ready,Failed
7365,JOB002,MONTHLY_PAYROLL,Synchronization,3,Monday,7,20,1,15,84408,63,89,Ready,Success
7366,JOB018,VENDOR_DATA_SYNC,Synchronization,20,Sunday,21,23,0,53,349831,49,28,Ready,Success
7367,JOB019,SYSTEM_MONITORING,Reporting,21,Saturday,19,8,4,39,459673,55,32,Ready,Success
7368,JOB004,DATA_TRANSFER,Reporting,6,Tuesday,24,26,6,88,150389,72,37,Delayed,Success
7369,JOB002,MONTHLY_PAYROLL,Backup,13,Wednesday,14,15,0,80,276728,78,54,Ready,Success
7370,JOB009,STOCK_UPDATE,Backup,13,Thursday,25,29,7,61,170567,87,20,Ready,Failed
7371,JOB003,INVENTORY_UPDATE,Data Processing,3,Thursday,7,11,2,32,420808,94,55,Ready,Success
7372,JOB002,MONTHLY_PAYROLL,Data Transfer,15,Tuesday,28,17,6,70,301061,23,86,Delayed,Failed
7373,JOB017,INVOICE_PROCESSING,Data Processing,23,Tuesday,9,21,2,69,350816,30,65,Ready,Success
7374,JOB015,DAILY_ANALYTICS,Synchronization,21,Sunday,18,2,3,77,57308,72,56,Ready,Failed
7375,JOB008,SALES_REPORT,Backup,0,Thursday,2,14,7,26,431958,73,91,Delayed,Failed
7376,JOB019,SYSTEM_MONITORING,Data Processing,16,Tuesday,19,17,1,55,90010,64,48,Not Ready,Success
7377,JOB007,CUSTOMER_REPORT,Data Processing,9,Thursday,13,11,5,108,283465,36,63,Ready,Failed
7378,JOB010,ORDER_PROCESSING,Reporting,21,Saturday,8,29,9,95,257987,83,87,Delayed,Success
7379,JOB017,INVOICE_PROCESSING,Data Processing,15,Sunday,8,12,8,13,430245,77,95,Delayed,Failed
7380,JOB009,STOCK_UPDATE,Data Transfer,15,Tuesday,20,0,9,75,371942,32,33,Ready,Success
7381,JOB019,SYSTEM_MONITORING,Data Processing,7,Saturday,27,3,8,40,122534,70,70,Delayed,Success
7382,JOB006,FINANCE_REPORT,Data Transfer,6,Saturday,24,7,4,58,112349,71,93,Ready,Success
7383,JOB001,DAILY_SALES,Data Transfer,5,Tuesday,5,18,2,116,98313,34,28,Ready,Failed
7384,JOB014,MASTER_DATA_SYNC,Synchronization,15,Sunday,7,20,5,42,29858,23,88,Delayed,Failed
7385,JOB005,BACKUP_JOB,Data Processing,19,Thursday,10,29,8,118,42838,28,53,Ready,Success
7386,JOB010,ORDER_PROCESSING,Backup,15,Friday,7,25,5,70,301480,86,84,Ready,Failed
7387,JOB012,DATABASE_BACKUP,Synchronization,6,Thursday,11,20,3,47,327741,93,46,Ready,Success
7388,JOB020,ARCHIVE_JOB,Reporting,8,Monday,9,4,4,9,136840,76,59,Delayed,Failed
7389,JOB020,ARCHIVE_JOB,Data Processing,13,Tuesday,30,10,6,85,112467,48,27,Ready,Success
7390,JOB011,EMPLOYEE_DATA_SYNC,Synchronization,10,Wednesday,22,24,9,41,119901,66,25,Delayed,Failed
7391,JOB019,SYSTEM_MONITORING,Reporting,13,Sunday,3,23,2,62,471638,24,72,Ready,Failed
7392,JOB019,SYSTEM_MONITORING,Synchronization,6,Tuesday,15,23,8,67,268321,89,24,Ready,Success
7393,JOB002,MONTHLY_PAYROLL,Synchronization,0,Monday,19,28,0,103,425977,83,73,Delayed,Success
7394,JOB016,WAREHOUSE_UPDATE,Synchronization,12,Saturday,5,28,7,55,74582,78,37,Ready,Success
7395,JOB004,DATA_TRANSFER,Data Transfer,19,Wednesday,29,16,4,76,182094,54,90,Ready,Success
7396,JOB004,DATA_TRANSFER,Data Processing,2,Wednesday,8,16,9,47,163955,24,55,Delayed,Success
7397,JOB020,ARCHIVE_JOB,Reporting,19,Thursday,22,1,8,71,138673,69,73,Ready,Failed
7398,JOB010,ORDER_PROCESSING,Data Processing,3,Friday,4,29,1,71,75433,79,53,Not Ready,Success
7399,JOB016,WAREHOUSE_UPDATE,Synchronization,10,Thursday,20,23,0,69,151145,34,51,Not Ready,Failed
7400,JOB009,STOCK_UPDATE,Data Transfer,1,Sunday,23,25,9,66,319405,43,70,Ready,Success
7401,JOB006,FINANCE_REPORT,Backup,13,Wednesday,5,0,6,92,175291,40,22,Ready,Success
7402,JOB005,BACKUP_JOB,Synchronization,11,Wednesday,16,3,9,113,267725,21,84,Ready,Failed
7403,JOB010,ORDER_PROCESSING,Backup,16,Friday,16,8,8,67,385119,64,32,Ready,Success
7404,JOB004,DATA_TRANSFER,Data Transfer,11,Sunday,24,1,4,34,302946,29,27,Ready,Success
7405,JOB009,STOCK_UPDATE,Data Transfer,11,Tuesday,23,2,3,110,125457,64,63,Ready,Success
7406,JOB020,ARCHIVE_JOB,Backup,0,Friday,21,26,3,94,30698,56,49,Ready,Success
7407,JOB002,MONTHLY_PAYROLL,Data Transfer,12,Saturday,12,5,7,42,314263,42,27,Ready,Success
7408,JOB009,STOCK_UPDATE,Backup,13,Thursday,16,12,0,111,469196,64,77,Delayed,Success
7409,JOB009,STOCK_UPDATE,Data Transfer,23,Tuesday,13,14,0,108,469196,60,27,Not Ready,Failed
7410,JOB006,FINANCE_REPORT,Backup,1,Thursday,1,10,7,55,61393,84,80,Ready,Success
7411,JOB014,MASTER_DATA_SYNC,Backup,11,Friday,25,9,1,111,6080,80,72,Ready,Failed
7412,JOB001,DAILY_SALES,Data Processing,20,Tuesday,18,2,9,42,234814,25,90,Ready,Failed
7413,JOB018,VENDOR_DATA_SYNC,Data Transfer,15,Friday,25,19,5,112,65652,84,95,Ready,Failed
7414,JOB012,DATABASE_BACKUP,Data Processing,3,Saturday,27,8,1,118,69664,37,55,Ready,Failed
7415,JOB001,DAILY_SALES,Data Processing,7,Monday,2,24,4,71,121023,59,93,Ready,Success
7416,JOB006,FINANCE_REPORT,Backup,1,Wednesday,1,9,2,81,63577,57,81,Ready,Success
7417,JOB006,FINANCE_REPORT,Synchronization,9,Sunday,27,20,6,104,154278,64,38,Not Ready,Failed
7418,JOB004,DATA_TRANSFER,Backup,8,Tuesday,1,22,8,109,424666,36,37,Ready,Failed
7419,JOB011,EMPLOYEE_DATA_SYNC,Data Transfer,22,Wednesday,21,24,1,52,79117,32,63,Ready,Success
7420,JOB001,DAILY_SALES,Backup,14,Monday,6,23,6,16,377634,29,39,Delayed,Success
7421,JOB001,DAILY_SALES,Reporting,12,Tuesday,3,26,7,24,123907,50,21,Delayed,Success
7422,JOB008,SALES_REPORT,Data Transfer,22,Wednesday,16,22,9,107,45569,69,49,Delayed,Failed
7423,JOB003,INVENTORY_UPDATE,Synchronization,16,Wednesday,5,11,7,112,10811,42,70,Ready,Success
7424,JOB012,DATABASE_BACKUP,Reporting,15,Tuesday,6,7,6,76,225090,64,63,Not Ready,Failed
7425,JOB006,FINANCE_REPORT,Backup,1,Wednesday,19,20,3,115,182568,57,66,Delayed,Success
7426,JOB006,FINANCE_REPORT,Backup,19,Wednesday,5,20,3,6,78641,30,62,Not Ready,Success
7427,JOB017,INVOICE_PROCESSING,Synchronization,19,Tuesday,8,20,9,79,357041,27,30,Not Ready,Failed
7428,JOB009,STOCK_UPDATE,Backup,13,Sunday,19,16,8,89,87588,32,61,Ready,Success
7429,JOB014,MASTER_DATA_SYNC,Synchronization,2,Wednesday,27,21,9,105,406176,53,38,Ready,Failed
7430,JOB019,SYSTEM_MONITORING,Reporting,22,Wednesday,30,4,8,59,389853,84,22,Delayed,Failed
7431,JOB013,LOG_CLEANUP,Synchronization,11,Sunday,29,23,4,10,188904,94,23,Delayed,Failed
7432,JOB005,BACKUP_JOB,Synchronization,7,Thursday,25,7,6,87,354183,29,57,Not Ready,Failed
7433,JOB009,STOCK_UPDATE,Data Transfer,1,Saturday,3,17,6,98,19162,95,92,Not Ready,Failed
7434,JOB010,ORDER_PROCESSING,Data Processing,3,Thursday,25,10,8,114,200711,55,91,Ready,Success
7435,JOB004,DATA_TRANSFER,Data Transfer,13,Monday,27,21,6,107,432850,23,53,Ready,Failed
7436,JOB007,CUSTOMER_REPORT,Data Processing,15,Thursday,4,27,7,112,6530,40,70,Ready,Failed
7437,JOB019,SYSTEM_MONITORING,Reporting,18,Thursday,18,26,6,66,486772,80,50,Delayed,Failed
7438,JOB017,INVOICE_PROCESSING,Reporting,1,Monday,9,9,3,53,200696,57,56,Ready,Success
7439,JOB014,MASTER_DATA_SYNC,Backup,11,Wednesday,17,25,1,104,385923,95,63,Delayed,Failed
7440,JOB017,INVOICE_PROCESSING,Data Transfer,13,Wednesday,14,14,2,88,24128,58,78,Not Ready,Success
7441,JOB020,ARCHIVE_JOB,Backup,5,Thursday,24,5,6,58,333851,73,37,Ready,Failed
7442,JOB014,MASTER_DATA_SYNC,Backup,12,Monday,28,18,8,14,398681,81,44,Ready,Success
7443,JOB007,CUSTOMER_REPORT,Data Processing,3,Wednesday,0,16,1,28,353419,38,29,Ready,Success
7444,JOB015,DAILY_ANALYTICS,Data Transfer,21,Friday,4,22,6,101,293142,21,88,Ready,Success
7445,JOB012,DATABASE_BACKUP,Data Transfer,17,Tuesday,4,9,3,33,236969,41,44,Ready,Success
7446,JOB013,LOG_CLEANUP,Backup,11,Tuesday,7,4,6,98,488327,76,70,Ready,Failed
7447,JOB018,VENDOR_DATA_SYNC,Backup,19,Saturday,21,27,4,104,482823,22,72,Ready,Failed
7448,JOB006,FINANCE_REPORT,Backup,21,Tuesday,21,15,6,113,290477,42,29,Ready,Success
7449,JOB006,FINANCE_REPORT,Data Processing,20,Thursday,21,11,5,10,225757,23,68,Ready,Success
7450,JOB006,FINANCE_REPORT,Data Processing,18,Tuesday,19,25,1,62,329030,47,57,Ready,Failed
7451,JOB003,INVENTORY_UPDATE,Synchronization,7,Tuesday,14,20,6,115,7522,89,65,Ready,Failed
7452,JOB007,CUSTOMER_REPORT,Reporting,6,Friday,16,26,4,82,440734,89,89,Ready,Failed
7453,JOB012,DATABASE_BACKUP,Data Transfer,15,Wednesday,18,23,8,61,99504,60,30,Ready,Success
7454,JOB002,MONTHLY_PAYROLL,Data Transfer,18,Friday,28,27,0,7,352338,56,35,Ready,Success
7455,JOB018,VENDOR_DATA_SYNC,Reporting,5,Thursday,12,4,0,28,298464,26,51,Delayed,Failed
7456,JOB001,DAILY_SALES,Backup,19,Tuesday,30,20,1,23,450523,20,21,Ready,Success
7457,JOB015,DAILY_ANALYTICS,Data Transfer,20,Sunday,25,0,7,106,205159,53,77,Not Ready,Success
7458,JOB011,EMPLOYEE_DATA_SYNC,Data Transfer,10,Wednesday,27,1,8,102,443191,71,57,Delayed,Failed
7459,JOB020,ARCHIVE_JOB,Backup,4,Saturday,26,4,6,13,111424,29,76,Ready,Failed
7460,JOB020,ARCHIVE_JOB,Data Transfer,15,Saturday,21,22,0,34,377103,79,90,Ready,Success
7461,JOB008,SALES_REPORT,Data Processing,6,Tuesday,20,18,6,100,428035,25,78,Ready,Success
7462,JOB012,DATABASE_BACKUP,Reporting,4,Tuesday,9,27,7,81,488760,87,76,Delayed,Failed
7463,JOB018,VENDOR_DATA_SYNC,Data Processing,10,Saturday,16,14,6,86,58630,91,86,Ready,Failed
7464,JOB005,BACKUP_JOB,Data Processing,14,Saturday,4,0,4,48,208478,67,34,Ready,Success
7465,JOB019,SYSTEM_MONITORING,Data Transfer,2,Sunday,17,10,6,57,57662,64,77,Delayed,Failed
7466,JOB015,DAILY_ANALYTICS,Data Processing,4,Thursday,16,27,9,90,376449,31,22,Not Ready,Failed
7467,JOB017,INVOICE_PROCESSING,Synchronization,22,Tuesday,3,17,1,72,109291,89,77,Ready,Success
7468,JOB011,EMPLOYEE_DATA_SYNC,Data Processing,20,Saturday,21,2,8,64,397774,40,46,Delayed,Failed
7469,JOB006,FINANCE_REPORT,Data Transfer,4,Sunday,6,27,1,27,195154,94,34,Delayed,Failed
7470,JOB018,VENDOR_DATA_SYNC,Backup,8,Monday,24,8,1,65,458978,55,79,Ready,Failed
7471,JOB014,MASTER_DATA_SYNC,Backup,14,Saturday,4,23,4,11,260434,42,22,Ready,Success
7472,JOB006,FINANCE_REPORT,Data Transfer,2,Wednesday,7,3,7,48,336978,74,47,Ready,Failed
7473,JOB008,SALES_REPORT,Data Processing,5,Wednesday,7,23,5,59,445921,46,66,Delayed,Success
7474,JOB012,DATABASE_BACKUP,Reporting,16,Monday,10,12,8,79,4513,39,84,Ready,Failed
7475,JOB017,INVOICE_PROCESSING,Data Processing,20,Thursday,8,8,5,43,403676,34,72,Ready,Success
7476,JOB010,ORDER_PROCESSING,Data Processing,7,Tuesday,18,2,4,63,449590,61,39,Delayed,Success
7477,JOB001,DAILY_SALES,Reporting,20,Tuesday,18,15,0,110,419532,23,30,Ready,Failed
7478,JOB015,DAILY_ANALYTICS,Data Processing,10,Saturday,8,21,7,109,467405,48,44,Ready,Success
7479,JOB017,INVOICE_PROCESSING,Data Processing,5,Wednesday,22,7,2,102,197630,74,82,Ready,Failed
7480,JOB008,SALES_REPORT,Synchronization,7,Thursday,30,25,1,9,114860,94,23,Ready,Success
7481,JOB008,SALES_REPORT,Synchronization,9,Thursday,19,6,6,46,50512,68,73,Delayed,Success
7482,JOB010,ORDER_PROCESSING,Data Transfer,23,Thursday,30,24,1,93,29669,90,79,Not Ready,Failed
7483,JOB014,MASTER_DATA_SYNC,Data Processing,2,Saturday,16,22,0,96,366243,94,47,Ready,Failed
7484,JOB015,DAILY_ANALYTICS,Backup,22,Tuesday,15,16,1,18,362898,73,29,Ready,Success
7485,JOB010,ORDER_PROCESSING,Backup,13,Thursday,6,24,5,31,320704,52,55,Ready,Success
7486,JOB020,ARCHIVE_JOB,Data Transfer,22,Saturday,25,27,1,20,32709,56,52,Ready,Success
7487,JOB013,LOG_CLEANUP,Synchronization,13,Saturday,21,15,0,95,459486,26,78,Delayed,Failed
7488,JOB019,SYSTEM_MONITORING,Data Transfer,9,Monday,2,20,0,6,350849,43,64,Ready,Success
7489,JOB020,ARCHIVE_JOB,Data Transfer,11,Friday,29,21,3,23,233130,74,70,Ready,Failed
7490,JOB014,MASTER_DATA_SYNC,Backup,5,Thursday,20,17,7,27,18011,30,65,Ready,Success
7491,JOB014,MASTER_DATA_SYNC,Synchronization,11,Friday,18,15,5,45,20651,63,32,Ready,Success
7492,JOB008,SALES_REPORT,Synchronization,22,Tuesday,7,14,3,18,1566,84,23,Not Ready,Failed
7493,JOB014,MASTER_DATA_SYNC,Data Processing,13,Saturday,4,1,5,51,299670,25,61,Delayed,Success
7494,JOB020,ARCHIVE_JOB,Data Transfer,1,Sunday,25,28,5,119,241058,50,46,Delayed,Failed
7495,JOB009,STOCK_UPDATE,Data Processing,8,Thursday,25,19,8,67,265164,62,27,Ready,Success
7496,JOB003,INVENTORY_UPDATE,Reporting,9,Sunday,5,3,3,94,70066,31,65,Delayed,Success
7497,JOB005,BACKUP_JOB,Backup,16,Wednesday,1,4,5,12,282034,84,27,Ready,Success
7498,JOB015,DAILY_ANALYTICS,Reporting,16,Tuesday,23,6,9,31,209355,71,45,Ready,Failed
7499,JOB013,LOG_CLEANUP,Reporting,2,Monday,24,28,0,115,339063,89,20,Ready,Failed
7500,JOB001,DAILY_SALES,Reporting,18,Monday,18,26,6,44,44882,49,80,Ready,Failed
7501,JOB007,CUSTOMER_REPORT,Synchronization,0,Friday,12,27,6,32,26304,95,58,Ready,Failed
7502,JOB012,DATABASE_BACKUP,Data Processing,11,Saturday,30,14,0,72,381160,93,28,Delayed,Success
7503,JOB012,DATABASE_BACKUP,Data Processing,6,Friday,5,16,7,65,310886,74,46,Delayed,Failed
7504,JOB004,DATA_TRANSFER,Data Transfer,3,Wednesday,5,9,4,42,214465,58,89,Ready,Success
7505,JOB001,DAILY_SALES,Data Transfer,9,Wednesday,1,19,8,79,63124,93,39,Ready,Failed
7506,JOB004,DATA_TRANSFER,Data Transfer,12,Monday,25,28,7,112,165445,25,84,Ready,Success
7507,JOB019,SYSTEM_MONITORING,Reporting,1,Sunday,23,8,2,28,130925,75,35,Delayed,Success
7508,JOB017,INVOICE_PROCESSING,Backup,9,Thursday,4,15,0,32,92354,27,87,Ready,Success
7509,JOB009,STOCK_UPDATE,Backup,20,Monday,10,23,2,45,39451,74,86,Not Ready,Failed
7510,JOB007,CUSTOMER_REPORT,Backup,21,Monday,10,2,1,22,53754,35,41,Ready,Success
7511,JOB007,CUSTOMER_REPORT,Data Processing,3,Sunday,23,21,1,53,407885,21,92,Ready,Failed
7512,JOB018,VENDOR_DATA_SYNC,Synchronization,17,Sunday,13,26,3,89,205012,83,75,Ready,Success
7513,JOB004,DATA_TRANSFER,Backup,4,Wednesday,12,8,1,30,496274,30,76,Delayed,Failed
7514,JOB020,ARCHIVE_JOB,Backup,18,Sunday,29,7,7,7,21754,23,73,Ready,Failed
7515,JOB004,DATA_TRANSFER,Synchronization,1,Friday,7,22,4,81,496398,22,27,Ready,Success
7516,JOB003,INVENTORY_UPDATE,Data Transfer,11,Wednesday,14,6,0,42,125779,34,26,Delayed,Failed
7517,JOB020,ARCHIVE_JOB,Data Processing,16,Sunday,11,16,5,96,103047,87,95,Ready,Failed
7518,JOB019,SYSTEM_MONITORING,Data Processing,9,Saturday,2,4,6,18,399063,62,20,Delayed,Failed
7519,JOB016,WAREHOUSE_UPDATE,Synchronization,1,Wednesday,20,6,0,5,82472,28,73,Ready,Success
7520,JOB003,INVENTORY_UPDATE,Reporting,5,Wednesday,22,29,2,96,240832,44,31,Ready,Success
7521,JOB003,INVENTORY_UPDATE,Data Processing,7,Monday,4,12,8,104,301590,84,33,Not Ready,Failed
7522,JOB016,WAREHOUSE_UPDATE,Reporting,18,Thursday,5,17,6,118,360820,85,38,Delayed,Failed
7523,JOB011,EMPLOYEE_DATA_SYNC,Data Transfer,10,Monday,1,21,3,15,61489,74,38,Ready,Success
7524,JOB012,DATABASE_BACKUP,Data Processing,11,Tuesday,7,13,5,111,236473,64,93,Delayed,Success
7525,JOB003,INVENTORY_UPDATE,Data Processing,8,Wednesday,4,17,5,44,116363,52,47,Ready,Success
7526,JOB005,BACKUP_JOB,Data Transfer,1,Sunday,21,2,2,8,332733,41,34,Ready,Success
7527,JOB007,CUSTOMER_REPORT,Backup,7,Sunday,16,16,1,38,460461,61,82,Delayed,Failed
7528,JOB009,STOCK_UPDATE,Backup,10,Sunday,25,18,4,69,132994,95,42,Ready,Success
7529,JOB012,DATABASE_BACKUP,Data Transfer,20,Wednesday,1,6,7,60,233775,46,62,Delayed,Failed
7530,JOB006,FINANCE_REPORT,Synchronization,3,Sunday,10,20,2,14,99711,30,29,Ready,Success
7531,JOB017,INVOICE_PROCESSING,Reporting,9,Tuesday,3,3,4,85,313405,61,55,Ready,Success
7532,JOB013,LOG_CLEANUP,Synchronization,20,Wednesday,10,14,2,75,168432,41,82,Ready,Failed
7533,JOB020,ARCHIVE_JOB,Synchronization,19,Sunday,8,28,6,107,407006,28,68,Ready,Failed
7534,JOB013,LOG_CLEANUP,Data Processing,15,Wednesday,5,27,5,68,486116,76,33,Ready,Success
7535,JOB020,ARCHIVE_JOB,Reporting,7,Saturday,23,23,5,17,146639,50,53,Delayed,Success
7536,JOB014,MASTER_DATA_SYNC,Synchronization,3,Wednesday,1,7,0,26,283487,37,58,Delayed,Failed
7537,JOB015,DAILY_ANALYTICS,Backup,9,Tuesday,25,15,1,60,187865,31,51,Ready,Failed
7538,JOB018,VENDOR_DATA_SYNC,Synchronization,11,Monday,14,0,5,69,163214,59,41,Ready,Success
7539,JOB011,EMPLOYEE_DATA_SYNC,Backup,13,Wednesday,4,24,7,96,264634,64,54,Delayed,Success
7540,JOB011,EMPLOYEE_DATA_SYNC,Backup,15,Thursday,27,15,4,101,212190,68,42,Ready,Failed
7541,JOB006,FINANCE_REPORT,Reporting,21,Tuesday,11,29,1,17,129369,20,44,Ready,Success
7542,JOB007,CUSTOMER_REPORT,Data Processing,17,Friday,12,24,4,5,61928,26,88,Delayed,Success
7543,JOB009,STOCK_UPDATE,Backup,20,Saturday,16,1,8,42,160498,21,25,Delayed,Failed
7544,JOB002,MONTHLY_PAYROLL,Data Transfer,21,Tuesday,3,1,5,62,119888,23,79,Delayed,Failed
7545,JOB013,LOG_CLEANUP,Data Processing,20,Monday,9,7,4,29,84401,64,25,Ready,Success
7546,JOB016,WAREHOUSE_UPDATE,Data Transfer,11,Sunday,0,11,9,46,428264,65,38,Ready,Success
7547,JOB008,SALES_REPORT,Backup,17,Sunday,10,10,5,89,179650,86,38,Ready,Failed
7548,JOB009,STOCK_UPDATE,Backup,6,Tuesday,15,5,8,37,227896,28,31,Not Ready,Failed
7549,JOB002,MONTHLY_PAYROLL,Reporting,19,Friday,10,18,6,61,361058,76,32,Not Ready,Failed
7550,JOB018,VENDOR_DATA_SYNC,Data Transfer,23,Sunday,8,27,9,41,163795,35,69,Ready,Success
7551,JOB020,ARCHIVE_JOB,Synchronization,22,Saturday,1,17,2,61,279322,70,86,Not Ready,Failed
7552,JOB012,DATABASE_BACKUP,Synchronization,6,Thursday,6,4,9,102,129272,71,95,Delayed,Failed
7553,JOB008,SALES_REPORT,Data Processing,8,Friday,18,14,9,66,193358,28,50,Ready,Success
7554,JOB010,ORDER_PROCESSING,Data Processing,0,Tuesday,29,7,4,7,38622,25,42,Delayed,Failed
7555,JOB009,STOCK_UPDATE,Backup,5,Friday,17,5,3,34,42834,63,89,Ready,Success
7556,JOB015,DAILY_ANALYTICS,Data Transfer,5,Sunday,28,11,4,71,140127,25,77,Not Ready,Failed
7557,JOB011,EMPLOYEE_DATA_SYNC,Reporting,21,Sunday,19,18,7,67,393385,24,86,Ready,Success
7558,JOB011,EMPLOYEE_DATA_SYNC,Reporting,11,Tuesday,6,11,5,86,418903,65,90,Delayed,Failed
7559,JOB006,FINANCE_REPORT,Data Processing,21,Sunday,22,11,3,27,187390,46,29,Ready,Success
7560,JOB017,INVOICE_PROCESSING,Synchronization,11,Sunday,8,8,4,76,434064,64,87,Delayed,Failed
7561,JOB001,DAILY_SALES,Backup,9,Thursday,11,23,6,77,172901,60,63,Ready,Success
7562,JOB017,INVOICE_PROCESSING,Backup,22,Thursday,28,9,7,70,105762,47,89,Delayed,Failed
7563,JOB002,MONTHLY_PAYROLL,Synchronization,5,Monday,2,21,4,65,74929,73,90,Ready,Success
7564,JOB011,EMPLOYEE_DATA_SYNC,Data Transfer,16,Thursday,22,16,1,6,82396,51,27,Ready,Success
7565,JOB010,ORDER_PROCESSING,Synchronization,18,Wednesday,21,17,5,31,259665,72,47,Ready,Success
7566,JOB003,INVENTORY_UPDATE,Data Processing,17,Friday,25,15,8,52,175685,90,74,Ready,Success
7567,JOB005,BACKUP_JOB,Synchronization,5,Friday,15,3,2,107,255946,49,86,Ready,Failed
7568,JOB011,EMPLOYEE_DATA_SYNC,Backup,23,Tuesday,6,17,6,67,128000,72,58,Ready,Failed
7569,JOB007,CUSTOMER_REPORT,Reporting,18,Thursday,22,2,7,104,480888,50,52,Ready,Success
7570,JOB018,VENDOR_DATA_SYNC,Data Transfer,9,Monday,25,15,5,9,84451,31,94,Not Ready,Failed
7571,JOB009,STOCK_UPDATE,Data Processing,23,Sunday,4,13,2,5,141653,28,48,Ready,Success
7572,JOB012,DATABASE_BACKUP,Reporting,7,Monday,24,23,0,26,82617,86,36,Not Ready,Failed
7573,JOB010,ORDER_PROCESSING,Synchronization,20,Monday,22,8,2,78,346681,56,56,Delayed,Success
7574,JOB020,ARCHIVE_JOB,Reporting,23,Saturday,6,5,5,113,46101,47,25,Ready,Success
7575,JOB006,FINANCE_REPORT,Data Transfer,5,Sunday,27,3,3,28,497674,45,65,Ready,Success
7576,JOB002,MONTHLY_PAYROLL,Data Transfer,20,Wednesday,29,26,0,63,25940,40,33,Ready,Failed
7577,JOB002,MONTHLY_PAYROLL,Data Transfer,6,Thursday,18,1,5,83,69907,29,56,Ready,Success
7578,JOB001,DAILY_SALES,Backup,23,Sunday,16,22,0,101,12016,43,95,Ready,Failed
7579,JOB015,DAILY_ANALYTICS,Data Transfer,0,Monday,15,9,7,54,417159,44,48,Ready,Success
7580,JOB014,MASTER_DATA_SYNC,Data Processing,17,Sunday,29,10,2,27,55617,71,68,Ready,Failed
7581,JOB011,EMPLOYEE_DATA_SYNC,Synchronization,23,Wednesday,29,6,2,82,84292,20,21,Delayed,Failed
7582,JOB003,INVENTORY_UPDATE,Data Processing,19,Friday,20,25,0,22,470801,72,89,Delayed,Failed
7583,JOB002,MONTHLY_PAYROLL,Synchronization,11,Tuesday,23,24,2,93,3237,87,89,Ready,Failed
7584,JOB012,DATABASE_BACKUP,Backup,15,Thursday,20,4,6,26,364922,43,84,Not Ready,Failed
7585,JOB019,SYSTEM_MONITORING,Backup,9,Thursday,25,25,9,48,328407,46,65,Ready,Failed
7586,JOB002,MONTHLY_PAYROLL,Data Processing,9,Saturday,18,3,7,48,464196,46,82,Delayed,Success
7587,JOB014,MASTER_DATA_SYNC,Data Transfer,13,Friday,24,25,7,41,283996,84,40,Ready,Success
7588,JOB017,INVOICE_PROCESSING,Backup,19,Thursday,17,5,2,11,399974,58,46,Ready,Success
7589,JOB009,STOCK_UPDATE,Synchronization,9,Saturday,30,27,4,94,496096,55,82,Ready,Failed
7590,JOB015,DAILY_ANALYTICS,Synchronization,9,Saturday,18,1,0,28,438538,95,42,Ready,Success
7591,JOB001,DAILY_SALES,Data Processing,10,Saturday,27,1,8,81,308147,88,58,Ready,Failed
7592,JOB005,BACKUP_JOB,Data Processing,22,Thursday,3,15,7,45,86895,24,77,Ready,Success
7593,JOB007,CUSTOMER_REPORT,Data Transfer,1,Thursday,25,27,9,74,272320,29,64,Ready,Success
7594,JOB010,ORDER_PROCESSING,Data Transfer,19,Thursday,0,24,1,89,30658,35,33,Ready,Success
7595,JOB003,INVENTORY_UPDATE,Data Processing,7,Wednesday,26,22,9,75,388182,72,41,Delayed,Failed
7596,JOB018,VENDOR_DATA_SYNC,Reporting,22,Saturday,3,22,0,22,137746,33,36,Ready,Success
7597,JOB002,MONTHLY_PAYROLL,Reporting,6,Wednesday,3,12,3,83,412126,93,48,Ready,Success
7598,JOB009,STOCK_UPDATE,Synchronization,7,Tuesday,8,20,8,76,291092,48,57,Delayed,Success
7599,JOB011,EMPLOYEE_DATA_SYNC,Data Transfer,0,Thursday,7,6,7,64,450157,47,50,Ready,Success
7600,JOB016,WAREHOUSE_UPDATE,Reporting,20,Sunday,1,24,2,56,460788,36,77,Delayed,Success
7601,JOB014,MASTER_DATA_SYNC,Data Transfer,1,Friday,28,25,9,84,28749,88,36,Not Ready,Failed
7602,JOB004,DATA_TRANSFER,Synchronization,17,Monday,22,4,5,53,256941,85,42,Ready,Success
7603,JOB010,ORDER_PROCESSING,Backup,14,Tuesday,5,24,8,71,93356,55,39,Ready,Failed
7604,JOB016,WAREHOUSE_UPDATE,Data Processing,0,Sunday,22,16,9,49,129390,65,95,Delayed,Failed
7605,JOB010,ORDER_PROCESSING,Data Transfer,4,Monday,10,12,7,13,289822,64,23,Not Ready,Failed
7606,JOB007,CUSTOMER_REPORT,Synchronization,1,Monday,3,14,9,120,461982,28,92,Ready,Success
7607,JOB018,VENDOR_DATA_SYNC,Reporting,19,Thursday,29,27,4,115,149498,55,94,Ready,Failed
7608,JOB020,ARCHIVE_JOB,Synchronization,2,Friday,13,2,8,30,308562,24,68,Delayed,Failed
7609,JOB017,INVOICE_PROCESSING,Data Transfer,18,Monday,20,22,8,30,434925,92,45,Ready,Failed
7610,JOB011,EMPLOYEE_DATA_SYNC,Synchronization,17,Saturday,21,3,2,34,126400,69,51,Ready,Success
7611,JOB004,DATA_TRANSFER,Data Processing,21,Sunday,8,14,7,31,160752,47,47,Ready,Success
7612,JOB010,ORDER_PROCESSING,Synchronization,17,Monday,1,17,3,84,372347,46,70,Ready,Success
7613,JOB009,STOCK_UPDATE,Synchronization,13,Tuesday,26,27,9,116,138240,66,59,Ready,Failed
7614,JOB011,EMPLOYEE_DATA_SYNC,Data Processing,23,Friday,24,29,6,119,493849,52,56,Ready,Failed
7615,JOB005,BACKUP_JOB,Synchronization,7,Friday,25,2,9,8,201263,57,70,Ready,Failed
7616,JOB007,CUSTOMER_REPORT,Data Transfer,11,Monday,0,6,7,55,235929,27,76,Ready,Success
7617,JOB009,STOCK_UPDATE,Reporting,20,Friday,3,7,6,87,441292,23,91,Ready,Success
7618,JOB011,EMPLOYEE_DATA_SYNC,Reporting,9,Tuesday,11,10,4,102,104845,55,86,Ready,Success
7619,JOB011,EMPLOYEE_DATA_SYNC,Reporting,22,Sunday,4,24,0,74,103209,50,22,Ready,Success
7620,JOB016,WAREHOUSE_UPDATE,Data Processing,19,Tuesday,8,21,7,113,264224,93,93,Ready,Failed
7621,JOB008,SALES_REPORT,Data Processing,16,Tuesday,30,25,4,83,78333,68,82,Ready,Success
7622,JOB008,SALES_REPORT,Data Processing,10,Saturday,21,8,2,14,182047,60,31,Delayed,Failed
7623,JOB002,MONTHLY_PAYROLL,Data Transfer,1,Thursday,3,19,1,110,381451,27,70,Delayed,Failed
7624,JOB017,INVOICE_PROCESSING,Backup,3,Monday,15,11,2,40,299162,49,30,Ready,Success
7625,JOB020,ARCHIVE_JOB,Data Transfer,0,Sunday,1,4,8,50,199723,33,25,Ready,Failed
7626,JOB002,MONTHLY_PAYROLL,Reporting,14,Friday,15,0,1,108,348631,64,31,Delayed,Success
7627,JOB019,SYSTEM_MONITORING,Reporting,12,Tuesday,15,13,9,10,104424,65,44,Delayed,Failed
7628,JOB013,LOG_CLEANUP,Backup,7,Monday,20,24,0,112,74775,86,45,Delayed,Success
7629,JOB010,ORDER_PROCESSING,Data Processing,3,Sunday,23,24,1,108,215432,35,77,Delayed,Failed
7630,JOB014,MASTER_DATA_SYNC,Reporting,9,Sunday,23,24,1,74,275071,29,55,Ready,Success
7631,JOB005,BACKUP_JOB,Data Transfer,18,Monday,21,2,4,83,264088,87,55,Not Ready,Failed
7632,JOB003,INVENTORY_UPDATE,Synchronization,17,Thursday,10,28,0,97,53420,71,40,Delayed,Failed
7633,JOB002,MONTHLY_PAYROLL,Backup,4,Saturday,0,14,9,93,20503,69,68,Ready,Success
7634,JOB009,STOCK_UPDATE,Synchronization,18,Friday,14,9,7,87,416672,87,79,Ready,Failed
7635,JOB007,CUSTOMER_REPORT,Backup,22,Saturday,23,25,1,82,273319,21,81,Ready,Success
7636,JOB004,DATA_TRANSFER,Backup,21,Sunday,3,9,5,7,157002,94,38,Ready,Success
7637,JOB003,INVENTORY_UPDATE,Data Transfer,15,Friday,30,23,4,54,135377,94,30,Ready,Failed
7638,JOB014,MASTER_DATA_SYNC,Reporting,0,Sunday,29,2,1,46,475097,79,22,Ready,Failed
7639,JOB010,ORDER_PROCESSING,Data Processing,11,Tuesday,17,28,9,114,128412,69,76,Ready,Failed
7640,JOB019,SYSTEM_MONITORING,Reporting,23,Tuesday,16,5,0,82,448163,20,88,Delayed,Failed
7641,JOB019,SYSTEM_MONITORING,Synchronization,1,Monday,6,4,5,58,232293,56,72,Ready,Success
7642,JOB017,INVOICE_PROCESSING,Reporting,20,Friday,17,23,5,107,302681,42,85,Delayed,Failed
7643,JOB010,ORDER_PROCESSING,Synchronization,7,Friday,12,18,2,43,111681,68,31,Ready,Success
7644,JOB007,CUSTOMER_REPORT,Data Processing,17,Sunday,19,13,7,89,34136,93,81,Delayed,Failed
7645,JOB020,ARCHIVE_JOB,Data Processing,15,Saturday,19,16,8,59,421778,83,64,Not Ready,Failed
7646,JOB002,MONTHLY_PAYROLL,Backup,4,Tuesday,28,11,2,15,231568,36,76,Ready,Success
7647,JOB007,CUSTOMER_REPORT,Reporting,21,Wednesday,9,8,8,118,439169,90,21,Ready,Failed
7648,JOB008,SALES_REPORT,Data Transfer,12,Monday,30,25,7,78,470946,34,74,Ready,Failed
7649,JOB015,DAILY_ANALYTICS,Data Transfer,18,Friday,0,24,4,83,338768,70,38,Delayed,Success
7650,JOB017,INVOICE_PROCESSING,Data Processing,2,Thursday,1,2,5,34,221336,46,80,Delayed,Failed
7651,JOB014,MASTER_DATA_SYNC,Data Processing,7,Thursday,16,17,0,112,445915,28,43,Delayed,Success
7652,JOB008,SALES_REPORT,Synchronization,11,Wednesday,21,3,4,85,215545,83,24,Delayed,Failed
7653,JOB015,DAILY_ANALYTICS,Reporting,1,Tuesday,28,13,9,60,413410,82,45,Ready,Success
7654,JOB012,DATABASE_BACKUP,Synchronization,10,Tuesday,2,23,9,33,81312,72,54,Ready,Success
7655,JOB018,VENDOR_DATA_SYNC,Backup,11,Tuesday,16,5,6,21,241600,61,38,Ready,Success
7656,JOB015,DAILY_ANALYTICS,Reporting,17,Saturday,11,25,0,37,361559,89,50,Ready,Success
7657,JOB006,FINANCE_REPORT,Data Processing,12,Sunday,23,14,9,106,86992,54,63,Ready,Success
7658,JOB008,SALES_REPORT,Data Processing,4,Thursday,29,16,8,25,215055,36,38,Delayed,Failed
7659,JOB014,MASTER_DATA_SYNC,Reporting,21,Tuesday,11,23,6,115,447565,63,31,Ready,Success
7660,JOB018,VENDOR_DATA_SYNC,Backup,11,Thursday,29,4,3,119,493912,62,54,Ready,Success
7661,JOB018,VENDOR_DATA_SYNC,Synchronization,1,Wednesday,19,28,3,82,84117,95,77,Ready,Failed
7662,JOB010,ORDER_PROCESSING,Backup,4,Monday,9,5,9,14,62241,63,91,Ready,Success
7663,JOB005,BACKUP_JOB,Data Transfer,6,Sunday,6,20,6,110,230716,57,44,Delayed,Failed
7664,JOB003,INVENTORY_UPDATE,Reporting,23,Saturday,9,25,5,91,202623,60,44,Ready,Failed
7665,JOB008,SALES_REPORT,Data Processing,11,Friday,17,4,2,107,129923,44,32,Not Ready,Success
7666,JOB013,LOG_CLEANUP,Data Transfer,15,Wednesday,30,18,8,43,36629,68,61,Not Ready,Failed
7667,JOB012,DATABASE_BACKUP,Backup,22,Sunday,21,13,5,82,177323,79,34,Ready,Success
7668,JOB007,CUSTOMER_REPORT,Backup,7,Thursday,5,3,1,51,14895,21,42,Ready,Success
7669,JOB001,DAILY_SALES,Data Processing,8,Wednesday,6,4,9,90,452765,84,47,Ready,Failed
7670,JOB001,DAILY_SALES,Data Transfer,14,Friday,27,10,1,56,246488,22,32,Ready,Success
7671,JOB005,BACKUP_JOB,Backup,4,Sunday,16,26,0,45,490248,33,94,Delayed,Success
7672,JOB012,DATABASE_BACKUP,Synchronization,12,Saturday,29,1,4,96,393514,64,63,Ready,Failed
7673,JOB004,DATA_TRANSFER,Synchronization,4,Monday,11,21,9,51,358488,53,71,Ready,Failed
7674,JOB007,CUSTOMER_REPORT,Synchronization,10,Friday,16,1,5,77,322062,55,54,Delayed,Success
7675,JOB013,LOG_CLEANUP,Data Transfer,9,Sunday,30,19,2,91,144864,34,66,Ready,Failed
7676,JOB016,WAREHOUSE_UPDATE,Data Processing,19,Saturday,17,11,3,75,326550,56,54,Delayed,Failed
7677,JOB008,SALES_REPORT,Reporting,12,Thursday,13,15,4,92,16430,29,69,Delayed,Failed
7678,JOB015,DAILY_ANALYTICS,Synchronization,8,Friday,10,16,3,47,40130,28,59,Ready,Success
7679,JOB010,ORDER_PROCESSING,Data Processing,20,Wednesday,1,3,8,41,174572,69,89,Delayed,Failed
7680,JOB017,INVOICE_PROCESSING,Backup,13,Tuesday,20,13,2,77,391896,54,61,Ready,Success
7681,JOB011,EMPLOYEE_DATA_SYNC,Reporting,17,Wednesday,0,6,4,68,466060,65,34,Delayed,Failed
7682,JOB016,WAREHOUSE_UPDATE,Backup,14,Thursday,10,14,6,106,70120,66,79,Ready,Success
7683,JOB015,DAILY_ANALYTICS,Data Transfer,9,Sunday,1,29,6,75,62397,37,77,Delayed,Success
7684,JOB001,DAILY_SALES,Data Transfer,23,Monday,15,15,5,64,384356,44,88,Ready,Failed
7685,JOB006,FINANCE_REPORT,Data Transfer,6,Friday,21,7,8,91,55455,54,52,Ready,Failed
7686,JOB007,CUSTOMER_REPORT,Data Processing,7,Sunday,2,1,6,29,52078,70,59,Ready,Failed
7687,JOB011,EMPLOYEE_DATA_SYNC,Backup,2,Monday,19,18,3,114,32088,74,21,Ready,Success
7688,JOB005,BACKUP_JOB,Data Transfer,14,Thursday,0,0,9,119,201127,35,52,Ready,Failed
7689,JOB002,MONTHLY_PAYROLL,Data Transfer,15,Friday,20,22,8,26,244719,31,44,Delayed,Failed
7690,JOB015,DAILY_ANALYTICS,Data Transfer,3,Saturday,19,3,5,47,238163,78,78,Ready,Success
7691,JOB008,SALES_REPORT,Backup,20,Saturday,7,26,0,75,403813,92,46,Not Ready,Failed
7692,JOB001,DAILY_SALES,Data Transfer,5,Sunday,18,25,8,74,3013,56,75,Ready,Success
7693,JOB001,DAILY_SALES,Reporting,0,Wednesday,25,23,6,40,230823,51,44,Delayed,Failed
7694,JOB014,MASTER_DATA_SYNC,Backup,3,Sunday,0,20,5,50,84640,76,24,Ready,Success
7695,JOB015,DAILY_ANALYTICS,Data Transfer,10,Wednesday,29,24,5,26,94979,41,81,Ready,Success
7696,JOB011,EMPLOYEE_DATA_SYNC,Backup,11,Thursday,28,21,3,39,145537,64,62,Ready,Success
7697,JOB005,BACKUP_JOB,Synchronization,4,Saturday,25,10,3,117,480229,31,87,Ready,Failed
7698,JOB007,CUSTOMER_REPORT,Reporting,22,Friday,4,9,2,51,197641,24,55,Ready,Success
7699,JOB002,MONTHLY_PAYROLL,Backup,20,Saturday,29,17,7,37,116184,45,29,Ready,Success
7700,JOB003,INVENTORY_UPDATE,Reporting,15,Wednesday,30,0,7,89,159559,39,41,Ready,Success
7701,JOB006,FINANCE_REPORT,Data Processing,12,Sunday,0,16,1,79,392189,80,47,Delayed,Success
7702,JOB003,INVENTORY_UPDATE,Data Transfer,12,Thursday,10,15,4,17,199011,27,67,Ready,Success
7703,JOB001,DAILY_SALES,Data Processing,16,Saturday,20,11,8,60,4219,81,79,Not Ready,Failed
7704,JOB002,MONTHLY_PAYROLL,Data Processing,6,Thursday,8,27,8,71,402293,73,82,Ready,Failed
7705,JOB009,STOCK_UPDATE,Data Processing,7,Saturday,4,29,6,17,396926,77,21,Not Ready,Failed
7706,JOB011,EMPLOYEE_DATA_SYNC,Backup,12,Sunday,1,29,3,54,420394,85,42,Ready,Success
7707,JOB003,INVENTORY_UPDATE,Reporting,22,Monday,12,15,3,109,47994,64,70,Not Ready,Failed
7708,JOB019,SYSTEM_MONITORING,Data Transfer,15,Sunday,30,8,9,61,374325,84,47,Ready,Failed
7709,JOB005,BACKUP_JOB,Backup,3,Saturday,17,16,6,102,492239,24,20,Delayed,Failed
7710,JOB017,INVOICE_PROCESSING,Data Transfer,7,Wednesday,25,2,2,32,236046,50,34,Ready,Failed
7711,JOB011,EMPLOYEE_DATA_SYNC,Reporting,15,Sunday,24,27,2,108,145036,42,34,Ready,Success
7712,JOB001,DAILY_SALES,Data Processing,20,Friday,11,17,4,102,219210,40,62,Ready,Failed
7713,JOB001,DAILY_SALES,Synchronization,9,Wednesday,13,14,5,100,291432,31,24,Ready,Success
7714,JOB014,MASTER_DATA_SYNC,Data Transfer,11,Wednesday,4,14,7,91,31714,23,91,Ready,Failed
7715,JOB013,LOG_CLEANUP,Backup,11,Wednesday,26,15,0,92,266746,56,57,Not Ready,Failed
7716,JOB020,ARCHIVE_JOB,Data Processing,4,Thursday,23,27,6,69,351168,94,82,Delayed,Failed
7717,JOB013,LOG_CLEANUP,Data Transfer,15,Tuesday,9,19,7,28,267240,28,62,Ready,Success
7718,JOB009,STOCK_UPDATE,Backup,0,Tuesday,19,0,4,71,363782,45,70,Ready,Success
7719,JOB008,SALES_REPORT,Data Transfer,8,Monday,1,0,9,85,334796,46,45,Ready,Failed
7720,JOB011,EMPLOYEE_DATA_SYNC,Synchronization,11,Wednesday,3,3,1,11,213147,81,65,Ready,Success
7721,JOB003,INVENTORY_UPDATE,Backup,4,Tuesday,11,28,3,78,292754,69,31,Ready,Success
7722,JOB016,WAREHOUSE_UPDATE,Backup,21,Monday,10,12,5,87,67815,91,31,Ready,Failed
7723,JOB020,ARCHIVE_JOB,Backup,19,Thursday,3,29,8,28,250005,21,48,Ready,Failed
7724,JOB012,DATABASE_BACKUP,Reporting,21,Wednesday,10,3,1,13,104253,45,80,Ready,Success
7725,JOB002,MONTHLY_PAYROLL,Data Transfer,23,Friday,8,22,3,118,328729,88,60,Ready,Success
7726,JOB019,SYSTEM_MONITORING,Reporting,2,Thursday,9,7,9,19,39419,65,39,Delayed,Failed
7727,JOB001,DAILY_SALES,Data Transfer,4,Monday,26,12,4,117,486992,82,65,Ready,Success
7728,JOB016,WAREHOUSE_UPDATE,Synchronization,1,Thursday,5,23,7,60,130213,89,49,Ready,Success
7729,JOB006,FINANCE_REPORT,Data Transfer,13,Friday,14,7,7,90,305878,42,58,Ready,Failed
7730,JOB011,EMPLOYEE_DATA_SYNC,Data Processing,1,Thursday,9,13,1,21,122898,36,59,Ready,Success
7731,JOB002,MONTHLY_PAYROLL,Synchronization,12,Monday,30,29,5,23,119276,83,70,Ready,Failed
7732,JOB009,STOCK_UPDATE,Backup,6,Friday,21,27,5,13,234422,48,21,Ready,Failed
7733,JOB019,SYSTEM_MONITORING,Backup,9,Friday,20,29,4,68,261855,71,84,Ready,Success
7734,JOB019,SYSTEM_MONITORING,Synchronization,12,Thursday,5,24,7,61,214057,43,47,Ready,Success
7735,JOB013,LOG_CLEANUP,Reporting,15,Friday,0,0,9,42,400755,54,70,Delayed,Failed
7736,JOB001,DAILY_SALES,Backup,13,Sunday,28,8,1,87,284898,66,27,Ready,Failed
7737,JOB010,ORDER_PROCESSING,Data Transfer,10,Thursday,20,25,1,12,267367,70,50,Ready,Failed
7738,JOB015,DAILY_ANALYTICS,Backup,9,Wednesday,27,23,6,10,159392,21,58,Ready,Success
7739,JOB007,CUSTOMER_REPORT,Backup,5,Friday,21,0,8,53,312483,40,79,Ready,Failed
7740,JOB001,DAILY_SALES,Data Transfer,3,Thursday,23,6,2,106,137374,59,35,Ready,Success
7741,JOB018,VENDOR_DATA_SYNC,Backup,20,Wednesday,19,24,6,49,457262,88,42,Ready,Success
7742,JOB003,INVENTORY_UPDATE,Data Transfer,0,Friday,29,19,2,25,374313,54,30,Ready,Success
7743,JOB015,DAILY_ANALYTICS,Backup,6,Wednesday,20,12,5,97,357295,63,73,Ready,Failed
7744,JOB015,DAILY_ANALYTICS,Data Processing,23,Saturday,3,14,2,38,216880,54,93,Delayed,Success
7745,JOB016,WAREHOUSE_UPDATE,Data Transfer,8,Friday,22,28,0,16,284385,44,88,Ready,Failed
7746,JOB010,ORDER_PROCESSING,Backup,7,Saturday,25,8,5,43,296578,50,31,Ready,Failed
7747,JOB001,DAILY_SALES,Reporting,4,Monday,21,15,2,100,188803,71,55,Ready,Success
7748,JOB017,INVOICE_PROCESSING,Data Processing,18,Monday,13,16,0,10,305036,54,76,Delayed,Failed
7749,JOB011,EMPLOYEE_DATA_SYNC,Data Processing,9,Thursday,19,8,4,85,293942,42,45,Ready,Success
7750,JOB002,MONTHLY_PAYROLL,Reporting,10,Tuesday,21,5,7,36,137210,68,85,Ready,Failed
7751,JOB006,FINANCE_REPORT,Data Processing,14,Saturday,28,19,7,64,377285,35,23,Ready,Success
7752,JOB012,DATABASE_BACKUP,Data Transfer,5,Saturday,19,11,7,12,256922,77,35,Delayed,Failed
7753,JOB018,VENDOR_DATA_SYNC,Data Processing,14,Monday,27,15,2,42,103156,69,41,Delayed,Failed
7754,JOB003,INVENTORY_UPDATE,Synchronization,4,Saturday,7,27,7,97,201748,83,83,Delayed,Failed
7755,JOB013,LOG_CLEANUP,Backup,18,Tuesday,10,20,3,99,180973,71,89,Ready,Failed
7756,JOB013,LOG_CLEANUP,Data Processing,21,Wednesday,14,14,7,23,276677,59,30,Ready,Success
7757,JOB002,MONTHLY_PAYROLL,Backup,18,Wednesday,30,6,2,59,109672,73,61,Ready,Failed
7758,JOB002,MONTHLY_PAYROLL,Backup,9,Tuesday,18,9,2,13,427601,36,58,Ready,Success
7759,JOB001,DAILY_SALES,Data Transfer,11,Saturday,7,28,0,56,374498,23,66,Ready,Success
7760,JOB013,LOG_CLEANUP,Data Transfer,21,Saturday,12,3,7,32,473696,75,41,Ready,Success
7761,JOB016,WAREHOUSE_UPDATE,Data Processing,3,Saturday,17,23,7,66,360653,49,49,Ready,Success
7762,JOB001,DAILY_SALES,Synchronization,17,Sunday,21,2,8,52,313088,53,49,Not Ready,Failed
7763,JOB012,DATABASE_BACKUP,Synchronization,15,Thursday,23,17,5,118,59594,63,52,Ready,Failed
7764,JOB018,VENDOR_DATA_SYNC,Data Transfer,7,Friday,16,0,1,119,209793,88,49,Delayed,Success
7765,JOB014,MASTER_DATA_SYNC,Data Transfer,3,Tuesday,5,29,0,43,462196,84,56,Ready,Failed
7766,JOB009,STOCK_UPDATE,Reporting,22,Tuesday,24,12,7,108,142586,72,72,Ready,Failed
7767,JOB016,WAREHOUSE_UPDATE,Backup,11,Sunday,14,21,9,57,414833,89,49,Delayed,Failed
7768,JOB008,SALES_REPORT,Backup,1,Tuesday,12,17,3,99,133422,52,45,Not Ready,Success
7769,JOB004,DATA_TRANSFER,Backup,3,Tuesday,25,7,6,67,356086,55,25,Ready,Failed
7770,JOB014,MASTER_DATA_SYNC,Reporting,4,Sunday,25,10,9,23,310462,37,73,Ready,Failed
7771,JOB014,MASTER_DATA_SYNC,Backup,2,Tuesday,17,9,3,37,85195,70,75,Delayed,Success
7772,JOB010,ORDER_PROCESSING,Synchronization,8,Saturday,10,28,0,68,351314,76,23,Ready,Failed
7773,JOB001,DAILY_SALES,Backup,20,Sunday,12,3,7,30,445574,63,55,Ready,Success
7774,JOB014,MASTER_DATA_SYNC,Data Transfer,17,Thursday,0,24,9,49,232293,29,82,Ready,Failed
7775,JOB019,SYSTEM_MONITORING,Reporting,10,Monday,17,3,8,5,260207,58,22,Ready,Success
7776,JOB003,INVENTORY_UPDATE,Data Processing,2,Saturday,4,3,9,79,455394,75,76,Ready,Failed
7777,JOB006,FINANCE_REPORT,Data Transfer,22,Saturday,5,28,8,70,76805,68,35,Ready,Success
7778,JOB007,CUSTOMER_REPORT,Reporting,1,Friday,0,11,8,39,321609,77,59,Delayed,Failed
7779,JOB015,DAILY_ANALYTICS,Backup,8,Sunday,6,7,3,81,263752,95,72,Ready,Failed
7780,JOB013,LOG_CLEANUP,Backup,13,Monday,26,27,8,107,485096,42,25,Ready,Failed
7781,JOB010,ORDER_PROCESSING,Synchronization,3,Tuesday,3,12,3,102,116471,26,40,Ready,Success
7782,JOB018,VENDOR_DATA_SYNC,Backup,8,Monday,8,7,1,102,470873,64,28,Delayed,Failed
7783,JOB005,BACKUP_JOB,Backup,12,Thursday,14,20,9,103,442866,74,82,Ready,Success
7784,JOB012,DATABASE_BACKUP,Backup,17,Wednesday,30,2,2,100,434050,74,62,Ready,Failed
7785,JOB013,LOG_CLEANUP,Backup,14,Saturday,30,11,1,49,232765,57,91,Delayed,Success
7786,JOB017,INVOICE_PROCESSING,Synchronization,9,Sunday,5,17,0,80,394383,38,47,Ready,Success
7787,JOB019,SYSTEM_MONITORING,Synchronization,15,Sunday,24,14,5,37,442554,41,64,Ready,Success
7788,JOB004,DATA_TRANSFER,Backup,11,Monday,16,24,3,86,120467,30,77,Ready,Failed
7789,JOB015,DAILY_ANALYTICS,Synchronization,19,Friday,19,13,6,73,131885,22,48,Ready,Success
7790,JOB020,ARCHIVE_JOB,Synchronization,4,Thursday,17,8,6,87,171615,38,73,Ready,Success
7791,JOB015,DAILY_ANALYTICS,Data Transfer,1,Wednesday,21,4,9,35,135328,26,76,Not Ready,Failed
7792,JOB008,SALES_REPORT,Data Processing,9,Thursday,30,29,0,95,396695,53,52,Not Ready,Success
7793,JOB009,STOCK_UPDATE,Data Processing,0,Sunday,3,28,8,68,352655,30,89,Delayed,Failed
7794,JOB014,MASTER_DATA_SYNC,Data Processing,6,Tuesday,8,14,7,110,193550,24,83,Ready,Success
7795,JOB009,STOCK_UPDATE,Synchronization,16,Wednesday,13,7,9,106,305083,90,23,Ready,Failed
7796,JOB011,EMPLOYEE_DATA_SYNC,Data Processing,15,Sunday,2,22,0,118,421226,55,35,Delayed,Success
7797,JOB007,CUSTOMER_REPORT,Data Transfer,23,Friday,0,2,7,19,258974,24,22,Ready,Failed
7798,JOB011,EMPLOYEE_DATA_SYNC,Data Processing,2,Wednesday,26,11,4,50,102120,75,82,Delayed,Failed
7799,JOB003,INVENTORY_UPDATE,Backup,13,Sunday,28,4,0,52,272126,24,41,Ready,Failed
7800,JOB017,INVOICE_PROCESSING,Synchronization,9,Friday,10,28,3,72,374477,46,37,Ready,Success
7801,JOB018,VENDOR_DATA_SYNC,Backup,21,Tuesday,0,8,6,87,313770,46,76,Ready,Success
7802,JOB011,EMPLOYEE_DATA_SYNC,Reporting,6,Friday,11,19,4,89,320421,51,44,Not Ready,Failed
7803,JOB014,MASTER_DATA_SYNC,Synchronization,16,Thursday,24,2,2,44,241754,34,47,Delayed,Failed
7804,JOB013,LOG_CLEANUP,Backup,5,Monday,8,22,3,5,103305,73,59,Ready,Success
7805,JOB014,MASTER_DATA_SYNC,Reporting,22,Thursday,4,7,1,24,77176,39,42,Ready,Success
7806,JOB010,ORDER_PROCESSING,Data Transfer,21,Sunday,14,20,7,26,237847,53,27,Ready,Success
7807,JOB012,DATABASE_BACKUP,Backup,3,Sunday,17,12,1,58,373314,53,32,Ready,Success
7808,JOB011,EMPLOYEE_DATA_SYNC,Data Processing,16,Saturday,8,7,5,81,389404,65,63,Delayed,Failed
7809,JOB006,FINANCE_REPORT,Data Transfer,8,Thursday,12,4,6,109,467492,40,66,Ready,Success
7810,JOB005,BACKUP_JOB,Data Transfer,3,Wednesday,27,24,6,69,26702,58,29,Not Ready,Failed
7811,JOB017,INVOICE_PROCESSING,Reporting,6,Tuesday,12,6,0,19,453310,59,60,Ready,Success
7812,JOB013,LOG_CLEANUP,Backup,22,Saturday,23,4,7,65,62541,63,86,Delayed,Failed
7813,JOB017,INVOICE_PROCESSING,Data Processing,1,Saturday,12,28,8,83,105330,55,93,Delayed,Success
7814,JOB002,MONTHLY_PAYROLL,Synchronization,16,Saturday,26,8,6,18,153206,74,68,Not Ready,Failed
7815,JOB010,ORDER_PROCESSING,Synchronization,23,Sunday,9,4,7,73,274497,90,83,Ready,Success
7816,JOB005,BACKUP_JOB,Backup,7,Monday,9,7,3,53,471133,69,34,Delayed,Success
7817,JOB004,DATA_TRANSFER,Backup,22,Friday,21,11,7,10,368754,77,80,Delayed,Failed
7818,JOB013,LOG_CLEANUP,Reporting,14,Wednesday,6,3,2,45,409454,93,93,Ready,Failed
7819,JOB020,ARCHIVE_JOB,Synchronization,14,Sunday,27,8,0,35,325910,93,71,Ready,Success
7820,JOB008,SALES_REPORT,Data Processing,7,Tuesday,21,27,7,120,108247,57,65,Not Ready,Failed
7821,JOB006,FINANCE_REPORT,Data Processing,15,Sunday,30,21,5,94,309740,43,78,Ready,Success
7822,JOB017,INVOICE_PROCESSING,Data Processing,18,Monday,30,21,8,68,215224,93,67,Not Ready,Failed
7823,JOB011,EMPLOYEE_DATA_SYNC,Reporting,10,Sunday,4,13,2,93,408638,78,58,Ready,Success
7824,JOB004,DATA_TRANSFER,Data Processing,1,Sunday,19,18,7,55,370498,64,61,Ready,Success
7825,JOB014,MASTER_DATA_SYNC,Data Processing,22,Thursday,6,12,8,63,251174,45,70,Ready,Success
7826,JOB007,CUSTOMER_REPORT,Synchronization,23,Tuesday,19,2,8,59,381692,84,69,Ready,Success
7827,JOB017,INVOICE_PROCESSING,Data Processing,16,Saturday,9,3,6,53,423854,30,85,Ready,Failed
7828,JOB015,DAILY_ANALYTICS,Backup,15,Tuesday,9,0,9,107,180062,69,60,Ready,Success
7829,JOB019,SYSTEM_MONITORING,Backup,14,Tuesday,25,21,2,44,71264,77,77,Not Ready,Failed
7830,JOB013,LOG_CLEANUP,Data Transfer,12,Thursday,24,0,2,19,327900,53,23,Not Ready,Success
7831,JOB003,INVENTORY_UPDATE,Reporting,14,Friday,20,10,1,74,193357,35,68,Ready,Failed
7832,JOB010,ORDER_PROCESSING,Synchronization,3,Sunday,23,15,0,69,325697,78,22,Ready,Success
7833,JOB008,SALES_REPORT,Data Transfer,15,Wednesday,27,3,1,109,287173,20,51,Ready,Success
7834,JOB018,VENDOR_DATA_SYNC,Data Transfer,11,Saturday,12,28,4,11,183923,60,66,Ready,Success
7835,JOB003,INVENTORY_UPDATE,Reporting,3,Friday,14,6,0,66,237655,47,81,Not Ready,Success
7836,JOB018,VENDOR_DATA_SYNC,Reporting,2,Monday,27,11,9,58,451442,34,35,Delayed,Failed
7837,JOB012,DATABASE_BACKUP,Data Transfer,21,Sunday,27,5,3,56,251805,65,87,Ready,Failed
7838,JOB008,SALES_REPORT,Data Processing,16,Saturday,5,23,9,55,19384,51,37,Ready,Success
7839,JOB015,DAILY_ANALYTICS,Backup,21,Wednesday,19,19,9,8,424305,58,25,Ready,Failed
7840,JOB007,CUSTOMER_REPORT,Data Transfer,17,Sunday,11,8,0,5,88926,84,84,Ready,Success
7841,JOB019,SYSTEM_MONITORING,Reporting,17,Monday,18,25,9,109,165079,92,56,Ready,Failed
7842,JOB003,INVENTORY_UPDATE,Data Transfer,22,Thursday,10,7,7,70,221431,94,92,Ready,Failed
7843,JOB005,BACKUP_JOB,Backup,16,Friday,5,13,4,116,461942,30,82,Ready,Failed
7844,JOB009,STOCK_UPDATE,Synchronization,11,Sunday,0,14,9,102,245665,89,78,Not Ready,Failed
7845,JOB001,DAILY_SALES,Backup,22,Saturday,1,20,3,39,64182,53,53,Ready,Success
7846,JOB019,SYSTEM_MONITORING,Synchronization,20,Tuesday,22,29,2,114,169531,69,56,Delayed,Failed
7847,JOB009,STOCK_UPDATE,Reporting,23,Wednesday,14,21,8,81,197483,63,53,Ready,Failed
7848,JOB002,MONTHLY_PAYROLL,Synchronization,3,Sunday,3,4,5,85,3015,33,64,Ready,Failed
7849,JOB018,VENDOR_DATA_SYNC,Data Processing,11,Saturday,4,14,0,14,219362,91,20,Ready,Success
7850,JOB017,INVOICE_PROCESSING,Data Transfer,22,Tuesday,14,5,7,71,345226,44,72,Ready,Success
7851,JOB003,INVENTORY_UPDATE,Data Transfer,21,Saturday,10,0,9,72,54901,87,81,Ready,Failed
7852,JOB004,DATA_TRANSFER,Data Processing,20,Sunday,9,19,1,93,238917,69,34,Ready,Success
7853,JOB015,DAILY_ANALYTICS,Backup,19,Monday,16,8,8,105,132102,51,70,Delayed,Failed
7854,JOB001,DAILY_SALES,Reporting,14,Tuesday,1,3,6,111,138673,74,33,Delayed,Failed
7855,JOB014,MASTER_DATA_SYNC,Data Processing,22,Tuesday,19,1,2,106,418605,44,78,Ready,Success
7856,JOB013,LOG_CLEANUP,Data Transfer,15,Saturday,23,5,3,97,437314,71,71,Ready,Success
7857,JOB016,WAREHOUSE_UPDATE,Synchronization,4,Thursday,9,1,2,69,478311,75,20,Ready,Success
7858,JOB016,WAREHOUSE_UPDATE,Backup,20,Sunday,19,2,5,55,184050,41,94,Ready,Failed
7859,JOB001,DAILY_SALES,Backup,14,Thursday,29,6,8,34,119307,66,36,Delayed,Failed
7860,JOB003,INVENTORY_UPDATE,Data Processing,16,Friday,2,19,9,43,87985,89,75,Ready,Failed
7861,JOB005,BACKUP_JOB,Data Transfer,17,Monday,18,16,8,14,18231,70,24,Delayed,Failed
7862,JOB005,BACKUP_JOB,Data Transfer,4,Thursday,27,8,0,97,313087,85,36,Not Ready,Failed
7863,JOB012,DATABASE_BACKUP,Reporting,12,Saturday,4,21,9,48,418492,89,37,Delayed,Failed
7864,JOB015,DAILY_ANALYTICS,Reporting,18,Sunday,2,8,5,36,116196,94,74,Ready,Success
7865,JOB007,CUSTOMER_REPORT,Data Processing,12,Thursday,7,18,0,48,384911,84,66,Delayed,Failed
7866,JOB009,STOCK_UPDATE,Data Processing,17,Friday,4,4,3,67,358096,41,68,Not Ready,Success
7867,JOB001,DAILY_SALES,Data Transfer,13,Wednesday,27,24,6,65,177867,60,42,Delayed,Failed
7868,JOB005,BACKUP_JOB,Data Processing,3,Friday,29,5,3,69,457560,66,40,Ready,Success
7869,JOB018,VENDOR_DATA_SYNC,Backup,3,Tuesday,11,17,8,45,467729,79,48,Ready,Success
7870,JOB001,DAILY_SALES,Synchronization,19,Sunday,13,0,9,85,261086,41,79,Delayed,Failed
7871,JOB015,DAILY_ANALYTICS,Data Transfer,19,Tuesday,6,24,4,16,234708,23,65,Ready,Failed
7872,JOB007,CUSTOMER_REPORT,Backup,18,Thursday,10,16,8,6,15294,63,29,Ready,Success
7873,JOB017,INVOICE_PROCESSING,Synchronization,12,Thursday,7,13,0,77,63996,60,72,Not Ready,Success
7874,JOB010,ORDER_PROCESSING,Data Transfer,11,Friday,4,14,3,80,385607,57,26,Ready,Success
7875,JOB007,CUSTOMER_REPORT,Data Transfer,6,Friday,7,4,6,64,141276,36,49,Ready,Failed
7876,JOB016,WAREHOUSE_UPDATE,Data Transfer,11,Saturday,11,16,1,29,479160,36,74,Ready,Success
7877,JOB006,FINANCE_REPORT,Backup,20,Monday,14,20,8,104,102374,64,84,Ready,Failed
7878,JOB012,DATABASE_BACKUP,Data Transfer,3,Saturday,18,20,2,65,346138,65,40,Ready,Success
7879,JOB017,INVOICE_PROCESSING,Data Processing,1,Tuesday,15,22,3,112,154424,27,26,Ready,Success
7880,JOB011,EMPLOYEE_DATA_SYNC,Data Processing,1,Saturday,30,22,3,118,260894,34,63,Ready,Success
7881,JOB010,ORDER_PROCESSING,Backup,4,Friday,13,10,7,103,116156,52,87,Ready,Failed
7882,JOB007,CUSTOMER_REPORT,Backup,22,Sunday,27,9,1,26,183139,68,34,Not Ready,Failed
7883,JOB017,INVOICE_PROCESSING,Data Transfer,9,Saturday,6,16,4,101,218475,29,21,Ready,Success
7884,JOB012,DATABASE_BACKUP,Data Processing,9,Wednesday,7,24,1,118,417829,81,22,Ready,Success
7885,JOB005,BACKUP_JOB,Data Transfer,8,Monday,6,0,5,60,473406,74,67,Ready,Failed
7886,JOB001,DAILY_SALES,Synchronization,12,Friday,29,4,8,25,417920,77,87,Ready,Failed
7887,JOB012,DATABASE_BACKUP,Data Transfer,6,Sunday,17,15,8,59,345799,82,66,Ready,Success
7888,JOB001,DAILY_SALES,Data Processing,4,Thursday,23,6,0,44,9133,30,62,Delayed,Success
7889,JOB013,LOG_CLEANUP,Backup,9,Saturday,5,11,3,55,228368,54,46,Delayed,Success
7890,JOB012,DATABASE_BACKUP,Synchronization,9,Friday,25,7,3,26,195021,23,23,Ready,Failed
7891,JOB015,DAILY_ANALYTICS,Data Processing,5,Thursday,18,17,0,32,189393,85,55,Ready,Success
7892,JOB008,SALES_REPORT,Backup,18,Thursday,3,29,9,8,448416,52,71,Ready,Success
7893,JOB012,DATABASE_BACKUP,Reporting,20,Tuesday,22,0,1,30,344717,92,64,Ready,Failed
7894,JOB011,EMPLOYEE_DATA_SYNC,Synchronization,7,Tuesday,2,19,5,91,219813,54,70,Delayed,Failed
7895,JOB005,BACKUP_JOB,Data Transfer,0,Sunday,16,11,9,116,306960,57,51,Delayed,Failed
7896,JOB003,INVENTORY_UPDATE,Backup,16,Friday,21,3,2,117,481812,76,21,Ready,Success
7897,JOB011,EMPLOYEE_DATA_SYNC,Data Transfer,6,Sunday,18,25,8,64,213687,52,36,Ready,Success
7898,JOB018,VENDOR_DATA_SYNC,Data Transfer,13,Friday,26,11,2,27,284005,63,42,Delayed,Success
7899,JOB010,ORDER_PROCESSING,Backup,20,Wednesday,14,21,2,45,148551,72,63,Ready,Failed
7900,JOB020,ARCHIVE_JOB,Reporting,20,Monday,25,0,8,62,337783,39,65,Ready,Failed
7901,JOB001,DAILY_SALES,Synchronization,16,Monday,5,29,2,12,161530,82,31,Ready,Success
7902,JOB018,VENDOR_DATA_SYNC,Reporting,8,Friday,25,0,5,120,234764,70,73,Ready,Success
7903,JOB016,WAREHOUSE_UPDATE,Data Processing,16,Tuesday,11,2,5,100,340178,33,32,Ready,Success
7904,JOB001,DAILY_SALES,Reporting,4,Saturday,18,20,0,55,415036,54,93,Ready,Failed
7905,JOB007,CUSTOMER_REPORT,Reporting,19,Sunday,5,11,6,107,206518,64,87,Ready,Success
7906,JOB015,DAILY_ANALYTICS,Reporting,7,Wednesday,10,21,8,65,176036,52,90,Ready,Success
7907,JOB005,BACKUP_JOB,Data Transfer,5,Monday,19,20,8,112,187905,80,85,Ready,Failed
7908,JOB015,DAILY_ANALYTICS,Data Transfer,10,Friday,28,12,8,5,452933,91,34,Not Ready,Failed
7909,JOB013,LOG_CLEANUP,Backup,18,Tuesday,19,28,1,34,155471,72,81,Not Ready,Failed
7910,JOB006,FINANCE_REPORT,Data Transfer,3,Tuesday,9,12,0,96,417974,69,92,Ready,Success
7911,JOB013,LOG_CLEANUP,Backup,17,Tuesday,25,20,5,21,382887,34,43,Ready,Success
7912,JOB020,ARCHIVE_JOB,Reporting,0,Sunday,15,8,5,27,270802,61,89,Delayed,Failed
7913,JOB001,DAILY_SALES,Data Transfer,12,Saturday,26,17,3,106,229492,39,80,Delayed,Failed
7914,JOB004,DATA_TRANSFER,Data Transfer,13,Thursday,17,27,7,28,253762,87,90,Ready,Success
7915,JOB010,ORDER_PROCESSING,Data Processing,23,Sunday,13,27,4,90,130622,26,91,Not Ready,Success
7916,JOB014,MASTER_DATA_SYNC,Synchronization,0,Saturday,3,0,6,73,81801,85,22,Ready,Failed
7917,JOB004,DATA_TRANSFER,Synchronization,10,Tuesday,26,5,8,93,449378,92,48,Ready,Failed
7918,JOB019,SYSTEM_MONITORING,Reporting,16,Friday,11,24,0,56,414281,42,40,Not Ready,Failed
7919,JOB006,FINANCE_REPORT,Reporting,3,Wednesday,19,22,8,75,499710,55,73,Delayed,Failed
7920,JOB009,STOCK_UPDATE,Synchronization,11,Saturday,26,23,3,62,446177,31,25,Not Ready,Failed
7921,JOB012,DATABASE_BACKUP,Backup,9,Friday,22,4,6,26,48467,42,30,Not Ready,Success
7922,JOB014,MASTER_DATA_SYNC,Backup,5,Sunday,20,25,3,63,99041,30,89,Ready,Success
7923,JOB018,VENDOR_DATA_SYNC,Synchronization,0,Sunday,7,3,3,48,405627,20,46,Delayed,Failed
7924,JOB003,INVENTORY_UPDATE,Data Processing,6,Tuesday,6,5,3,41,110109,58,79,Delayed,Failed
7925,JOB003,INVENTORY_UPDATE,Data Transfer,20,Wednesday,25,2,5,38,194480,89,92,Ready,Failed
7926,JOB004,DATA_TRANSFER,Data Processing,15,Monday,8,16,4,104,164769,50,91,Ready,Success
7927,JOB019,SYSTEM_MONITORING,Data Processing,23,Monday,23,10,1,117,409378,28,46,Ready,Failed
7928,JOB001,DAILY_SALES,Data Processing,13,Sunday,30,3,8,61,203643,75,51,Ready,Failed
7929,JOB015,DAILY_ANALYTICS,Data Transfer,22,Friday,24,24,5,61,154582,37,52,Ready,Success
7930,JOB015,DAILY_ANALYTICS,Backup,19,Wednesday,16,19,9,44,320992,78,24,Ready,Failed
7931,JOB014,MASTER_DATA_SYNC,Backup,19,Friday,9,0,5,24,178997,86,28,Ready,Failed
7932,JOB007,CUSTOMER_REPORT,Backup,5,Wednesday,28,29,8,105,72664,22,32,Ready,Failed
7933,JOB004,DATA_TRANSFER,Data Processing,21,Wednesday,27,3,0,21,27841,49,25,Ready,Failed
7934,JOB011,EMPLOYEE_DATA_SYNC,Reporting,4,Sunday,2,22,6,56,39746,83,93,Ready,Failed
7935,JOB002,MONTHLY_PAYROLL,Data Processing,23,Friday,20,2,2,8,474569,89,55,Delayed,Success
7936,JOB002,MONTHLY_PAYROLL,Reporting,20,Sunday,24,9,3,67,349124,21,69,Ready,Failed
7937,JOB007,CUSTOMER_REPORT,Data Transfer,17,Wednesday,7,21,0,54,462736,39,80,Ready,Failed
7938,JOB020,ARCHIVE_JOB,Synchronization,14,Saturday,13,29,2,86,20180,48,67,Not Ready,Success
7939,JOB015,DAILY_ANALYTICS,Data Processing,5,Tuesday,25,0,6,96,6444,28,30,Ready,Success
7940,JOB005,BACKUP_JOB,Backup,18,Wednesday,6,26,5,54,366379,23,36,Ready,Success
7941,JOB017,INVOICE_PROCESSING,Reporting,0,Saturday,15,3,0,20,217918,59,21,Ready,Success
7942,JOB005,BACKUP_JOB,Backup,0,Wednesday,17,18,8,111,70344,74,26,Ready,Failed
7943,JOB001,DAILY_SALES,Data Processing,12,Saturday,30,29,3,76,75216,32,76,Ready,Success
7944,JOB016,WAREHOUSE_UPDATE,Data Transfer,2,Friday,10,0,6,65,47487,25,50,Delayed,Success
7945,JOB015,DAILY_ANALYTICS,Data Transfer,9,Monday,5,15,3,48,499831,92,78,Delayed,Failed
7946,JOB016,WAREHOUSE_UPDATE,Reporting,20,Thursday,19,18,6,22,417543,45,65,Ready,Success
7947,JOB014,MASTER_DATA_SYNC,Backup,2,Wednesday,20,19,4,54,421050,60,26,Ready,Failed
7948,JOB007,CUSTOMER_REPORT,Synchronization,8,Thursday,13,20,0,97,478849,61,33,Ready,Success
7949,JOB003,INVENTORY_UPDATE,Reporting,7,Wednesday,20,21,3,108,455914,80,28,Ready,Failed
7950,JOB002,MONTHLY_PAYROLL,Data Transfer,2,Friday,12,17,2,84,26826,81,28,Ready,Success
7951,JOB004,DATA_TRANSFER,Reporting,12,Friday,3,1,5,34,72654,87,21,Not Ready,Failed
7952,JOB010,ORDER_PROCESSING,Data Transfer,5,Saturday,19,5,5,53,367161,40,35,Ready,Success
7953,JOB013,LOG_CLEANUP,Data Processing,12,Wednesday,30,20,0,102,357216,50,21,Delayed,Failed
7954,JOB007,CUSTOMER_REPORT,Data Processing,22,Friday,19,0,1,98,277851,62,89,Ready,Failed
7955,JOB020,ARCHIVE_JOB,Data Processing,19,Friday,10,18,1,25,223175,40,42,Ready,Success
7956,JOB006,FINANCE_REPORT,Data Transfer,19,Wednesday,17,26,9,26,121919,48,47,Delayed,Success
7957,JOB019,SYSTEM_MONITORING,Data Processing,11,Saturday,0,4,3,51,157047,74,62,Ready,Failed
7958,JOB012,DATABASE_BACKUP,Data Processing,12,Saturday,11,28,8,29,275740,77,82,Ready,Success
7959,JOB018,VENDOR_DATA_SYNC,Synchronization,1,Saturday,17,27,1,90,447423,43,36,Ready,Failed
7960,JOB004,DATA_TRANSFER,Synchronization,20,Saturday,6,27,7,60,431083,64,55,Ready,Success
7961,JOB015,DAILY_ANALYTICS,Backup,23,Monday,11,1,0,68,383124,28,38,Not Ready,Success
7962,JOB009,STOCK_UPDATE,Reporting,22,Wednesday,0,0,7,32,92679,85,24,Delayed,Failed
7963,JOB018,VENDOR_DATA_SYNC,Synchronization,15,Sunday,21,15,2,107,266961,21,42,Delayed,Success
7964,JOB003,INVENTORY_UPDATE,Reporting,22,Monday,3,24,4,37,289993,56,38,Ready,Failed
7965,JOB019,SYSTEM_MONITORING,Reporting,5,Friday,17,20,0,70,73018,56,20,Ready,Success
7966,JOB005,BACKUP_JOB,Reporting,18,Monday,14,1,0,8,206925,88,46,Ready,Success
7967,JOB010,ORDER_PROCESSING,Backup,20,Sunday,30,25,5,84,318497,65,62,Ready,Success
7968,JOB011,EMPLOYEE_DATA_SYNC,Reporting,12,Sunday,2,3,2,16,416500,25,44,Ready,Failed
7969,JOB007,CUSTOMER_REPORT,Data Transfer,16,Sunday,6,2,7,21,260221,67,73,Delayed,Failed
7970,JOB001,DAILY_SALES,Synchronization,22,Saturday,5,22,3,40,102627,27,25,Ready,Success
7971,JOB002,MONTHLY_PAYROLL,Data Transfer,8,Friday,14,16,5,20,314899,51,95,Ready,Success
7972,JOB005,BACKUP_JOB,Data Transfer,16,Monday,14,14,9,107,274835,86,44,Not Ready,Failed
7973,JOB005,BACKUP_JOB,Data Transfer,1,Monday,5,9,8,27,264709,92,93,Ready,Failed
7974,JOB013,LOG_CLEANUP,Reporting,18,Wednesday,7,11,7,76,42878,87,65,Ready,Failed
7975,JOB007,CUSTOMER_REPORT,Reporting,18,Monday,7,11,3,13,480755,47,78,Ready,Success
7976,JOB007,CUSTOMER_REPORT,Reporting,23,Friday,21,19,9,82,82386,59,74,Ready,Failed
7977,JOB019,SYSTEM_MONITORING,Data Processing,6,Saturday,0,6,7,59,456181,35,43,Delayed,Failed
7978,JOB020,ARCHIVE_JOB,Reporting,21,Wednesday,25,26,6,77,182539,76,94,Ready,Success
7979,JOB002,MONTHLY_PAYROLL,Synchronization,9,Monday,12,9,4,68,327700,94,43,Ready,Success
7980,JOB012,DATABASE_BACKUP,Reporting,9,Wednesday,22,28,6,51,499887,74,22,Ready,Success
7981,JOB011,EMPLOYEE_DATA_SYNC,Synchronization,19,Thursday,23,4,6,94,136191,58,59,Delayed,Failed
7982,JOB016,WAREHOUSE_UPDATE,Synchronization,8,Wednesday,20,19,9,104,442082,95,39,Ready,Failed
7983,JOB018,VENDOR_DATA_SYNC,Backup,16,Sunday,12,19,1,71,346718,74,88,Ready,Failed
7984,JOB019,SYSTEM_MONITORING,Data Processing,14,Saturday,10,10,6,14,119146,49,89,Delayed,Failed
7985,JOB016,WAREHOUSE_UPDATE,Reporting,1,Sunday,3,27,2,93,246170,61,85,Ready,Success
7986,JOB006,FINANCE_REPORT,Data Transfer,3,Thursday,6,29,7,8,66777,24,88,Ready,Failed
7987,JOB017,INVOICE_PROCESSING,Reporting,18,Sunday,27,1,7,34,251058,64,27,Ready,Failed
7988,JOB009,STOCK_UPDATE,Reporting,16,Thursday,11,23,8,118,136404,83,74,Delayed,Failed
7989,JOB001,DAILY_SALES,Synchronization,4,Wednesday,26,15,3,15,255902,51,56,Ready,Failed
7990,JOB008,SALES_REPORT,Backup,6,Friday,12,11,9,55,167909,31,92,Delayed,Failed
7991,JOB006,FINANCE_REPORT,Data Transfer,17,Saturday,21,15,2,23,435469,85,91,Ready,Failed
7992,JOB017,INVOICE_PROCESSING,Reporting,20,Friday,11,3,8,118,49475,71,33,Ready,Failed
7993,JOB002,MONTHLY_PAYROLL,Data Transfer,21,Saturday,15,1,8,17,145470,90,67,Ready,Failed
7994,JOB007,CUSTOMER_REPORT,Data Transfer,6,Saturday,5,24,1,61,431289,51,86,Ready,Success
7995,JOB014,MASTER_DATA_SYNC,Synchronization,16,Sunday,13,29,5,104,26363,54,51,Ready,Failed
7996,JOB016,WAREHOUSE_UPDATE,Synchronization,6,Sunday,18,29,2,7,379464,25,55,Delayed,Failed
7997,JOB005,BACKUP_JOB,Backup,3,Friday,15,28,4,116,53225,41,24,Ready,Success
7998,JOB009,STOCK_UPDATE,Synchronization,7,Tuesday,26,27,1,82,185294,66,37,Ready,Success
7999,JOB004,DATA_TRANSFER,Backup,12,Thursday,25,9,3,78,150732,32,30,Ready,Success
8000,JOB014,MASTER_DATA_SYNC,Backup,3,Sunday,30,12,2,42,112001,42,93,Delayed,Failed
8001,JOB019,SYSTEM_MONITORING,Backup,5,Sunday,3,22,1,108,241882,63,23,Ready,Success
8002,JOB018,VENDOR_DATA_SYNC,Backup,4,Sunday,4,18,5,31,376553,28,39,Ready,Success
8003,JOB012,DATABASE_BACKUP,Backup,11,Wednesday,8,14,2,92,63402,78,24,Ready,Success
8004,JOB004,DATA_TRANSFER,Synchronization,3,Friday,23,22,3,84,256443,49,82,Delayed,Failed
8005,JOB013,LOG_CLEANUP,Data Processing,23,Friday,2,0,5,14,144817,63,73,Ready,Failed
8006,JOB017,INVOICE_PROCESSING,Data Transfer,8,Sunday,21,27,4,57,364049,68,84,Not Ready,Failed
8007,JOB009,STOCK_UPDATE,Synchronization,3,Wednesday,9,16,3,31,60604,35,32,Not Ready,Failed
8008,JOB006,FINANCE_REPORT,Reporting,18,Sunday,16,19,3,11,142095,93,92,Not Ready,Success
8009,JOB009,STOCK_UPDATE,Data Processing,23,Thursday,18,3,1,119,473968,72,22,Ready,Failed
8010,JOB002,MONTHLY_PAYROLL,Synchronization,13,Wednesday,9,19,9,96,157033,21,21,Delayed,Failed
8011,JOB008,SALES_REPORT,Synchronization,4,Sunday,29,8,3,94,358787,86,31,Ready,Failed
8012,JOB016,WAREHOUSE_UPDATE,Reporting,17,Saturday,11,5,7,86,319978,61,75,Ready,Failed
8013,JOB010,ORDER_PROCESSING,Data Processing,9,Tuesday,22,2,4,17,50679,83,77,Ready,Success
8014,JOB009,STOCK_UPDATE,Synchronization,18,Saturday,6,21,9,76,35179,27,71,Ready,Failed
8015,JOB003,INVENTORY_UPDATE,Data Processing,11,Tuesday,17,1,9,95,192766,92,34,Ready,Success
8016,JOB006,FINANCE_REPORT,Data Transfer,17,Wednesday,18,17,7,64,448453,40,20,Ready,Failed
8017,JOB006,FINANCE_REPORT,Reporting,16,Saturday,14,22,5,18,21581,79,91,Ready,Failed
8018,JOB012,DATABASE_BACKUP,Synchronization,23,Thursday,6,29,9,109,195124,53,90,Ready,Success
8019,JOB011,EMPLOYEE_DATA_SYNC,Reporting,10,Saturday,11,18,4,48,345453,23,64,Ready,Success
8020,JOB014,MASTER_DATA_SYNC,Data Transfer,2,Friday,21,6,3,74,75953,81,35,Ready,Success
8021,JOB009,STOCK_UPDATE,Synchronization,22,Tuesday,28,2,9,88,152094,95,36,Ready,Failed
8022,JOB014,MASTER_DATA_SYNC,Reporting,16,Tuesday,6,27,8,32,332472,21,49,Ready,Success
8023,JOB003,INVENTORY_UPDATE,Backup,0,Sunday,9,27,9,27,457071,69,56,Not Ready,Failed
8024,JOB016,WAREHOUSE_UPDATE,Data Transfer,14,Thursday,24,17,4,16,411440,95,37,Ready,Failed
8025,JOB010,ORDER_PROCESSING,Data Processing,8,Tuesday,23,19,9,28,371017,45,95,Ready,Failed
8026,JOB011,EMPLOYEE_DATA_SYNC,Data Processing,14,Tuesday,21,19,5,55,121400,56,30,Ready,Success
8027,JOB009,STOCK_UPDATE,Reporting,23,Sunday,27,18,6,112,96987,74,79,Ready,Success
8028,JOB004,DATA_TRANSFER,Reporting,2,Thursday,29,8,0,26,1234,37,78,Ready,Success
8029,JOB003,INVENTORY_UPDATE,Data Transfer,21,Saturday,19,15,8,66,443481,43,89,Ready,Success
8030,JOB011,EMPLOYEE_DATA_SYNC,Data Processing,18,Wednesday,29,5,7,30,81853,49,45,Delayed,Failed
8031,JOB009,STOCK_UPDATE,Reporting,12,Saturday,28,20,4,90,482215,36,57,Ready,Failed
8032,JOB019,SYSTEM_MONITORING,Backup,11,Friday,9,28,2,62,4138,61,28,Ready,Success
8033,JOB015,DAILY_ANALYTICS,Backup,19,Friday,24,11,4,75,83728,31,92,Ready,Success
8034,JOB003,INVENTORY_UPDATE,Synchronization,0,Tuesday,22,27,4,19,268303,46,65,Not Ready,Failed
8035,JOB001,DAILY_SALES,Synchronization,20,Friday,4,5,8,116,189124,74,63,Ready,Failed
8036,JOB015,DAILY_ANALYTICS,Data Transfer,16,Wednesday,17,12,6,98,257102,23,61,Ready,Failed
8037,JOB011,EMPLOYEE_DATA_SYNC,Reporting,12,Tuesday,8,26,1,72,181634,54,92,Not Ready,Failed
8038,JOB020,ARCHIVE_JOB,Data Transfer,0,Sunday,29,23,4,10,117006,84,88,Ready,Failed
8039,JOB007,CUSTOMER_REPORT,Data Transfer,9,Friday,15,4,8,116,226270,95,42,Ready,Success
8040,JOB002,MONTHLY_PAYROLL,Backup,14,Sunday,6,28,1,115,104988,48,53,Ready,Success
8041,JOB007,CUSTOMER_REPORT,Reporting,6,Monday,24,12,7,6,382735,91,41,Ready,Failed
8042,JOB004,DATA_TRANSFER,Data Processing,21,Monday,26,19,2,35,125467,91,88,Delayed,Failed
8043,JOB009,STOCK_UPDATE,Backup,17,Monday,24,6,3,28,239628,95,84,Delayed,Failed
8044,JOB020,ARCHIVE_JOB,Reporting,15,Sunday,9,11,1,39,263210,55,45,Ready,Success
8045,JOB010,ORDER_PROCESSING,Data Processing,13,Monday,4,29,8,51,204154,53,74,Ready,Failed
8046,JOB010,ORDER_PROCESSING,Data Processing,17,Saturday,6,20,5,35,211593,55,34,Ready,Success
8047,JOB015,DAILY_ANALYTICS,Synchronization,6,Monday,4,3,8,93,445621,74,85,Delayed,Failed
8048,JOB017,INVOICE_PROCESSING,Data Processing,16,Tuesday,14,29,7,76,58684,23,72,Ready,Success
8049,JOB004,DATA_TRANSFER,Backup,17,Thursday,18,4,8,80,271331,30,30,Delayed,Failed
8050,JOB014,MASTER_DATA_SYNC,Synchronization,11,Saturday,9,15,4,6,416553,78,77,Ready,Failed
8051,JOB008,SALES_REPORT,Data Transfer,7,Thursday,7,26,5,83,144241,22,61,Ready,Success
8052,JOB018,VENDOR_DATA_SYNC,Data Transfer,21,Tuesday,23,3,6,108,47131,93,88,Not Ready,Failed
8053,JOB012,DATABASE_BACKUP,Data Processing,1,Tuesday,8,7,4,63,470417,31,52,Ready,Failed
8054,JOB009,STOCK_UPDATE,Data Processing,6,Wednesday,10,15,0,100,378787,92,63,Ready,Success
8055,JOB012,DATABASE_BACKUP,Backup,3,Saturday,29,7,8,67,201912,40,26,Delayed,Success
8056,JOB003,INVENTORY_UPDATE,Data Processing,17,Thursday,27,16,1,79,55785,41,71,Ready,Failed
8057,JOB019,SYSTEM_MONITORING,Reporting,5,Monday,21,13,6,21,166850,37,32,Ready,Success
8058,JOB014,MASTER_DATA_SYNC,Backup,8,Tuesday,1,11,7,58,475752,25,51,Delayed,Failed
8059,JOB005,BACKUP_JOB,Data Transfer,8,Monday,2,2,7,25,376985,84,58,Delayed,Success
8060,JOB012,DATABASE_BACKUP,Synchronization,13,Thursday,12,26,0,26,253579,74,82,Ready,Success
8061,JOB006,FINANCE_REPORT,Data Processing,7,Sunday,10,19,9,101,166728,59,39,Ready,Success
8062,JOB005,BACKUP_JOB,Data Processing,18,Saturday,27,1,6,120,229373,71,35,Ready,Success
8063,JOB009,STOCK_UPDATE,Synchronization,2,Friday,9,29,8,59,214360,63,49,Ready,Success
8064,JOB018,VENDOR_DATA_SYNC,Synchronization,17,Sunday,26,12,2,33,461514,81,38,Delayed,Success
8065,JOB017,INVOICE_PROCESSING,Backup,4,Sunday,14,20,7,83,477129,93,93,Ready,Success
8066,JOB001,DAILY_SALES,Backup,13,Friday,5,10,7,25,386105,48,91,Ready,Success
8067,JOB014,MASTER_DATA_SYNC,Synchronization,3,Tuesday,0,23,8,6,84107,38,94,Not Ready,Failed
8068,JOB019,SYSTEM_MONITORING,Synchronization,6,Wednesday,13,11,7,46,247136,47,49,Ready,Success
8069,JOB006,FINANCE_REPORT,Data Processing,19,Monday,17,17,4,56,263146,38,53,Ready,Success
8070,JOB001,DAILY_SALES,Data Processing,11,Tuesday,23,29,4,42,290909,50,58,Ready,Failed
8071,JOB005,BACKUP_JOB,Data Processing,1,Wednesday,10,8,2,7,447095,73,68,Delayed,Failed
8072,JOB006,FINANCE_REPORT,Reporting,10,Monday,7,28,5,29,132835,81,24,Ready,Success
8073,JOB002,MONTHLY_PAYROLL,Reporting,13,Thursday,21,6,9,81,442738,33,62,Delayed,Failed
8074,JOB014,MASTER_DATA_SYNC,Data Transfer,21,Sunday,2,5,2,92,419057,69,66,Ready,Failed
8075,JOB006,FINANCE_REPORT,Backup,22,Sunday,13,23,1,66,232858,78,78,Ready,Success
8076,JOB014,MASTER_DATA_SYNC,Reporting,15,Friday,1,13,6,99,11921,89,88,Ready,Failed
8077,JOB013,LOG_CLEANUP,Backup,19,Wednesday,28,17,9,19,444092,77,36,Ready,Success
8078,JOB009,STOCK_UPDATE,Data Processing,5,Monday,15,13,2,74,282368,28,38,Ready,Success
8079,JOB011,EMPLOYEE_DATA_SYNC,Synchronization,22,Tuesday,5,4,3,109,350410,76,65,Ready,Success
8080,JOB012,DATABASE_BACKUP,Data Processing,3,Monday,0,19,9,14,478559,60,75,Not Ready,Failed
8081,JOB012,DATABASE_BACKUP,Synchronization,14,Tuesday,13,23,7,77,350445,46,45,Delayed,Failed
8082,JOB002,MONTHLY_PAYROLL,Synchronization,23,Sunday,9,12,0,118,290133,77,85,Delayed,Failed
8083,JOB009,STOCK_UPDATE,Data Transfer,0,Friday,5,0,8,109,341734,87,33,Delayed,Failed
8084,JOB018,VENDOR_DATA_SYNC,Backup,6,Friday,8,11,5,118,265619,77,71,Ready,Success
8085,JOB013,LOG_CLEANUP,Synchronization,11,Monday,6,18,1,109,448495,43,23,Ready,Failed
8086,JOB003,INVENTORY_UPDATE,Reporting,9,Monday,24,9,2,73,367497,81,22,Delayed,Failed
8087,JOB014,MASTER_DATA_SYNC,Reporting,4,Tuesday,1,23,4,113,465749,86,41,Ready,Success
8088,JOB019,SYSTEM_MONITORING,Data Processing,11,Tuesday,10,4,5,48,237800,22,69,Ready,Success
8089,JOB004,DATA_TRANSFER,Data Processing,17,Wednesday,13,19,8,45,466538,70,83,Not Ready,Failed
8090,JOB014,MASTER_DATA_SYNC,Data Transfer,9,Sunday,4,5,1,87,253467,86,29,Ready,Success
8091,JOB005,BACKUP_JOB,Data Transfer,5,Wednesday,8,11,4,24,243789,76,75,Delayed,Failed
8092,JOB017,INVOICE_PROCESSING,Data Processing,11,Wednesday,6,20,6,101,219330,39,35,Ready,Success
8093,JOB002,MONTHLY_PAYROLL,Data Transfer,6,Monday,24,2,6,111,380123,64,56,Ready,Success
8094,JOB011,EMPLOYEE_DATA_SYNC,Synchronization,17,Saturday,13,28,3,41,77620,25,74,Ready,Failed
8095,JOB018,VENDOR_DATA_SYNC,Data Processing,1,Saturday,26,26,2,99,153490,52,41,Ready,Success
8096,JOB011,EMPLOYEE_DATA_SYNC,Data Transfer,9,Saturday,15,13,7,43,120086,62,51,Not Ready,Failed
8097,JOB018,VENDOR_DATA_SYNC,Reporting,14,Saturday,21,20,1,81,398681,69,63,Delayed,Failed
8098,JOB015,DAILY_ANALYTICS,Data Transfer,11,Wednesday,15,3,4,106,71482,46,92,Ready,Success
8099,JOB004,DATA_TRANSFER,Data Processing,16,Monday,30,16,9,113,404730,49,71,Not Ready,Failed
8100,JOB007,CUSTOMER_REPORT,Reporting,3,Saturday,6,16,4,74,228397,37,52,Ready,Failed
8101,JOB017,INVOICE_PROCESSING,Synchronization,6,Friday,9,13,0,115,304150,49,21,Ready,Success
8102,JOB002,MONTHLY_PAYROLL,Backup,8,Thursday,20,14,6,12,126044,34,33,Ready,Success
8103,JOB006,FINANCE_REPORT,Data Transfer,18,Friday,5,6,3,47,135733,95,80,Ready,Failed
8104,JOB004,DATA_TRANSFER,Data Transfer,22,Monday,16,3,9,14,462316,81,84,Ready,Failed
8105,JOB015,DAILY_ANALYTICS,Backup,6,Monday,0,16,1,45,333607,40,49,Ready,Success
8106,JOB016,WAREHOUSE_UPDATE,Backup,22,Thursday,1,5,7,8,110162,31,46,Ready,Success
8107,JOB001,DAILY_SALES,Data Processing,1,Tuesday,26,10,3,82,476891,68,83,Ready,Failed
8108,JOB012,DATABASE_BACKUP,Synchronization,5,Tuesday,13,11,0,8,454804,20,52,Ready,Success
8109,JOB019,SYSTEM_MONITORING,Data Processing,17,Tuesday,3,14,7,28,245671,94,72,Ready,Success
8110,JOB015,DAILY_ANALYTICS,Reporting,5,Wednesday,26,26,6,115,493972,74,29,Ready,Failed
8111,JOB013,LOG_CLEANUP,Data Processing,12,Tuesday,8,11,2,25,7179,44,46,Ready,Success
8112,JOB006,FINANCE_REPORT,Backup,18,Sunday,22,10,2,14,477040,66,56,Ready,Success
8113,JOB002,MONTHLY_PAYROLL,Synchronization,1,Wednesday,5,26,6,50,396670,92,21,Ready,Success
8114,JOB005,BACKUP_JOB,Data Processing,11,Wednesday,30,16,1,93,86407,58,62,Ready,Success
8115,JOB016,WAREHOUSE_UPDATE,Reporting,14,Tuesday,16,7,4,74,37828,46,38,Delayed,Failed
8116,JOB012,DATABASE_BACKUP,Backup,13,Tuesday,20,11,6,84,416404,69,30,Not Ready,Failed
8117,JOB015,DAILY_ANALYTICS,Data Transfer,5,Thursday,10,28,5,48,376195,74,71,Ready,Success
8118,JOB020,ARCHIVE_JOB,Backup,17,Saturday,27,8,9,96,64975,47,51,Ready,Failed
8119,JOB004,DATA_TRANSFER,Reporting,4,Thursday,28,10,6,104,176795,76,48,Delayed,Failed
8120,JOB011,EMPLOYEE_DATA_SYNC,Data Processing,17,Wednesday,3,2,1,37,304882,35,55,Not Ready,Failed
8121,JOB012,DATABASE_BACKUP,Data Processing,2,Thursday,20,6,6,98,445158,75,66,Not Ready,Failed
8122,JOB010,ORDER_PROCESSING,Data Processing,2,Wednesday,26,28,1,40,244602,54,62,Not Ready,Success
8123,JOB002,MONTHLY_PAYROLL,Data Transfer,21,Monday,8,20,6,29,14119,47,71,Delayed,Success
8124,JOB016,WAREHOUSE_UPDATE,Reporting,21,Wednesday,27,2,7,17,287016,65,72,Ready,Success
8125,JOB003,INVENTORY_UPDATE,Synchronization,9,Wednesday,15,20,9,43,309296,86,87,Ready,Failed
8126,JOB008,SALES_REPORT,Data Transfer,18,Thursday,2,15,7,83,352800,35,24,Delayed,Success
8127,JOB017,INVOICE_PROCESSING,Backup,2,Saturday,3,9,4,42,35369,93,67,Ready,Success
8128,JOB015,DAILY_ANALYTICS,Reporting,11,Monday,23,22,6,34,30315,68,43,Ready,Failed
8129,JOB008,SALES_REPORT,Reporting,15,Friday,2,6,7,18,226692,87,20,Delayed,Failed
8130,JOB002,MONTHLY_PAYROLL,Synchronization,16,Friday,12,24,3,54,266987,41,21,Ready,Success
8131,JOB010,ORDER_PROCESSING,Reporting,6,Saturday,18,23,1,72,311656,37,29,Delayed,Success
8132,JOB017,INVOICE_PROCESSING,Backup,12,Friday,28,19,6,5,266819,41,82,Ready,Success
8133,JOB004,DATA_TRANSFER,Data Transfer,23,Monday,24,14,0,65,78585,35,78,Not Ready,Failed
8134,JOB011,EMPLOYEE_DATA_SYNC,Backup,1,Tuesday,20,20,1,7,34773,75,25,Ready,Failed
8135,JOB005,BACKUP_JOB,Backup,3,Monday,25,20,9,113,61044,22,67,Ready,Failed
8136,JOB020,ARCHIVE_JOB,Reporting,9,Thursday,0,9,6,54,1231,72,55,Ready,Success
8137,JOB007,CUSTOMER_REPORT,Data Transfer,6,Sunday,22,11,9,65,274989,54,67,Delayed,Success
8138,JOB005,BACKUP_JOB,Synchronization,23,Wednesday,22,17,0,40,23960,40,48,Ready,Success
8139,JOB007,CUSTOMER_REPORT,Backup,16,Wednesday,30,27,6,8,447954,84,60,Ready,Failed
8140,JOB017,INVOICE_PROCESSING,Data Processing,19,Thursday,5,22,4,47,457366,76,92,Not Ready,Failed
8141,JOB002,MONTHLY_PAYROLL,Data Transfer,5,Thursday,21,22,2,18,475982,66,51,Ready,Failed
8142,JOB001,DAILY_SALES,Reporting,18,Sunday,2,8,1,93,412733,53,24,Ready,Failed
8143,JOB016,WAREHOUSE_UPDATE,Backup,4,Sunday,2,28,6,107,160484,67,36,Ready,Failed
8144,JOB012,DATABASE_BACKUP,Backup,9,Wednesday,15,8,8,71,245765,58,43,Not Ready,Failed
8145,JOB004,DATA_TRANSFER,Backup,8,Sunday,9,3,8,11,84610,49,25,Delayed,Failed
8146,JOB020,ARCHIVE_JOB,Backup,12,Sunday,26,4,9,12,411823,69,47,Ready,Success
8147,JOB020,ARCHIVE_JOB,Backup,18,Sunday,24,6,9,48,366418,35,39,Ready,Failed
8148,JOB016,WAREHOUSE_UPDATE,Backup,20,Saturday,16,25,7,68,150659,22,38,Not Ready,Failed
8149,JOB002,MONTHLY_PAYROLL,Synchronization,23,Tuesday,6,6,1,11,442076,80,27,Ready,Success
8150,JOB019,SYSTEM_MONITORING,Data Processing,5,Sunday,12,10,0,52,272233,21,37,Ready,Success
8151,JOB013,LOG_CLEANUP,Synchronization,3,Tuesday,27,9,7,66,48635,45,56,Ready,Failed
8152,JOB019,SYSTEM_MONITORING,Synchronization,23,Tuesday,10,10,1,29,139954,37,80,Not Ready,Failed
8153,JOB016,WAREHOUSE_UPDATE,Backup,2,Thursday,9,23,3,85,420661,85,64,Delayed,Failed
8154,JOB015,DAILY_ANALYTICS,Backup,2,Sunday,6,23,3,94,107647,59,57,Ready,Success
8155,JOB017,INVOICE_PROCESSING,Backup,3,Wednesday,23,17,1,72,163892,22,21,Ready,Success
8156,JOB008,SALES_REPORT,Data Transfer,4,Saturday,5,11,3,68,313647,36,74,Not Ready,Failed
8157,JOB003,INVENTORY_UPDATE,Reporting,7,Wednesday,23,24,6,117,410771,43,34,Delayed,Failed
8158,JOB010,ORDER_PROCESSING,Reporting,15,Sunday,0,15,5,22,6524,21,78,Ready,Success
8159,JOB007,CUSTOMER_REPORT,Data Processing,21,Wednesday,16,26,9,8,493949,89,94,Not Ready,Failed
8160,JOB010,ORDER_PROCESSING,Synchronization,2,Sunday,24,3,5,21,254768,59,24,Ready,Success
8161,JOB008,SALES_REPORT,Synchronization,23,Saturday,11,16,3,51,415457,45,39,Delayed,Success
8162,JOB003,INVENTORY_UPDATE,Data Processing,11,Monday,3,16,1,85,23201,76,31,Ready,Success
8163,JOB005,BACKUP_JOB,Data Processing,7,Saturday,2,20,4,49,282961,68,76,Ready,Success
8164,JOB017,INVOICE_PROCESSING,Data Transfer,12,Monday,5,22,2,93,168039,76,87,Ready,Success
8165,JOB011,EMPLOYEE_DATA_SYNC,Data Processing,3,Friday,25,4,2,62,404306,75,38,Ready,Success
8166,JOB015,DAILY_ANALYTICS,Data Processing,13,Monday,27,12,3,7,164338,89,46,Ready,Failed
8167,JOB011,EMPLOYEE_DATA_SYNC,Data Processing,13,Tuesday,15,2,4,16,18743,95,72,Ready,Failed
8168,JOB001,DAILY_SALES,Backup,12,Tuesday,12,26,1,95,252633,40,61,Delayed,Failed
8169,JOB013,LOG_CLEANUP,Data Transfer,5,Saturday,27,22,5,21,124572,35,64,Ready,Failed
8170,JOB011,EMPLOYEE_DATA_SYNC,Backup,16,Tuesday,8,16,5,26,368880,25,87,Ready,Success
8171,JOB007,CUSTOMER_REPORT,Data Transfer,3,Tuesday,25,10,7,43,228522,53,87,Ready,Success
8172,JOB001,DAILY_SALES,Reporting,7,Friday,10,0,1,43,178909,78,43,Ready,Failed
8173,JOB009,STOCK_UPDATE,Synchronization,16,Tuesday,19,27,7,111,17483,86,55,Ready,Failed
8174,JOB008,SALES_REPORT,Synchronization,2,Thursday,24,17,7,116,375323,60,94,Ready,Success
8175,JOB010,ORDER_PROCESSING,Reporting,16,Thursday,30,16,3,104,20826,38,24,Ready,Success
8176,JOB009,STOCK_UPDATE,Data Processing,8,Thursday,20,8,6,20,184273,48,46,Ready,Failed
8177,JOB003,INVENTORY_UPDATE,Reporting,1,Monday,12,19,6,105,276340,51,56,Ready,Failed
8178,JOB006,FINANCE_REPORT,Data Transfer,12,Saturday,22,6,0,55,289640,29,46,Ready,Success
8179,JOB010,ORDER_PROCESSING,Reporting,19,Saturday,18,4,0,33,189843,83,95,Ready,Success
8180,JOB009,STOCK_UPDATE,Synchronization,1,Wednesday,2,29,7,82,116274,39,66,Ready,Success
8181,JOB011,EMPLOYEE_DATA_SYNC,Synchronization,19,Friday,11,15,0,75,274303,47,83,Ready,Success
8182,JOB003,INVENTORY_UPDATE,Data Processing,10,Thursday,18,6,2,45,28780,46,25,Ready,Success
8183,JOB008,SALES_REPORT,Reporting,21,Thursday,7,12,5,61,115943,44,95,Not Ready,Failed
8184,JOB013,LOG_CLEANUP,Data Processing,14,Tuesday,13,12,7,32,476856,48,75,Ready,Success
8185,JOB015,DAILY_ANALYTICS,Backup,10,Thursday,21,14,4,81,84920,34,33,Ready,Success
8186,JOB003,INVENTORY_UPDATE,Data Transfer,22,Tuesday,8,22,4,84,392571,64,41,Ready,Success
8187,JOB007,CUSTOMER_REPORT,Data Processing,2,Tuesday,24,16,3,25,36775,64,74,Ready,Success
8188,JOB019,SYSTEM_MONITORING,Synchronization,2,Wednesday,23,16,3,8,146038,49,94,Ready,Failed
8189,JOB001,DAILY_SALES,Data Transfer,11,Monday,16,26,6,107,486955,57,71,Delayed,Success
8190,JOB009,STOCK_UPDATE,Backup,23,Tuesday,5,18,5,103,98333,79,75,Delayed,Success
8191,JOB003,INVENTORY_UPDATE,Reporting,4,Tuesday,3,9,7,120,254706,51,25,Ready,Success
8192,JOB016,WAREHOUSE_UPDATE,Backup,19,Saturday,3,1,5,19,316798,69,39,Not Ready,Failed
8193,JOB011,EMPLOYEE_DATA_SYNC,Reporting,6,Wednesday,18,13,9,57,145768,90,73,Delayed,Failed
8194,JOB017,INVOICE_PROCESSING,Reporting,6,Tuesday,11,22,6,94,457617,54,21,Not Ready,Failed
8195,JOB015,DAILY_ANALYTICS,Data Processing,12,Friday,24,2,9,50,486617,95,94,Ready,Failed
8196,JOB014,MASTER_DATA_SYNC,Data Transfer,8,Monday,1,6,9,11,416790,24,91,Ready,Failed
8197,JOB009,STOCK_UPDATE,Data Transfer,20,Friday,16,24,4,22,46170,50,49,Ready,Success
8198,JOB010,ORDER_PROCESSING,Backup,12,Thursday,29,27,5,93,301024,72,73,Ready,Failed
8199,JOB013,LOG_CLEANUP,Synchronization,11,Monday,14,10,0,105,477867,20,23,Ready,Success
8200,JOB006,FINANCE_REPORT,Backup,12,Thursday,9,16,2,25,382733,88,90,Not Ready,Failed
8201,JOB013,LOG_CLEANUP,Backup,23,Saturday,2,14,7,120,314473,87,66,Ready,Success
8202,JOB013,LOG_CLEANUP,Data Processing,9,Sunday,28,18,2,12,330260,84,38,Ready,Success
8203,JOB013,LOG_CLEANUP,Synchronization,0,Sunday,30,28,0,63,364674,34,61,Ready,Success
8204,JOB014,MASTER_DATA_SYNC,Data Processing,7,Sunday,19,10,2,24,452553,71,61,Ready,Success
8205,JOB018,VENDOR_DATA_SYNC,Data Transfer,21,Tuesday,3,14,3,86,224180,57,70,Ready,Success
8206,JOB005,BACKUP_JOB,Data Processing,15,Wednesday,21,14,7,87,136662,43,22,Ready,Success
8207,JOB007,CUSTOMER_REPORT,Backup,12,Friday,0,5,8,120,477988,42,56,Ready,Success
8208,JOB020,ARCHIVE_JOB,Data Transfer,2,Thursday,0,14,3,71,148537,66,41,Ready,Failed
8209,JOB001,DAILY_SALES,Data Processing,2,Tuesday,17,28,6,59,447218,26,52,Delayed,Success
8210,JOB013,LOG_CLEANUP,Reporting,23,Sunday,3,8,0,66,462764,50,68,Delayed,Success
8211,JOB017,INVOICE_PROCESSING,Backup,4,Friday,22,4,8,106,483328,26,73,Delayed,Failed
8212,JOB002,MONTHLY_PAYROLL,Backup,10,Friday,21,18,3,22,123189,23,81,Ready,Success
8213,JOB013,LOG_CLEANUP,Data Processing,6,Saturday,14,23,8,95,6301,73,54,Ready,Failed
8214,JOB016,WAREHOUSE_UPDATE,Synchronization,20,Saturday,26,28,2,83,444823,71,48,Delayed,Success
8215,JOB014,MASTER_DATA_SYNC,Reporting,23,Sunday,24,29,4,114,419989,67,85,Ready,Failed
8216,JOB007,CUSTOMER_REPORT,Data Processing,9,Thursday,22,27,0,60,188176,85,69,Ready,Failed
8217,JOB020,ARCHIVE_JOB,Backup,9,Sunday,27,4,2,89,457677,73,33,Ready,Success
8218,JOB002,MONTHLY_PAYROLL,Backup,19,Sunday,20,21,4,26,167952,73,67,Ready,Success
8219,JOB018,VENDOR_DATA_SYNC,Backup,1,Tuesday,21,12,5,12,499108,64,63,Delayed,Success
8220,JOB012,DATABASE_BACKUP,Data Processing,2,Wednesday,9,17,7,15,257868,59,91,Ready,Failed
8221,JOB007,CUSTOMER_REPORT,Data Transfer,7,Sunday,24,19,0,111,90482,54,20,Ready,Success
8222,JOB019,SYSTEM_MONITORING,Synchronization,10,Thursday,16,16,2,16,25491,43,47,Ready,Success
8223,JOB006,FINANCE_REPORT,Data Processing,12,Friday,26,14,0,52,387335,54,22,Ready,Success
8224,JOB009,STOCK_UPDATE,Data Processing,6,Friday,24,13,4,107,452120,56,90,Delayed,Failed
8225,JOB020,ARCHIVE_JOB,Backup,12,Monday,21,28,7,67,202989,94,67,Ready,Failed
8226,JOB004,DATA_TRANSFER,Synchronization,1,Sunday,11,15,3,31,429088,53,51,Not Ready,Failed
8227,JOB020,ARCHIVE_JOB,Backup,5,Tuesday,19,3,8,39,117741,43,28,Delayed,Success
8228,JOB003,INVENTORY_UPDATE,Reporting,8,Monday,11,16,5,6,240166,23,76,Ready,Success
8229,JOB009,STOCK_UPDATE,Reporting,19,Saturday,15,19,5,103,18328,69,65,Ready,Failed
8230,JOB005,BACKUP_JOB,Backup,1,Wednesday,4,13,4,99,91005,43,77,Ready,Success
8231,JOB004,DATA_TRANSFER,Reporting,17,Thursday,28,17,9,12,271914,55,75,Ready,Failed
8232,JOB019,SYSTEM_MONITORING,Reporting,15,Sunday,15,5,4,24,403322,54,34,Ready,Success
8233,JOB005,BACKUP_JOB,Backup,11,Friday,16,21,6,12,91273,48,80,Ready,Failed
8234,JOB016,WAREHOUSE_UPDATE,Reporting,6,Tuesday,22,7,7,67,385296,55,35,Delayed,Success
8235,JOB016,WAREHOUSE_UPDATE,Data Transfer,6,Friday,28,8,6,72,318032,87,65,Not Ready,Failed
8236,JOB002,MONTHLY_PAYROLL,Backup,16,Sunday,30,23,0,35,132846,30,90,Ready,Failed
8237,JOB005,BACKUP_JOB,Data Transfer,12,Saturday,14,0,0,36,66592,74,54,Ready,Success
8238,JOB016,WAREHOUSE_UPDATE,Data Processing,10,Monday,12,12,9,17,155127,68,85,Not Ready,Failed
8239,JOB002,MONTHLY_PAYROLL,Data Transfer,5,Sunday,7,2,5,90,106530,76,76,Ready,Success
8240,JOB013,LOG_CLEANUP,Data Processing,22,Monday,26,5,2,30,223373,74,53,Ready,Failed
8241,JOB019,SYSTEM_MONITORING,Synchronization,13,Thursday,20,16,8,85,295792,75,50,Ready,Success
8242,JOB014,MASTER_DATA_SYNC,Reporting,5,Tuesday,1,7,6,33,393953,93,31,Ready,Success
8243,JOB004,DATA_TRANSFER,Synchronization,5,Saturday,7,29,1,95,447412,23,84,Delayed,Failed
8244,JOB010,ORDER_PROCESSING,Reporting,1,Tuesday,9,5,2,90,1545,44,66,Ready,Success
8245,JOB010,ORDER_PROCESSING,Data Processing,21,Thursday,6,15,7,22,490517,21,84,Ready,Success
8246,JOB014,MASTER_DATA_SYNC,Backup,19,Saturday,9,0,0,73,53132,38,20,Ready,Success
8247,JOB016,WAREHOUSE_UPDATE,Reporting,14,Saturday,24,9,4,16,38674,27,86,Delayed,Success
8248,JOB011,EMPLOYEE_DATA_SYNC,Data Transfer,16,Monday,3,17,9,6,62486,83,33,Ready,Success
8249,JOB001,DAILY_SALES,Data Processing,7,Monday,10,21,0,46,305517,25,73,Ready,Success
8250,JOB018,VENDOR_DATA_SYNC,Data Transfer,4,Monday,8,25,8,11,204003,33,29,Ready,Success
8251,JOB020,ARCHIVE_JOB,Reporting,16,Friday,3,13,6,51,408717,89,86,Not Ready,Failed
8252,JOB011,EMPLOYEE_DATA_SYNC,Data Processing,19,Wednesday,2,23,4,94,355671,95,69,Ready,Success
8253,JOB002,MONTHLY_PAYROLL,Data Transfer,0,Sunday,30,4,5,58,121186,90,55,Ready,Failed
8254,JOB009,STOCK_UPDATE,Data Processing,21,Monday,10,16,2,107,4388,76,30,Delayed,Success
8255,JOB011,EMPLOYEE_DATA_SYNC,Data Processing,17,Wednesday,2,13,2,19,184427,49,22,Delayed,Success
8256,JOB007,CUSTOMER_REPORT,Reporting,14,Wednesday,25,25,6,116,51564,27,58,Ready,Failed
8257,JOB015,DAILY_ANALYTICS,Reporting,4,Tuesday,17,17,6,62,339501,33,29,Delayed,Failed
8258,JOB020,ARCHIVE_JOB,Synchronization,6,Thursday,25,3,6,37,67107,67,70,Ready,Failed
8259,JOB016,WAREHOUSE_UPDATE,Backup,17,Friday,18,19,1,115,150196,47,51,Ready,Failed
8260,JOB005,BACKUP_JOB,Reporting,5,Wednesday,13,22,1,71,312021,25,71,Delayed,Success
8261,JOB015,DAILY_ANALYTICS,Backup,21,Sunday,23,1,4,67,234303,49,91,Delayed,Failed
8262,JOB006,FINANCE_REPORT,Backup,20,Friday,10,6,3,110,83267,23,66,Ready,Failed
8263,JOB017,INVOICE_PROCESSING,Data Processing,4,Tuesday,23,6,6,52,411444,86,32,Ready,Failed
8264,JOB012,DATABASE_BACKUP,Reporting,18,Monday,1,6,2,70,282193,29,86,Ready,Success
8265,JOB019,SYSTEM_MONITORING,Backup,9,Saturday,26,12,4,85,398808,46,72,Ready,Success
8266,JOB010,ORDER_PROCESSING,Synchronization,14,Wednesday,1,18,1,69,97766,64,72,Ready,Success
8267,JOB013,LOG_CLEANUP,Data Transfer,9,Thursday,1,21,0,40,446958,94,34,Not Ready,Failed
8268,JOB001,DAILY_SALES,Backup,15,Saturday,9,27,8,111,273835,54,72,Ready,Success
8269,JOB005,BACKUP_JOB,Data Transfer,11,Tuesday,22,5,3,21,321030,32,61,Ready,Success
8270,JOB009,STOCK_UPDATE,Synchronization,17,Friday,14,19,7,6,214207,74,48,Ready,Success
8271,JOB015,DAILY_ANALYTICS,Data Transfer,22,Sunday,21,16,6,37,171453,62,66,Ready,Success
8272,JOB017,INVOICE_PROCESSING,Synchronization,0,Monday,11,24,0,97,44860,92,49,Ready,Failed
8273,JOB001,DAILY_SALES,Reporting,15,Friday,10,17,9,10,64791,87,33,Ready,Failed
8274,JOB005,BACKUP_JOB,Reporting,21,Thursday,16,24,6,47,390417,62,78,Ready,Success
8275,JOB006,FINANCE_REPORT,Backup,5,Wednesday,17,23,1,104,51521,59,83,Ready,Success
8276,JOB007,CUSTOMER_REPORT,Data Processing,2,Thursday,13,0,2,92,402693,50,63,Ready,Success
8277,JOB011,EMPLOYEE_DATA_SYNC,Reporting,1,Friday,16,26,0,15,140124,22,33,Ready,Success
8278,JOB018,VENDOR_DATA_SYNC,Reporting,1,Friday,14,22,6,9,331739,36,44,Ready,Success
8279,JOB009,STOCK_UPDATE,Reporting,12,Saturday,11,12,2,34,29797,58,63,Ready,Success
8280,JOB014,MASTER_DATA_SYNC,Reporting,8,Thursday,26,25,5,14,99354,85,80,Ready,Failed
8281,JOB010,ORDER_PROCESSING,Synchronization,15,Thursday,15,18,6,105,432522,88,21,Ready,Success
8282,JOB017,INVOICE_PROCESSING,Backup,4,Thursday,22,15,2,95,494245,95,93,Ready,Failed
8283,JOB006,FINANCE_REPORT,Synchronization,22,Monday,5,9,1,95,16410,38,62,Not Ready,Success
8284,JOB007,CUSTOMER_REPORT,Reporting,20,Sunday,1,12,8,28,169406,41,28,Ready,Success
8285,JOB005,BACKUP_JOB,Synchronization,6,Friday,1,9,8,63,256351,27,80,Ready,Success
8286,JOB003,INVENTORY_UPDATE,Data Processing,12,Tuesday,15,29,6,71,323924,87,86,Delayed,Failed
8287,JOB017,INVOICE_PROCESSING,Data Processing,19,Monday,1,29,4,65,274639,90,43,Ready,Success
8288,JOB007,CUSTOMER_REPORT,Reporting,23,Monday,7,13,3,106,139929,37,84,Ready,Success
8289,JOB001,DAILY_SALES,Backup,12,Monday,29,8,3,30,44677,25,57,Ready,Failed
8290,JOB015,DAILY_ANALYTICS,Data Transfer,6,Saturday,6,20,0,113,139898,23,89,Ready,Success
8291,JOB006,FINANCE_REPORT,Backup,9,Sunday,0,10,3,116,276935,60,24,Not Ready,Failed
8292,JOB017,INVOICE_PROCESSING,Data Processing,14,Sunday,3,2,6,43,444697,70,87,Ready,Failed
8293,JOB011,EMPLOYEE_DATA_SYNC,Data Processing,20,Tuesday,10,7,4,86,464285,31,86,Ready,Success
8294,JOB020,ARCHIVE_JOB,Backup,5,Thursday,19,11,8,7,217314,56,49,Ready,Failed
8295,JOB011,EMPLOYEE_DATA_SYNC,Reporting,4,Saturday,6,2,3,42,446266,21,81,Ready,Failed
8296,JOB017,INVOICE_PROCESSING,Synchronization,22,Friday,17,6,2,46,27965,22,26,Ready,Success
8297,JOB011,EMPLOYEE_DATA_SYNC,Data Processing,1,Wednesday,3,13,5,52,245867,64,70,Ready,Success
8298,JOB014,MASTER_DATA_SYNC,Data Processing,20,Saturday,16,6,3,93,83443,58,51,Ready,Failed
8299,JOB013,LOG_CLEANUP,Data Transfer,14,Wednesday,28,6,1,17,353910,73,93,Ready,Failed
8300,JOB004,DATA_TRANSFER,Synchronization,15,Friday,30,13,4,93,366049,37,45,Delayed,Success
8301,JOB016,WAREHOUSE_UPDATE,Backup,18,Tuesday,28,11,3,92,128374,32,62,Ready,Success
8302,JOB005,BACKUP_JOB,Data Processing,8,Sunday,10,0,4,60,216945,33,81,Delayed,Success
8303,JOB001,DAILY_SALES,Synchronization,21,Wednesday,10,26,8,109,118877,60,50,Ready,Success
8304,JOB014,MASTER_DATA_SYNC,Backup,18,Monday,19,4,3,63,347172,59,42,Ready,Success
8305,JOB013,LOG_CLEANUP,Synchronization,6,Saturday,10,27,5,67,109434,90,83,Ready,Failed
8306,JOB017,INVOICE_PROCESSING,Data Transfer,3,Wednesday,14,10,3,84,493724,67,91,Ready,Success
8307,JOB015,DAILY_ANALYTICS,Data Processing,2,Friday,13,0,0,47,447407,29,74,Ready,Success
8308,JOB007,CUSTOMER_REPORT,Data Processing,23,Sunday,16,22,1,109,168922,73,35,Ready,Failed
8309,JOB016,WAREHOUSE_UPDATE,Data Transfer,19,Monday,1,12,5,110,23840,54,28,Not Ready,Failed
8310,JOB006,FINANCE_REPORT,Data Transfer,10,Wednesday,17,28,7,79,291782,43,23,Ready,Failed
8311,JOB005,BACKUP_JOB,Reporting,0,Sunday,15,23,8,61,124144,68,58,Ready,Failed
8312,JOB004,DATA_TRANSFER,Backup,5,Friday,11,22,3,25,251908,61,63,Ready,Success
8313,JOB009,STOCK_UPDATE,Data Processing,10,Tuesday,9,16,5,99,69870,94,60,Ready,Failed
8314,JOB011,EMPLOYEE_DATA_SYNC,Synchronization,0,Friday,27,2,2,58,67247,93,32,Ready,Success
8315,JOB013,LOG_CLEANUP,Data Transfer,20,Tuesday,15,9,8,83,262736,69,95,Ready,Failed
8316,JOB003,INVENTORY_UPDATE,Reporting,6,Sunday,2,18,7,57,337784,40,92,Ready,Success
8317,JOB001,DAILY_SALES,Data Transfer,5,Sunday,7,6,0,49,465462,47,31,Ready,Success
8318,JOB004,DATA_TRANSFER,Data Transfer,13,Monday,26,19,1,117,359031,74,43,Ready,Failed
8319,JOB015,DAILY_ANALYTICS,Data Processing,1,Friday,21,27,9,40,436910,46,67,Ready,Success
8320,JOB004,DATA_TRANSFER,Backup,3,Thursday,21,2,8,67,213585,87,51,Delayed,Failed
8321,JOB001,DAILY_SALES,Data Processing,10,Saturday,24,21,9,111,326970,25,57,Ready,Success
8322,JOB011,EMPLOYEE_DATA_SYNC,Synchronization,14,Thursday,23,11,2,5,361779,77,85,Ready,Success
8323,JOB002,MONTHLY_PAYROLL,Data Transfer,17,Thursday,1,25,2,96,123847,25,73,Ready,Success
8324,JOB007,CUSTOMER_REPORT,Synchronization,0,Thursday,30,21,9,101,377238,79,40,Ready,Failed
8325,JOB015,DAILY_ANALYTICS,Synchronization,2,Saturday,21,9,8,71,455409,38,50,Delayed,Failed
8326,JOB007,CUSTOMER_REPORT,Data Transfer,2,Thursday,0,20,2,83,70370,80,83,Ready,Success
8327,JOB008,SALES_REPORT,Backup,6,Tuesday,28,11,9,37,386175,36,71,Ready,Failed
8328,JOB017,INVOICE_PROCESSING,Synchronization,0,Friday,13,14,4,36,181017,68,54,Ready,Success
8329,JOB003,INVENTORY_UPDATE,Synchronization,10,Sunday,24,5,5,91,468651,22,35,Ready,Success
8330,JOB012,DATABASE_BACKUP,Synchronization,5,Monday,3,18,2,62,130149,53,59,Delayed,Failed
8331,JOB006,FINANCE_REPORT,Data Transfer,19,Thursday,3,29,9,30,172050,81,57,Ready,Success
8332,JOB014,MASTER_DATA_SYNC,Backup,2,Sunday,8,28,7,65,25996,79,76,Ready,Failed
8333,JOB001,DAILY_SALES,Data Transfer,18,Thursday,2,25,1,116,203412,87,22,Ready,Success
8334,JOB007,CUSTOMER_REPORT,Data Transfer,1,Monday,4,4,5,21,188881,53,56,Delayed,Failed
8335,JOB006,FINANCE_REPORT,Backup,17,Monday,0,24,1,77,336413,48,21,Ready,Success
8336,JOB001,DAILY_SALES,Synchronization,11,Thursday,21,19,8,73,427236,79,22,Not Ready,Failed
8337,JOB015,DAILY_ANALYTICS,Reporting,9,Tuesday,18,26,5,33,141262,63,66,Ready,Success
8338,JOB016,WAREHOUSE_UPDATE,Backup,4,Sunday,0,1,8,67,211730,34,46,Delayed,Success
8339,JOB012,DATABASE_BACKUP,Backup,8,Monday,9,20,3,10,465579,64,82,Ready,Success
8340,JOB009,STOCK_UPDATE,Data Processing,1,Friday,21,18,2,115,20939,94,57,Delayed,Failed
8341,JOB017,INVOICE_PROCESSING,Reporting,1,Sunday,29,27,1,109,271628,28,63,Delayed,Success
8342,JOB005,BACKUP_JOB,Reporting,5,Friday,11,18,7,63,58512,54,27,Ready,Success
8343,JOB001,DAILY_SALES,Reporting,9,Sunday,9,3,3,103,159429,29,42,Delayed,Failed
8344,JOB020,ARCHIVE_JOB,Data Transfer,17,Tuesday,1,27,1,119,123495,57,25,Ready,Success
8345,JOB005,BACKUP_JOB,Data Processing,11,Saturday,15,19,8,25,467304,48,44,Ready,Success
8346,JOB015,DAILY_ANALYTICS,Synchronization,3,Wednesday,7,4,7,49,262980,65,78,Ready,Success
8347,JOB017,INVOICE_PROCESSING,Reporting,21,Tuesday,13,6,4,49,244727,89,76,Delayed,Failed
8348,JOB001,DAILY_SALES,Synchronization,20,Thursday,28,3,7,91,443404,92,77,Ready,Failed
8349,JOB010,ORDER_PROCESSING,Reporting,16,Wednesday,14,10,4,39,199052,64,35,Not Ready,Failed
8350,JOB006,FINANCE_REPORT,Synchronization,14,Thursday,15,22,6,56,23406,72,45,Ready,Success
8351,JOB018,VENDOR_DATA_SYNC,Data Transfer,5,Friday,10,24,4,50,447759,21,66,Ready,Success
8352,JOB006,FINANCE_REPORT,Reporting,15,Monday,11,2,4,70,453927,23,59,Ready,Success
8353,JOB004,DATA_TRANSFER,Reporting,16,Sunday,1,4,3,61,418504,90,38,Delayed,Success
8354,JOB006,FINANCE_REPORT,Data Processing,2,Thursday,3,19,4,46,8793,38,63,Ready,Success
8355,JOB007,CUSTOMER_REPORT,Synchronization,9,Friday,29,14,6,77,7677,30,45,Ready,Failed
8356,JOB015,DAILY_ANALYTICS,Reporting,4,Tuesday,2,24,2,81,254226,51,71,Not Ready,Failed
8357,JOB016,WAREHOUSE_UPDATE,Reporting,13,Thursday,8,20,3,111,56869,33,56,Ready,Failed
8358,JOB006,FINANCE_REPORT,Data Transfer,20,Friday,17,25,7,102,238237,68,66,Ready,Success
8359,JOB013,LOG_CLEANUP,Synchronization,12,Monday,18,17,5,20,354178,88,91,Ready,Success
8360,JOB008,SALES_REPORT,Reporting,5,Sunday,6,15,7,9,387844,44,33,Ready,Success
8361,JOB001,DAILY_SALES,Backup,11,Thursday,3,15,1,5,57335,33,45,Ready,Success
8362,JOB003,INVENTORY_UPDATE,Data Transfer,7,Saturday,5,9,8,108,145340,58,66,Ready,Failed
8363,JOB015,DAILY_ANALYTICS,Synchronization,4,Friday,18,0,6,26,11634,31,32,Ready,Success
8364,JOB014,MASTER_DATA_SYNC,Data Processing,14,Thursday,0,22,4,52,7420,68,30,Ready,Success
8365,JOB008,SALES_REPORT,Backup,15,Monday,15,10,6,114,448112,37,21,Delayed,Failed
8366,JOB020,ARCHIVE_JOB,Data Transfer,0,Sunday,10,16,1,30,70914,20,49,Ready,Failed
8367,JOB014,MASTER_DATA_SYNC,Reporting,15,Thursday,21,23,3,38,477798,23,43,Ready,Success
8368,JOB011,EMPLOYEE_DATA_SYNC,Data Transfer,4,Thursday,3,14,6,118,329678,31,42,Ready,Success
8369,JOB020,ARCHIVE_JOB,Backup,2,Sunday,17,24,1,62,226365,45,89,Ready,Success
8370,JOB002,MONTHLY_PAYROLL,Data Transfer,19,Saturday,22,6,7,89,267446,51,94,Ready,Success
8371,JOB002,MONTHLY_PAYROLL,Backup,14,Friday,30,24,9,11,455506,71,26,Ready,Failed
8372,JOB017,INVOICE_PROCESSING,Backup,12,Wednesday,25,25,9,29,139902,34,66,Ready,Failed
8373,JOB015,DAILY_ANALYTICS,Backup,23,Sunday,28,5,4,61,376346,27,29,Ready,Success
8374,JOB001,DAILY_SALES,Synchronization,15,Thursday,27,14,4,16,19908,49,92,Ready,Success
8375,JOB015,DAILY_ANALYTICS,Data Transfer,22,Wednesday,30,14,7,35,204343,73,49,Ready,Failed
8376,JOB005,BACKUP_JOB,Synchronization,10,Tuesday,28,6,0,115,427114,86,67,Delayed,Failed
8377,JOB002,MONTHLY_PAYROLL,Data Processing,20,Thursday,4,2,5,31,458103,89,44,Delayed,Failed
8378,JOB005,BACKUP_JOB,Data Processing,1,Wednesday,21,13,1,90,46191,27,43,Ready,Success
8379,JOB008,SALES_REPORT,Data Transfer,21,Tuesday,5,29,0,38,209217,82,31,Ready,Success
8380,JOB013,LOG_CLEANUP,Data Transfer,5,Saturday,29,8,6,85,175249,36,90,Delayed,Failed
8381,JOB008,SALES_REPORT,Reporting,5,Friday,24,2,3,79,184240,35,53,Ready,Success
8382,JOB004,DATA_TRANSFER,Reporting,13,Thursday,27,5,0,97,231562,64,22,Ready,Success
8383,JOB011,EMPLOYEE_DATA_SYNC,Synchronization,10,Friday,1,19,9,38,431278,87,25,Delayed,Failed
8384,JOB012,DATABASE_BACKUP,Reporting,7,Tuesday,11,8,5,119,172975,29,78,Delayed,Failed
8385,JOB004,DATA_TRANSFER,Data Processing,7,Friday,21,0,9,41,186058,38,46,Ready,Success
8386,JOB012,DATABASE_BACKUP,Reporting,0,Friday,8,8,5,62,417815,58,91,Ready,Failed
8387,JOB019,SYSTEM_MONITORING,Data Processing,20,Sunday,27,11,2,117,287517,69,55,Ready,Success
8388,JOB006,FINANCE_REPORT,Synchronization,6,Monday,19,3,5,116,143076,79,80,Ready,Success
8389,JOB009,STOCK_UPDATE,Backup,5,Tuesday,28,25,9,64,436693,87,90,Ready,Failed
8390,JOB020,ARCHIVE_JOB,Data Processing,20,Friday,11,15,8,30,119886,51,84,Ready,Success
8391,JOB018,VENDOR_DATA_SYNC,Synchronization,7,Wednesday,28,4,5,113,488971,83,24,Ready,Failed
8392,JOB015,DAILY_ANALYTICS,Data Transfer,18,Tuesday,12,26,0,49,50157,43,61,Delayed,Success
8393,JOB019,SYSTEM_MONITORING,Data Processing,21,Monday,26,28,9,49,247470,47,33,Ready,Success
8394,JOB008,SALES_REPORT,Data Processing,20,Thursday,21,16,5,36,58355,42,84,Ready,Failed
8395,JOB005,BACKUP_JOB,Data Transfer,23,Saturday,22,29,7,105,3150,82,31,Ready,Success
8396,JOB011,EMPLOYEE_DATA_SYNC,Backup,19,Friday,16,16,6,73,24226,75,21,Ready,Success
8397,JOB006,FINANCE_REPORT,Reporting,7,Wednesday,4,5,7,88,342824,92,33,Ready,Success
8398,JOB010,ORDER_PROCESSING,Data Processing,13,Monday,19,25,7,119,486041,85,86,Ready,Failed
8399,JOB011,EMPLOYEE_DATA_SYNC,Reporting,17,Tuesday,12,28,8,75,87442,57,86,Ready,Success
8400,JOB019,SYSTEM_MONITORING,Reporting,15,Saturday,28,14,2,111,210066,47,33,Delayed,Failed
8401,JOB012,DATABASE_BACKUP,Data Processing,8,Saturday,12,0,6,27,236184,45,53,Not Ready,Failed
8402,JOB017,INVOICE_PROCESSING,Data Processing,14,Friday,9,12,5,69,324672,79,64,Ready,Success
8403,JOB008,SALES_REPORT,Data Processing,9,Monday,14,15,1,43,32435,79,28,Ready,Success
8404,JOB019,SYSTEM_MONITORING,Synchronization,21,Monday,14,1,4,71,459166,74,29,Ready,Failed
8405,JOB011,EMPLOYEE_DATA_SYNC,Data Transfer,15,Wednesday,17,28,2,49,160066,44,27,Ready,Success
8406,JOB019,SYSTEM_MONITORING,Reporting,3,Thursday,17,29,4,71,55102,40,48,Delayed,Failed
8407,JOB020,ARCHIVE_JOB,Data Processing,19,Thursday,1,18,8,67,53434,44,80,Ready,Failed
8408,JOB002,MONTHLY_PAYROLL,Backup,12,Sunday,22,22,7,74,139964,77,73,Delayed,Failed
8409,JOB006,FINANCE_REPORT,Synchronization,21,Thursday,10,1,8,99,203161,57,58,Ready,Success
8410,JOB009,STOCK_UPDATE,Data Processing,4,Sunday,12,20,8,58,414204,65,52,Ready,Failed
8411,JOB016,WAREHOUSE_UPDATE,Data Transfer,21,Saturday,10,24,7,31,224831,94,42,Ready,Failed
8412,JOB018,VENDOR_DATA_SYNC,Synchronization,6,Saturday,3,11,7,97,94708,23,91,Ready,Success
8413,JOB020,ARCHIVE_JOB,Reporting,22,Tuesday,14,11,5,83,490897,38,59,Ready,Success
8414,JOB009,STOCK_UPDATE,Reporting,8,Saturday,21,25,5,40,204762,81,42,Ready,Failed
8415,JOB003,INVENTORY_UPDATE,Reporting,7,Saturday,22,7,5,9,40907,43,78,Ready,Failed
8416,JOB008,SALES_REPORT,Data Processing,15,Monday,24,11,9,71,16479,74,69,Not Ready,Failed
8417,JOB006,FINANCE_REPORT,Synchronization,5,Tuesday,10,23,5,55,480118,44,83,Ready,Success
8418,JOB018,VENDOR_DATA_SYNC,Data Transfer,15,Monday,17,10,8,93,459929,91,75,Delayed,Failed
8419,JOB012,DATABASE_BACKUP,Data Transfer,5,Wednesday,15,1,9,36,376936,84,62,Ready,Success
8420,JOB016,WAREHOUSE_UPDATE,Data Transfer,13,Sunday,9,0,0,25,11802,87,77,Ready,Success
8421,JOB019,SYSTEM_MONITORING,Synchronization,20,Sunday,11,24,9,116,234889,31,31,Delayed,Failed
8422,JOB001,DAILY_SALES,Synchronization,0,Wednesday,12,25,5,21,373029,44,55,Ready,Success
8423,JOB001,DAILY_SALES,Backup,8,Sunday,8,27,7,77,8774,40,92,Ready,Success
8424,JOB006,FINANCE_REPORT,Reporting,23,Tuesday,26,3,0,30,17625,38,25,Ready,Success
8425,JOB009,STOCK_UPDATE,Data Transfer,12,Tuesday,20,8,5,26,95111,89,51,Delayed,Failed
8426,JOB010,ORDER_PROCESSING,Data Transfer,18,Saturday,12,26,8,45,174411,71,84,Ready,Failed
8427,JOB012,DATABASE_BACKUP,Synchronization,16,Sunday,5,29,5,114,207396,73,79,Ready,Failed
8428,JOB017,INVOICE_PROCESSING,Data Transfer,10,Wednesday,5,27,1,63,107332,54,73,Ready,Success
8429,JOB020,ARCHIVE_JOB,Backup,7,Friday,10,26,0,91,276893,22,43,Ready,Success
8430,JOB020,ARCHIVE_JOB,Data Transfer,22,Thursday,18,6,3,79,455089,52,48,Ready,Success
8431,JOB013,LOG_CLEANUP,Synchronization,4,Saturday,26,27,5,14,47521,92,27,Ready,Success
8432,JOB010,ORDER_PROCESSING,Data Transfer,9,Thursday,10,21,9,91,338876,26,32,Ready,Failed
8433,JOB017,INVOICE_PROCESSING,Data Transfer,6,Wednesday,9,25,9,9,188619,46,82,Delayed,Success
8434,JOB019,SYSTEM_MONITORING,Reporting,9,Sunday,22,28,8,59,359807,20,44,Ready,Success
8435,JOB017,INVOICE_PROCESSING,Backup,3,Sunday,14,24,4,30,461052,59,48,Ready,Failed
8436,JOB011,EMPLOYEE_DATA_SYNC,Data Processing,8,Thursday,12,9,6,8,192505,37,78,Ready,Failed
8437,JOB013,LOG_CLEANUP,Data Transfer,13,Friday,22,19,5,111,238299,54,80,Ready,Failed
8438,JOB014,MASTER_DATA_SYNC,Data Processing,1,Sunday,7,13,5,31,352542,58,45,Ready,Success
8439,JOB019,SYSTEM_MONITORING,Backup,8,Friday,4,0,8,106,378902,30,87,Ready,Failed
8440,JOB011,EMPLOYEE_DATA_SYNC,Data Processing,20,Monday,1,4,4,102,55069,64,41,Ready,Success
8441,JOB020,ARCHIVE_JOB,Reporting,0,Tuesday,15,12,1,62,499193,94,26,Ready,Success
8442,JOB008,SALES_REPORT,Backup,22,Thursday,30,5,7,7,293735,22,76,Delayed,Failed
8443,JOB004,DATA_TRANSFER,Data Transfer,9,Sunday,12,21,2,54,111280,71,81,Ready,Success
8444,JOB015,DAILY_ANALYTICS,Synchronization,9,Friday,18,27,8,100,351707,79,37,Ready,Success
8445,JOB019,SYSTEM_MONITORING,Synchronization,19,Sunday,8,16,4,30,60132,77,29,Not Ready,Failed
8446,JOB019,SYSTEM_MONITORING,Data Processing,21,Tuesday,14,14,0,22,103591,73,50,Ready,Failed
8447,JOB003,INVENTORY_UPDATE,Data Processing,2,Tuesday,5,6,3,11,146456,53,45,Ready,Success
8448,JOB019,SYSTEM_MONITORING,Backup,5,Monday,7,7,8,49,302149,47,74,Ready,Success
8449,JOB013,LOG_CLEANUP,Reporting,5,Tuesday,23,27,0,17,87946,80,44,Delayed,Failed
8450,JOB001,DAILY_SALES,Data Processing,20,Tuesday,13,20,7,10,27348,85,71,Ready,Success
8451,JOB006,FINANCE_REPORT,Data Transfer,1,Saturday,4,1,7,39,299717,85,37,Ready,Success
8452,JOB003,INVENTORY_UPDATE,Synchronization,17,Wednesday,16,17,8,99,396430,56,43,Ready,Success
8453,JOB001,DAILY_SALES,Data Transfer,22,Sunday,21,26,8,110,131541,35,34,Ready,Success
8454,JOB013,LOG_CLEANUP,Data Transfer,1,Monday,6,20,5,57,294117,91,27,Not Ready,Failed
8455,JOB017,INVOICE_PROCESSING,Data Transfer,11,Monday,8,22,4,105,123809,94,62,Not Ready,Failed
8456,JOB002,MONTHLY_PAYROLL,Synchronization,21,Thursday,15,6,6,111,287776,64,43,Ready,Success
8457,JOB019,SYSTEM_MONITORING,Data Transfer,4,Tuesday,17,28,8,72,56301,34,84,Ready,Failed
8458,JOB007,CUSTOMER_REPORT,Backup,19,Thursday,27,19,4,46,261045,23,45,Ready,Success
8459,JOB015,DAILY_ANALYTICS,Data Transfer,6,Saturday,12,26,2,8,17621,42,93,Not Ready,Failed
8460,JOB001,DAILY_SALES,Backup,23,Friday,17,15,8,64,1732,91,45,Ready,Success
8461,JOB018,VENDOR_DATA_SYNC,Backup,15,Tuesday,9,29,9,49,131271,35,85,Delayed,Success
8462,JOB002,MONTHLY_PAYROLL,Data Processing,19,Friday,0,18,0,76,441909,72,59,Ready,Failed
8463,JOB001,DAILY_SALES,Data Processing,0,Wednesday,20,8,0,106,285691,29,33,Delayed,Failed
8464,JOB017,INVOICE_PROCESSING,Data Transfer,0,Saturday,17,11,9,79,217881,53,52,Ready,Success
8465,JOB007,CUSTOMER_REPORT,Data Processing,16,Tuesday,18,13,3,70,102128,37,76,Delayed,Failed
8466,JOB010,ORDER_PROCESSING,Data Processing,0,Thursday,1,29,1,86,390261,72,58,Ready,Success
8467,JOB012,DATABASE_BACKUP,Data Processing,20,Thursday,26,6,6,86,318815,35,20,Ready,Failed
8468,JOB013,LOG_CLEANUP,Backup,19,Tuesday,3,1,1,26,134526,81,56,Delayed,Success
8469,JOB008,SALES_REPORT,Backup,12,Sunday,10,16,6,16,423703,71,37,Delayed,Failed
8470,JOB009,STOCK_UPDATE,Data Processing,8,Thursday,2,10,7,85,162761,76,49,Ready,Success
8471,JOB009,STOCK_UPDATE,Reporting,14,Sunday,8,17,7,55,154679,91,46,Ready,Failed
8472,JOB004,DATA_TRANSFER,Data Processing,2,Tuesday,9,28,2,21,177337,83,79,Ready,Success
8473,JOB017,INVOICE_PROCESSING,Backup,13,Monday,27,11,8,40,116455,42,68,Ready,Success
8474,JOB017,INVOICE_PROCESSING,Reporting,22,Thursday,1,2,9,97,143647,59,49,Ready,Success
8475,JOB019,SYSTEM_MONITORING,Data Transfer,10,Sunday,6,20,9,53,462176,33,64,Ready,Success
8476,JOB019,SYSTEM_MONITORING,Reporting,23,Tuesday,14,13,9,20,171023,37,40,Ready,Failed
8477,JOB016,WAREHOUSE_UPDATE,Reporting,21,Tuesday,26,14,5,109,315720,55,73,Ready,Failed
8478,JOB003,INVENTORY_UPDATE,Data Transfer,11,Sunday,29,18,3,79,251308,58,35,Ready,Success
8479,JOB001,DAILY_SALES,Reporting,12,Thursday,18,9,7,48,378545,60,37,Ready,Success
8480,JOB005,BACKUP_JOB,Backup,12,Monday,9,8,3,111,17469,20,53,Ready,Success
8481,JOB010,ORDER_PROCESSING,Backup,0,Thursday,23,9,3,113,313874,90,40,Ready,Failed
8482,JOB018,VENDOR_DATA_SYNC,Data Transfer,23,Tuesday,19,19,7,26,253139,61,95,Ready,Failed
8483,JOB018,VENDOR_DATA_SYNC,Data Transfer,9,Monday,13,22,3,98,363464,43,50,Ready,Success
8484,JOB016,WAREHOUSE_UPDATE,Synchronization,2,Friday,3,3,0,12,228193,84,29,Delayed,Success
8485,JOB010,ORDER_PROCESSING,Reporting,23,Wednesday,24,18,5,114,274822,37,23,Ready,Success
8486,JOB003,INVENTORY_UPDATE,Data Transfer,3,Thursday,10,9,7,22,465453,33,34,Ready,Failed
8487,JOB017,INVOICE_PROCESSING,Data Processing,15,Saturday,2,16,2,114,323915,38,72,Ready,Failed
8488,JOB001,DAILY_SALES,Synchronization,7,Tuesday,22,29,1,84,217706,26,78,Ready,Failed
8489,JOB019,SYSTEM_MONITORING,Reporting,15,Monday,16,11,5,115,46699,83,74,Ready,Failed
8490,JOB007,CUSTOMER_REPORT,Backup,16,Sunday,6,24,0,88,108767,21,81,Delayed,Success
8491,JOB008,SALES_REPORT,Synchronization,18,Sunday,25,28,4,107,16002,26,61,Delayed,Failed
8492,JOB007,CUSTOMER_REPORT,Data Processing,21,Sunday,10,26,5,76,29389,47,47,Ready,Success
8493,JOB001,DAILY_SALES,Backup,14,Monday,17,0,7,98,245964,49,26,Ready,Failed
8494,JOB005,BACKUP_JOB,Backup,15,Friday,27,10,6,42,391682,92,30,Ready,Failed
8495,JOB013,LOG_CLEANUP,Synchronization,14,Thursday,13,12,5,33,216400,55,48,Delayed,Failed
8496,JOB010,ORDER_PROCESSING,Synchronization,1,Saturday,13,0,1,81,48971,41,53,Delayed,Success
8497,JOB014,MASTER_DATA_SYNC,Reporting,10,Sunday,5,0,7,85,292565,46,44,Delayed,Success
8498,JOB007,CUSTOMER_REPORT,Backup,0,Monday,30,29,7,108,89238,29,75,Ready,Failed
8499,JOB004,DATA_TRANSFER,Synchronization,14,Sunday,28,20,4,111,401187,41,59,Ready,Failed
8500,JOB014,MASTER_DATA_SYNC,Data Transfer,18,Friday,8,15,2,85,20235,42,82,Delayed,Failed
8501,JOB016,WAREHOUSE_UPDATE,Data Transfer,3,Tuesday,21,6,7,77,493917,71,69,Delayed,Failed
8502,JOB010,ORDER_PROCESSING,Synchronization,10,Sunday,2,22,4,6,207765,61,30,Ready,Success
8503,JOB004,DATA_TRANSFER,Synchronization,4,Friday,16,9,2,63,103460,60,79,Delayed,Failed
8504,JOB014,MASTER_DATA_SYNC,Reporting,2,Thursday,27,15,8,46,184465,67,83,Ready,Success
8505,JOB015,DAILY_ANALYTICS,Synchronization,12,Sunday,11,0,8,92,199138,88,23,Not Ready,Failed
8506,JOB003,INVENTORY_UPDATE,Data Transfer,9,Friday,30,21,6,25,394990,70,50,Delayed,Failed
8507,JOB002,MONTHLY_PAYROLL,Synchronization,10,Monday,3,8,7,114,314757,20,93,Ready,Success
8508,JOB014,MASTER_DATA_SYNC,Synchronization,17,Monday,19,5,4,6,8985,75,73,Ready,Success
8509,JOB013,LOG_CLEANUP,Backup,1,Wednesday,15,14,4,9,140379,90,75,Ready,Success
8510,JOB019,SYSTEM_MONITORING,Backup,6,Friday,28,3,4,21,467094,43,63,Ready,Failed
8511,JOB016,WAREHOUSE_UPDATE,Synchronization,8,Tuesday,23,14,1,28,195268,34,24,Ready,Success
8512,JOB003,INVENTORY_UPDATE,Data Transfer,9,Sunday,9,9,2,12,293263,94,86,Ready,Failed
8513,JOB002,MONTHLY_PAYROLL,Data Processing,17,Saturday,25,24,7,34,481383,63,87,Not Ready,Failed
8514,JOB008,SALES_REPORT,Data Processing,22,Saturday,29,15,5,54,57808,68,28,Ready,Success
8515,JOB001,DAILY_SALES,Synchronization,6,Thursday,28,12,8,26,245740,68,23,Ready,Success
8516,JOB017,INVOICE_PROCESSING,Synchronization,6,Wednesday,6,18,6,63,346413,87,93,Not Ready,Failed
8517,JOB012,DATABASE_BACKUP,Backup,2,Friday,9,28,5,28,446113,93,35,Ready,Failed
8518,JOB014,MASTER_DATA_SYNC,Backup,11,Tuesday,6,25,3,30,61587,56,89,Ready,Failed
8519,JOB014,MASTER_DATA_SYNC,Data Processing,6,Wednesday,22,19,6,65,440494,93,34,Ready,Success
8520,JOB017,INVOICE_PROCESSING,Backup,16,Monday,27,3,3,12,245966,61,71,Ready,Success
8521,JOB006,FINANCE_REPORT,Reporting,0,Thursday,17,19,6,16,282375,78,50,Ready,Success
8522,JOB003,INVENTORY_UPDATE,Synchronization,4,Sunday,8,21,4,18,107318,94,63,Ready,Failed
8523,JOB006,FINANCE_REPORT,Backup,15,Sunday,21,28,1,34,460378,29,55,Ready,Failed
8524,JOB006,FINANCE_REPORT,Data Transfer,14,Sunday,17,15,6,59,293172,72,21,Delayed,Success
8525,JOB004,DATA_TRANSFER,Data Processing,1,Friday,16,10,7,103,105265,61,47,Ready,Success
8526,JOB007,CUSTOMER_REPORT,Backup,8,Saturday,10,14,9,65,32143,27,59,Ready,Success
8527,JOB004,DATA_TRANSFER,Backup,6,Tuesday,0,10,1,66,178464,94,82,Delayed,Failed
8528,JOB018,VENDOR_DATA_SYNC,Data Transfer,3,Sunday,16,22,5,35,439794,43,82,Delayed,Failed
8529,JOB003,INVENTORY_UPDATE,Backup,19,Sunday,3,29,3,96,24975,70,36,Ready,Success
8530,JOB003,INVENTORY_UPDATE,Data Transfer,17,Monday,3,24,4,114,322127,90,57,Ready,Failed
8531,JOB015,DAILY_ANALYTICS,Reporting,20,Wednesday,13,29,0,31,224406,79,55,Ready,Success
8532,JOB019,SYSTEM_MONITORING,Reporting,3,Sunday,27,10,5,104,159593,40,51,Ready,Failed
8533,JOB011,EMPLOYEE_DATA_SYNC,Reporting,12,Thursday,8,2,7,5,253890,72,73,Ready,Failed
8534,JOB015,DAILY_ANALYTICS,Backup,0,Wednesday,12,23,1,45,474011,25,78,Ready,Success
8535,JOB005,BACKUP_JOB,Reporting,23,Saturday,27,23,0,18,404829,50,44,Delayed,Success
8536,JOB007,CUSTOMER_REPORT,Data Processing,2,Wednesday,27,16,8,78,189652,31,33,Delayed,Failed
8537,JOB001,DAILY_SALES,Backup,15,Tuesday,15,4,1,54,413657,32,63,Ready,Success
8538,JOB002,MONTHLY_PAYROLL,Synchronization,21,Monday,0,12,7,46,465619,68,44,Ready,Failed
8539,JOB007,CUSTOMER_REPORT,Synchronization,3,Friday,2,9,4,75,59311,50,54,Ready,Success
8540,JOB020,ARCHIVE_JOB,Reporting,22,Tuesday,18,4,1,44,56088,28,66,Ready,Success
8541,JOB008,SALES_REPORT,Data Processing,15,Saturday,7,11,4,18,95650,46,66,Ready,Success
8542,JOB011,EMPLOYEE_DATA_SYNC,Reporting,18,Thursday,17,7,8,104,90125,72,36,Ready,Success
8543,JOB016,WAREHOUSE_UPDATE,Data Transfer,0,Saturday,5,23,5,95,77559,70,42,Ready,Success
8544,JOB014,MASTER_DATA_SYNC,Backup,4,Saturday,26,11,2,15,482143,91,36,Ready,Success
8545,JOB019,SYSTEM_MONITORING,Synchronization,18,Wednesday,19,15,7,67,226111,46,48,Ready,Success
8546,JOB005,BACKUP_JOB,Data Processing,21,Thursday,28,1,0,110,75747,59,21,Ready,Success
8547,JOB003,INVENTORY_UPDATE,Data Processing,23,Tuesday,25,2,8,53,164578,81,30,Delayed,Failed
8548,JOB004,DATA_TRANSFER,Backup,10,Saturday,5,17,8,41,330686,77,35,Delayed,Failed
8549,JOB011,EMPLOYEE_DATA_SYNC,Reporting,12,Tuesday,28,16,3,110,371202,34,70,Ready,Failed
8550,JOB008,SALES_REPORT,Reporting,19,Sunday,4,1,7,14,403249,58,40,Ready,Failed
8551,JOB001,DAILY_SALES,Reporting,4,Sunday,11,25,2,58,456290,89,40,Delayed,Success
8552,JOB015,DAILY_ANALYTICS,Synchronization,20,Sunday,8,21,5,11,35971,27,25,Ready,Success
8553,JOB012,DATABASE_BACKUP,Data Transfer,3,Friday,8,11,9,85,409280,54,65,Ready,Success
8554,JOB007,CUSTOMER_REPORT,Data Processing,3,Wednesday,16,16,9,120,65705,82,42,Ready,Success
8555,JOB014,MASTER_DATA_SYNC,Data Transfer,3,Tuesday,18,5,7,16,386836,50,77,Ready,Success
8556,JOB013,LOG_CLEANUP,Backup,3,Sunday,16,16,8,105,360584,61,76,Not Ready,Failed
8557,JOB010,ORDER_PROCESSING,Data Transfer,19,Sunday,21,1,7,105,56935,85,80,Ready,Failed
8558,JOB001,DAILY_SALES,Data Processing,20,Thursday,15,7,8,59,488227,60,58,Ready,Success
8559,JOB019,SYSTEM_MONITORING,Reporting,17,Saturday,11,13,3,40,324249,20,64,Ready,Success
8560,JOB005,BACKUP_JOB,Reporting,17,Sunday,2,5,9,11,200805,93,48,Ready,Success
8561,JOB002,MONTHLY_PAYROLL,Synchronization,15,Friday,13,8,0,28,371349,52,50,Delayed,Success
8562,JOB013,LOG_CLEANUP,Synchronization,8,Thursday,16,0,6,38,104970,56,21,Ready,Failed
8563,JOB015,DAILY_ANALYTICS,Synchronization,17,Wednesday,21,4,9,69,286934,76,56,Ready,Success
8564,JOB011,EMPLOYEE_DATA_SYNC,Data Processing,21,Friday,15,6,3,33,436240,30,63,Ready,Success
8565,JOB008,SALES_REPORT,Synchronization,1,Friday,20,8,0,30,46241,66,89,Ready,Failed
8566,JOB019,SYSTEM_MONITORING,Synchronization,20,Friday,11,13,2,78,19892,85,82,Not Ready,Failed
8567,JOB014,MASTER_DATA_SYNC,Data Transfer,3,Saturday,27,26,6,69,166558,23,94,Ready,Failed
8568,JOB012,DATABASE_BACKUP,Data Transfer,11,Sunday,23,8,2,49,424300,74,72,Ready,Success
8569,JOB005,BACKUP_JOB,Data Transfer,6,Monday,29,3,0,21,274668,31,95,Not Ready,Success
8570,JOB017,INVOICE_PROCESSING,Synchronization,14,Friday,1,28,6,109,475517,85,22,Ready,Failed
8571,JOB011,EMPLOYEE_DATA_SYNC,Synchronization,6,Thursday,7,19,7,40,265737,56,38,Ready,Success
8572,JOB012,DATABASE_BACKUP,Backup,21,Thursday,11,14,4,77,117160,42,64,Ready,Success
8573,JOB001,DAILY_SALES,Synchronization,20,Wednesday,20,3,5,107,165538,74,80,Ready,Success
8574,JOB017,INVOICE_PROCESSING,Synchronization,16,Tuesday,15,2,2,67,467320,38,74,Ready,Failed
8575,JOB007,CUSTOMER_REPORT,Synchronization,15,Tuesday,7,23,4,27,56602,86,90,Delayed,Success
8576,JOB012,DATABASE_BACKUP,Data Transfer,18,Monday,27,20,2,97,452504,42,95,Delayed,Failed
8577,JOB016,WAREHOUSE_UPDATE,Synchronization,8,Saturday,15,22,1,70,484464,23,48,Ready,Success
8578,JOB012,DATABASE_BACKUP,Data Transfer,13,Sunday,9,25,6,86,395441,37,67,Delayed,Success
8579,JOB002,MONTHLY_PAYROLL,Data Transfer,16,Saturday,19,21,9,96,341860,31,91,Ready,Failed
8580,JOB019,SYSTEM_MONITORING,Data Processing,4,Sunday,14,13,6,115,233078,54,82,Ready,Failed
8581,JOB015,DAILY_ANALYTICS,Synchronization,1,Friday,3,8,7,46,63060,46,40,Ready,Success
8582,JOB014,MASTER_DATA_SYNC,Data Transfer,19,Sunday,25,29,0,117,363652,62,76,Ready,Success
8583,JOB008,SALES_REPORT,Data Transfer,15,Monday,30,18,1,75,119014,86,32,Delayed,Failed
8584,JOB006,FINANCE_REPORT,Data Transfer,13,Wednesday,14,5,1,79,461980,88,46,Ready,Failed
8585,JOB006,FINANCE_REPORT,Synchronization,13,Wednesday,3,2,2,75,142720,83,87,Ready,Failed
8586,JOB005,BACKUP_JOB,Backup,0,Tuesday,29,17,6,47,399164,71,83,Ready,Failed
8587,JOB014,MASTER_DATA_SYNC,Synchronization,2,Wednesday,10,15,6,92,163768,36,28,Ready,Failed
8588,JOB004,DATA_TRANSFER,Synchronization,6,Friday,30,2,6,59,21186,52,93,Ready,Failed
8589,JOB015,DAILY_ANALYTICS,Backup,14,Thursday,5,1,0,60,462851,91,94,Ready,Success
8590,JOB003,INVENTORY_UPDATE,Synchronization,18,Wednesday,3,1,1,83,94846,71,26,Not Ready,Failed
8591,JOB019,SYSTEM_MONITORING,Data Processing,19,Monday,8,25,7,35,309070,54,30,Ready,Success
8592,JOB017,INVOICE_PROCESSING,Data Processing,1,Friday,8,26,8,119,412138,39,47,Ready,Failed
8593,JOB012,DATABASE_BACKUP,Synchronization,18,Wednesday,2,22,9,87,59912,64,91,Ready,Success
8594,JOB018,VENDOR_DATA_SYNC,Data Processing,8,Saturday,22,9,6,60,323758,87,46,Delayed,Failed
8595,JOB018,VENDOR_DATA_SYNC,Data Transfer,18,Sunday,27,14,0,78,250924,69,41,Ready,Failed
8596,JOB018,VENDOR_DATA_SYNC,Reporting,4,Wednesday,4,2,3,52,239169,77,61,Ready,Success
8597,JOB015,DAILY_ANALYTICS,Synchronization,17,Saturday,14,7,9,56,371704,49,51,Ready,Success
8598,JOB012,DATABASE_BACKUP,Backup,15,Friday,27,28,7,76,425784,89,33,Delayed,Failed
8599,JOB016,WAREHOUSE_UPDATE,Data Transfer,3,Wednesday,8,17,4,5,251734,21,45,Delayed,Success
8600,JOB002,MONTHLY_PAYROLL,Backup,11,Saturday,1,26,0,6,139050,53,74,Ready,Success
8601,JOB013,LOG_CLEANUP,Backup,6,Thursday,2,10,6,97,13098,71,94,Not Ready,Failed
8602,JOB019,SYSTEM_MONITORING,Reporting,13,Tuesday,25,6,5,46,34313,35,90,Delayed,Failed
8603,JOB015,DAILY_ANALYTICS,Data Processing,22,Friday,20,18,8,78,326383,62,74,Ready,Success
8604,JOB007,CUSTOMER_REPORT,Backup,11,Saturday,11,24,3,110,236308,83,64,Ready,Success
8605,JOB008,SALES_REPORT,Synchronization,2,Monday,15,6,3,13,236579,46,49,Delayed,Success
8606,JOB014,MASTER_DATA_SYNC,Synchronization,4,Wednesday,4,24,7,118,304287,84,85,Ready,Failed
8607,JOB017,INVOICE_PROCESSING,Data Transfer,16,Saturday,9,1,3,35,50989,32,45,Ready,Success
8608,JOB002,MONTHLY_PAYROLL,Data Transfer,9,Sunday,27,5,2,100,379724,59,20,Ready,Failed
8609,JOB018,VENDOR_DATA_SYNC,Backup,9,Saturday,14,4,6,6,215380,51,43,Ready,Failed
8610,JOB005,BACKUP_JOB,Reporting,10,Saturday,13,13,4,28,188389,86,74,Ready,Failed
8611,JOB006,FINANCE_REPORT,Data Processing,16,Sunday,13,17,8,105,453501,33,84,Delayed,Success
8612,JOB019,SYSTEM_MONITORING,Reporting,4,Tuesday,22,3,4,47,146312,77,44,Ready,Success
8613,JOB014,MASTER_DATA_SYNC,Reporting,12,Sunday,12,3,8,74,18841,65,61,Ready,Failed
8614,JOB013,LOG_CLEANUP,Data Transfer,9,Sunday,15,23,5,76,77998,94,63,Ready,Failed
8615,JOB003,INVENTORY_UPDATE,Data Processing,8,Monday,29,12,5,108,282328,78,88,Ready,Failed
8616,JOB019,SYSTEM_MONITORING,Backup,16,Sunday,7,22,5,93,168143,84,31,Ready,Success
8617,JOB004,DATA_TRANSFER,Reporting,0,Monday,7,28,6,110,257722,52,27,Ready,Success
8618,JOB014,MASTER_DATA_SYNC,Backup,3,Thursday,29,20,3,47,391511,65,82,Delayed,Failed
8619,JOB010,ORDER_PROCESSING,Data Transfer,3,Sunday,16,24,3,55,420245,73,39,Delayed,Success
8620,JOB013,LOG_CLEANUP,Backup,17,Tuesday,29,0,8,93,373275,85,59,Ready,Failed
8621,JOB013,LOG_CLEANUP,Synchronization,8,Sunday,16,19,6,50,155742,23,92,Ready,Success
8622,JOB017,INVOICE_PROCESSING,Data Processing,17,Saturday,2,4,9,79,253233,73,24,Ready,Success
8623,JOB016,WAREHOUSE_UPDATE,Reporting,13,Friday,0,23,5,103,495806,23,20,Ready,Success
8624,JOB017,INVOICE_PROCESSING,Data Transfer,14,Tuesday,16,2,0,5,270633,36,30,Ready,Success
8625,JOB020,ARCHIVE_JOB,Backup,5,Sunday,25,29,6,91,215164,92,23,Ready,Failed
8626,JOB008,SALES_REPORT,Data Transfer,23,Tuesday,23,27,5,71,16767,93,57,Ready,Success
8627,JOB018,VENDOR_DATA_SYNC,Synchronization,9,Monday,15,20,3,109,330391,90,36,Not Ready,Failed
8628,JOB009,STOCK_UPDATE,Data Transfer,14,Thursday,16,18,7,5,235872,92,87,Ready,Success
8629,JOB015,DAILY_ANALYTICS,Data Processing,3,Thursday,24,12,6,67,419572,74,51,Ready,Success
8630,JOB010,ORDER_PROCESSING,Data Processing,17,Tuesday,1,6,7,112,24871,67,24,Delayed,Failed
8631,JOB011,EMPLOYEE_DATA_SYNC,Data Processing,17,Tuesday,24,9,8,80,215020,68,41,Ready,Failed
8632,JOB005,BACKUP_JOB,Synchronization,16,Sunday,13,2,0,106,122233,42,86,Ready,Failed
8633,JOB008,SALES_REPORT,Data Processing,11,Wednesday,6,22,2,66,112219,46,30,Ready,Success
8634,JOB004,DATA_TRANSFER,Synchronization,6,Saturday,24,29,1,65,494770,44,44,Ready,Success
8635,JOB006,FINANCE_REPORT,Reporting,15,Monday,18,1,2,44,49164,43,61,Ready,Success
8636,JOB017,INVOICE_PROCESSING,Synchronization,10,Saturday,0,6,1,99,185373,39,54,Ready,Success
8637,JOB006,FINANCE_REPORT,Backup,13,Friday,16,8,5,33,333063,72,78,Delayed,Failed
8638,JOB015,DAILY_ANALYTICS,Data Processing,2,Friday,26,27,8,39,139523,93,67,Ready,Failed
8639,JOB003,INVENTORY_UPDATE,Data Transfer,18,Thursday,30,20,1,96,119357,45,22,Ready,Failed
8640,JOB016,WAREHOUSE_UPDATE,Synchronization,17,Monday,9,11,3,89,174100,79,43,Not Ready,Success
8641,JOB011,EMPLOYEE_DATA_SYNC,Reporting,9,Saturday,5,21,4,15,222467,21,88,Ready,Success
8642,JOB002,MONTHLY_PAYROLL,Backup,5,Thursday,6,28,4,94,452392,22,52,Ready,Success
8643,JOB013,LOG_CLEANUP,Reporting,12,Friday,24,9,0,15,235053,75,89,Delayed,Failed
8644,JOB019,SYSTEM_MONITORING,Reporting,9,Tuesday,5,26,5,67,318386,85,66,Ready,Success
8645,JOB006,FINANCE_REPORT,Backup,17,Monday,4,18,4,73,326673,44,72,Ready,Success
8646,JOB015,DAILY_ANALYTICS,Data Processing,19,Monday,29,12,5,60,299400,87,64,Delayed,Failed
8647,JOB011,EMPLOYEE_DATA_SYNC,Data Transfer,15,Saturday,1,9,3,11,226551,34,90,Ready,Success
8648,JOB018,VENDOR_DATA_SYNC,Backup,5,Sunday,17,4,5,55,135284,26,76,Ready,Success
8649,JOB019,SYSTEM_MONITORING,Data Processing,12,Wednesday,23,28,8,99,67452,90,89,Ready,Failed
8650,JOB011,EMPLOYEE_DATA_SYNC,Data Processing,3,Saturday,30,14,0,43,157218,60,59,Not Ready,Success
8651,JOB009,STOCK_UPDATE,Synchronization,22,Tuesday,16,20,5,46,159447,79,22,Ready,Success
8652,JOB018,VENDOR_DATA_SYNC,Data Processing,13,Sunday,23,2,0,76,52246,63,68,Ready,Success
8653,JOB003,INVENTORY_UPDATE,Backup,0,Sunday,26,7,6,57,143502,52,33,Ready,Success
8654,JOB009,STOCK_UPDATE,Data Processing,19,Sunday,25,5,3,95,96853,85,39,Not Ready,Failed
8655,JOB012,DATABASE_BACKUP,Synchronization,4,Tuesday,26,28,5,25,498789,42,85,Ready,Failed
8656,JOB014,MASTER_DATA_SYNC,Synchronization,7,Thursday,22,18,6,34,341439,83,44,Not Ready,Failed
8657,JOB013,LOG_CLEANUP,Data Transfer,11,Monday,6,16,4,82,251666,25,23,Ready,Success
8658,JOB020,ARCHIVE_JOB,Backup,1,Thursday,20,9,8,5,433026,82,60,Ready,Failed
8659,JOB011,EMPLOYEE_DATA_SYNC,Backup,11,Tuesday,18,0,7,113,435796,62,82,Delayed,Failed
8660,JOB005,BACKUP_JOB,Data Transfer,4,Wednesday,6,12,2,28,423564,44,67,Ready,Success
8661,JOB002,MONTHLY_PAYROLL,Backup,21,Monday,22,26,0,10,474457,27,74,Ready,Success
8662,JOB007,CUSTOMER_REPORT,Reporting,4,Tuesday,6,9,9,10,91882,56,21,Ready,Failed
8663,JOB014,MASTER_DATA_SYNC,Synchronization,12,Wednesday,15,11,7,73,40499,78,42,Ready,Failed
8664,JOB016,WAREHOUSE_UPDATE,Reporting,8,Saturday,11,1,3,66,162798,47,67,Delayed,Success
8665,JOB008,SALES_REPORT,Data Processing,9,Friday,14,9,6,39,120481,72,34,Not Ready,Success
8666,JOB020,ARCHIVE_JOB,Data Transfer,0,Sunday,14,20,3,112,209147,90,70,Not Ready,Failed
8667,JOB010,ORDER_PROCESSING,Reporting,2,Tuesday,10,22,6,83,453174,74,43,Delayed,Failed
8668,JOB008,SALES_REPORT,Data Processing,17,Friday,1,0,0,39,246824,55,39,Not Ready,Failed
8669,JOB011,EMPLOYEE_DATA_SYNC,Backup,11,Thursday,2,0,0,52,266842,81,75,Not Ready,Failed
8670,JOB019,SYSTEM_MONITORING,Backup,2,Friday,18,19,1,118,296113,34,57,Ready,Success
8671,JOB003,INVENTORY_UPDATE,Data Processing,8,Tuesday,19,28,4,109,398453,73,44,Ready,Failed
8672,JOB012,DATABASE_BACKUP,Data Processing,1,Friday,27,25,9,76,345014,80,71,Ready,Failed
8673,JOB019,SYSTEM_MONITORING,Data Processing,2,Sunday,24,14,5,47,282697,73,70,Ready,Success
8674,JOB003,INVENTORY_UPDATE,Data Processing,13,Monday,25,21,1,39,394208,88,66,Delayed,Failed
8675,JOB007,CUSTOMER_REPORT,Data Processing,3,Tuesday,14,24,0,9,266008,48,87,Not Ready,Failed
8676,JOB005,BACKUP_JOB,Data Transfer,18,Wednesday,15,0,8,35,302272,46,83,Ready,Failed
8677,JOB012,DATABASE_BACKUP,Data Processing,12,Friday,0,26,6,110,16326,87,62,Ready,Failed
8678,JOB020,ARCHIVE_JOB,Backup,6,Monday,14,25,7,35,399628,31,90,Ready,Success
8679,JOB019,SYSTEM_MONITORING,Backup,11,Sunday,30,20,5,105,188899,42,76,Delayed,Failed
8680,JOB013,LOG_CLEANUP,Data Transfer,2,Thursday,11,8,8,12,272493,69,58,Not Ready,Failed
8681,JOB004,DATA_TRANSFER,Data Processing,22,Thursday,6,23,7,10,314605,94,48,Ready,Failed
8682,JOB020,ARCHIVE_JOB,Synchronization,22,Sunday,6,6,3,91,236803,95,45,Ready,Failed
8683,JOB019,SYSTEM_MONITORING,Backup,8,Friday,10,15,4,57,492621,92,33,Ready,Failed
8684,JOB007,CUSTOMER_REPORT,Data Processing,1,Thursday,19,15,1,84,165216,46,83,Ready,Success
8685,JOB013,LOG_CLEANUP,Synchronization,21,Wednesday,28,12,0,48,337077,78,66,Delayed,Success
8686,JOB019,SYSTEM_MONITORING,Synchronization,8,Tuesday,10,9,5,53,209524,28,39,Ready,Failed
8687,JOB002,MONTHLY_PAYROLL,Reporting,11,Monday,16,17,2,12,409588,52,26,Not Ready,Failed
8688,JOB008,SALES_REPORT,Synchronization,11,Saturday,2,8,3,68,63586,89,93,Not Ready,Success
8689,JOB002,MONTHLY_PAYROLL,Synchronization,14,Friday,15,11,0,8,109553,70,86,Ready,Success
8690,JOB009,STOCK_UPDATE,Backup,1,Thursday,4,28,5,36,430647,59,72,Ready,Success
8691,JOB020,ARCHIVE_JOB,Synchronization,17,Tuesday,27,23,7,57,243854,25,84,Ready,Failed
8692,JOB012,DATABASE_BACKUP,Synchronization,12,Saturday,1,12,9,117,125514,23,49,Ready,Success
8693,JOB016,WAREHOUSE_UPDATE,Backup,13,Wednesday,22,10,3,71,326326,22,85,Delayed,Failed
8694,JOB008,SALES_REPORT,Reporting,4,Thursday,29,14,9,67,285822,32,34,Ready,Failed
8695,JOB018,VENDOR_DATA_SYNC,Reporting,9,Thursday,25,9,7,118,165900,45,94,Ready,Failed
8696,JOB016,WAREHOUSE_UPDATE,Data Processing,11,Monday,25,9,9,84,457568,53,89,Delayed,Failed
8697,JOB001,DAILY_SALES,Data Processing,9,Wednesday,6,8,2,64,192239,72,89,Ready,Success
8698,JOB002,MONTHLY_PAYROLL,Synchronization,23,Wednesday,27,24,6,102,186817,66,76,Delayed,Failed
8699,JOB005,BACKUP_JOB,Synchronization,10,Friday,9,24,2,81,22947,27,44,Ready,Success
8700,JOB003,INVENTORY_UPDATE,Data Processing,1,Saturday,4,2,5,37,246077,95,42,Ready,Success
8701,JOB010,ORDER_PROCESSING,Data Processing,4,Monday,14,22,3,26,71660,27,31,Ready,Success
8702,JOB013,LOG_CLEANUP,Synchronization,6,Friday,11,15,5,35,304993,38,67,Delayed,Failed
8703,JOB010,ORDER_PROCESSING,Backup,5,Monday,9,11,6,28,96457,93,29,Ready,Failed
8704,JOB015,DAILY_ANALYTICS,Backup,21,Wednesday,30,16,7,7,215554,51,36,Ready,Failed
8705,JOB017,INVOICE_PROCESSING,Backup,22,Monday,21,24,5,37,151651,40,71,Ready,Failed
8706,JOB007,CUSTOMER_REPORT,Data Processing,2,Monday,16,29,3,98,111994,83,21,Not Ready,Success
8707,JOB007,CUSTOMER_REPORT,Reporting,12,Monday,19,14,8,30,163730,42,79,Ready,Success
8708,JOB003,INVENTORY_UPDATE,Data Processing,2,Tuesday,19,24,6,102,100114,90,76,Ready,Failed
8709,JOB015,DAILY_ANALYTICS,Backup,23,Tuesday,10,2,8,55,10250,61,92,Delayed,Failed
8710,JOB014,MASTER_DATA_SYNC,Data Transfer,20,Saturday,7,4,2,90,223444,54,66,Not Ready,Failed
8711,JOB007,CUSTOMER_REPORT,Backup,5,Saturday,14,27,4,34,162235,21,90,Ready,Failed
8712,JOB005,BACKUP_JOB,Data Transfer,10,Sunday,1,12,0,39,159194,90,32,Ready,Success
8713,JOB008,SALES_REPORT,Backup,16,Wednesday,16,23,7,29,452071,95,93,Ready,Failed
8714,JOB016,WAREHOUSE_UPDATE,Backup,9,Monday,22,5,0,32,469790,71,41,Ready,Success
8715,JOB018,VENDOR_DATA_SYNC,Data Transfer,11,Wednesday,5,25,0,101,202020,36,47,Ready,Success
8716,JOB019,SYSTEM_MONITORING,Backup,16,Tuesday,20,25,6,91,136470,28,74,Ready,Failed
8717,JOB010,ORDER_PROCESSING,Data Transfer,3,Monday,27,8,7,30,239693,71,69,Ready,Failed
8718,JOB004,DATA_TRANSFER,Data Transfer,1,Friday,12,29,2,77,160308,22,38,Not Ready,Success
8719,JOB001,DAILY_SALES,Data Processing,10,Tuesday,28,28,1,12,252191,41,20,Ready,Success
8720,JOB007,CUSTOMER_REPORT,Reporting,6,Tuesday,28,18,6,105,185401,73,87,Ready,Success
8721,JOB013,LOG_CLEANUP,Data Processing,1,Tuesday,7,27,9,101,394873,55,75,Delayed,Failed
8722,JOB011,EMPLOYEE_DATA_SYNC,Reporting,17,Sunday,10,6,4,19,56488,58,33,Ready,Success
8723,JOB011,EMPLOYEE_DATA_SYNC,Reporting,20,Monday,14,12,0,53,457927,37,83,Delayed,Failed
8724,JOB008,SALES_REPORT,Backup,3,Saturday,12,21,1,115,99356,46,88,Ready,Success
8725,JOB002,MONTHLY_PAYROLL,Data Transfer,7,Thursday,17,29,2,12,448478,86,41,Ready,Success
8726,JOB005,BACKUP_JOB,Reporting,19,Friday,17,4,5,59,177472,32,63,Ready,Success
8727,JOB008,SALES_REPORT,Reporting,13,Friday,24,15,0,89,149564,36,68,Delayed,Success
8728,JOB019,SYSTEM_MONITORING,Reporting,11,Wednesday,16,3,7,62,34754,80,55,Ready,Failed
8729,JOB018,VENDOR_DATA_SYNC,Data Transfer,21,Monday,21,4,1,7,482162,37,88,Ready,Success
8730,JOB014,MASTER_DATA_SYNC,Synchronization,20,Saturday,12,28,4,13,320343,36,53,Ready,Success
8731,JOB018,VENDOR_DATA_SYNC,Reporting,17,Tuesday,28,19,7,120,120424,75,56,Ready,Success
8732,JOB017,INVOICE_PROCESSING,Data Transfer,10,Thursday,2,18,4,18,337082,67,70,Ready,Success
8733,JOB006,FINANCE_REPORT,Data Transfer,7,Monday,30,22,7,106,382791,35,56,Delayed,Failed
8734,JOB003,INVENTORY_UPDATE,Synchronization,1,Monday,28,5,5,95,100079,44,44,Ready,Success
8735,JOB005,BACKUP_JOB,Data Processing,14,Sunday,20,3,6,24,10106,84,24,Not Ready,Failed
8736,JOB017,INVOICE_PROCESSING,Reporting,8,Saturday,23,24,7,8,242846,46,27,Ready,Failed
8737,JOB003,INVENTORY_UPDATE,Synchronization,18,Thursday,6,0,2,28,90359,33,72,Ready,Success
8738,JOB008,SALES_REPORT,Synchronization,19,Tuesday,28,16,4,95,165345,69,46,Ready,Failed
8739,JOB003,INVENTORY_UPDATE,Data Processing,7,Monday,11,8,9,80,233674,48,80,Not Ready,Failed
8740,JOB008,SALES_REPORT,Reporting,18,Friday,3,15,6,32,158505,47,84,Ready,Success
8741,JOB017,INVOICE_PROCESSING,Synchronization,4,Friday,23,22,8,103,228339,40,90,Ready,Success
8742,JOB004,DATA_TRANSFER,Synchronization,10,Thursday,26,1,5,92,218180,43,64,Not Ready,Failed
8743,JOB009,STOCK_UPDATE,Data Processing,14,Tuesday,26,10,9,35,175269,65,22,Ready,Success
8744,JOB005,BACKUP_JOB,Synchronization,7,Thursday,25,25,0,71,377405,79,80,Ready,Failed
8745,JOB001,DAILY_SALES,Backup,18,Monday,10,4,7,98,405321,39,69,Not Ready,Failed
8746,JOB011,EMPLOYEE_DATA_SYNC,Reporting,22,Sunday,13,12,5,68,348065,71,67,Ready,Failed
8747,JOB009,STOCK_UPDATE,Reporting,7,Sunday,17,19,0,95,425957,41,92,Delayed,Failed
8748,JOB006,FINANCE_REPORT,Data Processing,18,Friday,6,16,3,21,115452,87,66,Ready,Success
8749,JOB016,WAREHOUSE_UPDATE,Synchronization,17,Sunday,4,27,5,10,261388,35,33,Ready,Success
8750,JOB006,FINANCE_REPORT,Backup,9,Wednesday,15,28,9,115,443628,40,38,Ready,Failed
8751,JOB002,MONTHLY_PAYROLL,Backup,6,Thursday,10,24,0,111,59053,63,81,Ready,Failed
8752,JOB015,DAILY_ANALYTICS,Backup,8,Sunday,21,14,9,86,134023,81,25,Ready,Failed
8753,JOB003,INVENTORY_UPDATE,Synchronization,0,Wednesday,2,21,4,64,396586,40,26,Ready,Success
8754,JOB013,LOG_CLEANUP,Data Transfer,18,Wednesday,15,26,2,103,105457,30,32,Ready,Failed
8755,JOB006,FINANCE_REPORT,Data Processing,4,Saturday,10,28,6,95,311212,79,65,Ready,Failed
8756,JOB018,VENDOR_DATA_SYNC,Data Transfer,18,Friday,9,29,7,85,42047,56,52,Ready,Success
8757,JOB012,DATABASE_BACKUP,Data Processing,0,Thursday,22,11,2,15,154939,63,60,Ready,Success
8758,JOB001,DAILY_SALES,Reporting,14,Wednesday,22,5,9,42,209189,41,92,Ready,Failed
8759,JOB012,DATABASE_BACKUP,Reporting,15,Monday,1,19,2,105,487622,85,88,Ready,Failed
8760,JOB002,MONTHLY_PAYROLL,Synchronization,22,Sunday,15,12,2,110,200342,62,48,Ready,Success
8761,JOB010,ORDER_PROCESSING,Data Processing,6,Saturday,16,17,5,38,199864,94,26,Not Ready,Failed
8762,JOB004,DATA_TRANSFER,Data Transfer,11,Tuesday,9,23,5,51,51224,40,73,Ready,Success
8763,JOB009,STOCK_UPDATE,Reporting,7,Sunday,17,14,2,36,389631,52,30,Delayed,Failed
8764,JOB007,CUSTOMER_REPORT,Synchronization,4,Sunday,11,14,5,111,381753,36,61,Ready,Success
8765,JOB012,DATABASE_BACKUP,Reporting,9,Sunday,7,7,8,61,233345,55,24,Ready,Success
8766,JOB002,MONTHLY_PAYROLL,Data Transfer,20,Saturday,26,18,7,50,246353,33,66,Not Ready,Failed
8767,JOB015,DAILY_ANALYTICS,Data Processing,4,Tuesday,25,22,6,114,56094,56,21,Delayed,Failed
8768,JOB017,INVOICE_PROCESSING,Backup,16,Friday,2,13,6,39,273646,50,62,Delayed,Failed
8769,JOB019,SYSTEM_MONITORING,Reporting,4,Thursday,26,6,7,96,50130,23,23,Delayed,Failed
8770,JOB012,DATABASE_BACKUP,Data Processing,21,Thursday,19,13,6,26,430261,25,82,Delayed,Failed
8771,JOB016,WAREHOUSE_UPDATE,Reporting,14,Tuesday,23,4,2,20,70505,69,78,Delayed,Failed
8772,JOB006,FINANCE_REPORT,Data Processing,12,Sunday,2,14,7,114,110213,57,49,Delayed,Failed
8773,JOB005,BACKUP_JOB,Data Transfer,0,Monday,5,20,7,110,238296,24,21,Ready,Success
8774,JOB017,INVOICE_PROCESSING,Backup,10,Tuesday,1,14,0,108,199096,57,93,Ready,Success
8775,JOB019,SYSTEM_MONITORING,Reporting,22,Tuesday,2,23,9,80,27234,43,62,Ready,Success
8776,JOB010,ORDER_PROCESSING,Synchronization,0,Thursday,16,3,4,9,437243,37,37,Ready,Success
8777,JOB009,STOCK_UPDATE,Synchronization,10,Wednesday,8,0,4,94,11807,51,43,Ready,Success
8778,JOB011,EMPLOYEE_DATA_SYNC,Reporting,17,Monday,3,16,0,30,176049,90,56,Ready,Failed
8779,JOB010,ORDER_PROCESSING,Data Processing,17,Thursday,21,24,5,81,363635,91,49,Ready,Success
8780,JOB015,DAILY_ANALYTICS,Data Processing,20,Saturday,30,19,5,28,481346,49,88,Ready,Failed
8781,JOB014,MASTER_DATA_SYNC,Reporting,15,Tuesday,22,0,3,112,247030,49,78,Ready,Failed
8782,JOB016,WAREHOUSE_UPDATE,Data Processing,12,Wednesday,1,15,5,71,459056,24,42,Ready,Success
8783,JOB012,DATABASE_BACKUP,Reporting,6,Monday,23,12,5,36,475799,23,49,Ready,Success
8784,JOB015,DAILY_ANALYTICS,Data Transfer,0,Friday,27,17,0,27,10788,70,87,Ready,Failed
8785,JOB014,MASTER_DATA_SYNC,Backup,15,Monday,8,9,4,53,373166,28,60,Ready,Success
8786,JOB012,DATABASE_BACKUP,Data Processing,0,Monday,13,22,1,120,374019,74,70,Ready,Success
8787,JOB017,INVOICE_PROCESSING,Backup,16,Sunday,25,17,6,105,410965,52,86,Ready,Failed
8788,JOB009,STOCK_UPDATE,Data Transfer,5,Tuesday,10,16,8,66,44491,50,34,Ready,Success
8789,JOB003,INVENTORY_UPDATE,Synchronization,1,Tuesday,1,25,8,106,123882,73,75,Ready,Failed
8790,JOB017,INVOICE_PROCESSING,Data Transfer,16,Friday,20,29,8,113,282579,80,84,Not Ready,Failed
8791,JOB009,STOCK_UPDATE,Data Transfer,5,Friday,1,8,6,106,427767,85,93,Ready,Failed
8792,JOB019,SYSTEM_MONITORING,Data Processing,13,Friday,26,13,6,81,251243,39,74,Ready,Success
8793,JOB012,DATABASE_BACKUP,Synchronization,17,Thursday,4,20,0,83,368586,95,95,Ready,Success
8794,JOB006,FINANCE_REPORT,Backup,5,Thursday,6,29,5,70,223216,80,84,Ready,Failed
8795,JOB002,MONTHLY_PAYROLL,Synchronization,9,Tuesday,21,12,4,15,139231,55,21,Not Ready,Failed
8796,JOB010,ORDER_PROCESSING,Data Transfer,23,Tuesday,3,19,7,84,366933,39,30,Ready,Success
8797,JOB001,DAILY_SALES,Synchronization,17,Friday,13,19,7,22,125939,64,95,Ready,Success
8798,JOB003,INVENTORY_UPDATE,Data Processing,8,Thursday,1,13,3,102,177201,65,61,Ready,Success
8799,JOB008,SALES_REPORT,Data Processing,7,Wednesday,22,10,0,14,312533,37,22,Delayed,Success
8800,JOB014,MASTER_DATA_SYNC,Data Transfer,9,Thursday,11,12,5,81,78611,89,60,Ready,Success
8801,JOB010,ORDER_PROCESSING,Reporting,16,Tuesday,9,16,9,100,127059,93,68,Delayed,Failed
8802,JOB003,INVENTORY_UPDATE,Synchronization,22,Thursday,24,2,0,64,306089,37,56,Delayed,Failed
8803,JOB014,MASTER_DATA_SYNC,Backup,5,Tuesday,0,28,4,12,237434,83,26,Delayed,Success
8804,JOB019,SYSTEM_MONITORING,Data Transfer,13,Friday,18,0,4,75,377332,53,57,Ready,Failed
8805,JOB014,MASTER_DATA_SYNC,Reporting,21,Sunday,22,20,2,52,113873,22,77,Ready,Failed
8806,JOB019,SYSTEM_MONITORING,Synchronization,21,Friday,15,4,4,85,395678,91,24,Ready,Success
8807,JOB004,DATA_TRANSFER,Reporting,5,Friday,14,24,5,45,64220,30,80,Ready,Success
8808,JOB007,CUSTOMER_REPORT,Data Transfer,6,Wednesday,13,12,4,95,489928,65,58,Delayed,Failed
8809,JOB009,STOCK_UPDATE,Synchronization,11,Sunday,8,23,0,12,328488,61,47,Delayed,Success
8810,JOB016,WAREHOUSE_UPDATE,Reporting,2,Wednesday,28,4,6,97,227395,36,76,Ready,Failed
8811,JOB001,DAILY_SALES,Reporting,13,Tuesday,20,4,2,120,452431,66,21,Ready,Failed
8812,JOB020,ARCHIVE_JOB,Data Processing,21,Monday,22,22,6,41,272557,49,89,Not Ready,Failed
8813,JOB020,ARCHIVE_JOB,Data Transfer,18,Saturday,14,11,4,95,227419,62,47,Ready,Success
8814,JOB004,DATA_TRANSFER,Backup,22,Wednesday,25,1,2,41,412266,27,56,Delayed,Failed
8815,JOB005,BACKUP_JOB,Data Transfer,15,Tuesday,6,28,5,68,405844,59,74,Ready,Success
8816,JOB018,VENDOR_DATA_SYNC,Data Transfer,6,Sunday,3,22,0,63,40064,90,20,Ready,Success
8817,JOB017,INVOICE_PROCESSING,Data Processing,7,Thursday,20,15,5,92,35424,39,22,Ready,Success
8818,JOB012,DATABASE_BACKUP,Backup,17,Sunday,17,16,3,49,34899,95,90,Ready,Success
8819,JOB012,DATABASE_BACKUP,Data Processing,12,Friday,7,29,3,20,125851,47,33,Ready,Success
8820,JOB002,MONTHLY_PAYROLL,Data Transfer,20,Friday,11,4,4,30,294391,47,67,Ready,Success
8821,JOB007,CUSTOMER_REPORT,Reporting,8,Friday,14,11,8,35,460562,78,56,Not Ready,Failed
8822,JOB010,ORDER_PROCESSING,Reporting,9,Tuesday,14,14,0,31,328735,81,22,Delayed,Success
8823,JOB008,SALES_REPORT,Data Transfer,20,Friday,16,27,2,94,283051,93,68,Not Ready,Success
8824,JOB014,MASTER_DATA_SYNC,Synchronization,22,Wednesday,1,5,3,47,418159,73,75,Ready,Success
8825,JOB003,INVENTORY_UPDATE,Data Transfer,8,Thursday,11,12,1,19,151118,26,79,Ready,Success
8826,JOB005,BACKUP_JOB,Data Transfer,14,Friday,2,10,8,62,200887,87,32,Ready,Success
8827,JOB015,DAILY_ANALYTICS,Synchronization,19,Tuesday,6,29,6,53,395749,43,72,Ready,Failed
8828,JOB016,WAREHOUSE_UPDATE,Synchronization,1,Thursday,5,25,0,83,234387,60,69,Delayed,Success
8829,JOB004,DATA_TRANSFER,Data Processing,12,Friday,13,16,8,91,247693,73,38,Ready,Failed
8830,JOB015,DAILY_ANALYTICS,Reporting,1,Monday,22,8,5,29,280190,33,45,Delayed,Failed
8831,JOB007,CUSTOMER_REPORT,Synchronization,18,Friday,26,24,1,112,479981,63,72,Ready,Failed
8832,JOB014,MASTER_DATA_SYNC,Data Transfer,1,Saturday,4,15,0,72,227858,68,76,Ready,Success
8833,JOB015,DAILY_ANALYTICS,Backup,2,Sunday,29,16,5,40,179475,82,57,Ready,Success
8834,JOB013,LOG_CLEANUP,Backup,5,Wednesday,3,19,6,84,53175,64,28,Ready,Success
8835,JOB018,VENDOR_DATA_SYNC,Data Processing,2,Thursday,30,23,9,51,388701,91,65,Ready,Failed
8836,JOB020,ARCHIVE_JOB,Backup,9,Wednesday,14,17,5,108,105271,26,23,Ready,Success
8837,JOB012,DATABASE_BACKUP,Reporting,23,Monday,6,12,6,63,132069,22,90,Ready,Success
8838,JOB003,INVENTORY_UPDATE,Data Transfer,5,Monday,2,28,5,89,63742,66,69,Ready,Failed
8839,JOB020,ARCHIVE_JOB,Backup,22,Saturday,12,10,7,56,451703,80,89,Not Ready,Failed
8840,JOB019,SYSTEM_MONITORING,Reporting,15,Wednesday,9,12,1,44,156363,90,24,Not Ready,Success
8841,JOB014,MASTER_DATA_SYNC,Backup,16,Thursday,22,23,8,47,258227,49,89,Ready,Success
8842,JOB016,WAREHOUSE_UPDATE,Data Transfer,18,Monday,1,25,8,60,79052,24,53,Delayed,Failed
8843,JOB010,ORDER_PROCESSING,Data Processing,2,Monday,11,12,8,85,213232,91,84,Delayed,Failed
8844,JOB009,STOCK_UPDATE,Reporting,17,Friday,27,11,6,7,433593,26,37,Delayed,Failed
8845,JOB007,CUSTOMER_REPORT,Synchronization,6,Saturday,23,13,8,75,498800,58,46,Ready,Failed
8846,JOB005,BACKUP_JOB,Synchronization,8,Sunday,27,12,0,16,238807,21,29,Ready,Success
8847,JOB012,DATABASE_BACKUP,Backup,19,Tuesday,21,24,2,69,396220,62,21,Ready,Success
8848,JOB012,DATABASE_BACKUP,Synchronization,11,Sunday,11,8,1,47,438945,31,80,Ready,Failed
8849,JOB017,INVOICE_PROCESSING,Reporting,4,Sunday,30,13,0,105,71970,47,41,Ready,Failed
8850,JOB009,STOCK_UPDATE,Synchronization,2,Monday,18,0,4,74,38014,38,29,Not Ready,Failed
8851,JOB015,DAILY_ANALYTICS,Reporting,10,Thursday,18,8,0,50,364844,47,78,Delayed,Failed
8852,JOB012,DATABASE_BACKUP,Synchronization,3,Thursday,20,3,2,64,106874,95,31,Ready,Failed
8853,JOB014,MASTER_DATA_SYNC,Data Processing,4,Friday,2,27,5,65,386826,89,82,Ready,Failed
8854,JOB020,ARCHIVE_JOB,Backup,0,Thursday,5,11,5,53,304456,38,34,Ready,Failed
8855,JOB014,MASTER_DATA_SYNC,Reporting,17,Friday,1,23,2,91,52126,83,82,Ready,Failed
8856,JOB017,INVOICE_PROCESSING,Data Processing,11,Monday,23,28,3,29,59477,28,84,Ready,Success
8857,JOB013,LOG_CLEANUP,Backup,12,Monday,12,13,6,93,5561,60,57,Ready,Success
8858,JOB019,SYSTEM_MONITORING,Data Processing,8,Sunday,26,8,5,7,428047,69,25,Ready,Failed
8859,JOB005,BACKUP_JOB,Synchronization,1,Monday,27,2,1,72,245365,29,25,Ready,Failed
8860,JOB008,SALES_REPORT,Reporting,4,Monday,26,5,8,67,393531,93,57,Not Ready,Failed
8861,JOB017,INVOICE_PROCESSING,Data Transfer,12,Tuesday,8,2,5,34,330075,73,67,Ready,Failed
8862,JOB007,CUSTOMER_REPORT,Data Processing,15,Saturday,12,0,1,101,453108,29,34,Ready,Failed
8863,JOB015,DAILY_ANALYTICS,Data Transfer,15,Sunday,30,25,6,97,444898,26,91,Delayed,Failed
8864,JOB007,CUSTOMER_REPORT,Reporting,23,Sunday,22,21,9,8,132124,51,48,Ready,Success
8865,JOB020,ARCHIVE_JOB,Synchronization,2,Saturday,13,20,9,82,20535,73,21,Ready,Failed
8866,JOB011,EMPLOYEE_DATA_SYNC,Synchronization,21,Tuesday,18,2,3,89,187088,89,94,Ready,Success
8867,JOB008,SALES_REPORT,Data Transfer,3,Monday,10,29,0,75,64838,82,92,Ready,Success
8868,JOB015,DAILY_ANALYTICS,Backup,10,Thursday,13,13,9,25,481806,53,35,Ready,Success
8869,JOB017,INVOICE_PROCESSING,Data Transfer,22,Friday,15,19,8,75,298698,62,77,Delayed,Failed
8870,JOB010,ORDER_PROCESSING,Data Transfer,13,Sunday,9,1,9,5,277819,24,53,Ready,Success
8871,JOB015,DAILY_ANALYTICS,Data Transfer,2,Saturday,19,11,7,64,297056,38,62,Ready,Success
8872,JOB013,LOG_CLEANUP,Data Transfer,15,Wednesday,15,25,4,38,265256,73,43,Ready,Success
8873,JOB020,ARCHIVE_JOB,Reporting,21,Friday,27,9,2,91,145823,33,44,Not Ready,Failed
8874,JOB017,INVOICE_PROCESSING,Reporting,14,Wednesday,25,12,3,7,296207,29,60,Delayed,Success
8875,JOB015,DAILY_ANALYTICS,Data Transfer,9,Wednesday,1,29,2,22,159637,68,52,Ready,Success
8876,JOB008,SALES_REPORT,Data Transfer,8,Sunday,24,19,9,47,113844,30,62,Ready,Failed
8877,JOB017,INVOICE_PROCESSING,Synchronization,10,Monday,15,3,7,80,366190,50,36,Delayed,Failed
8878,JOB004,DATA_TRANSFER,Data Processing,15,Wednesday,13,18,4,82,313876,85,26,Ready,Success
8879,JOB002,MONTHLY_PAYROLL,Reporting,9,Monday,20,21,7,45,98557,29,78,Ready,Success
8880,JOB012,DATABASE_BACKUP,Backup,16,Tuesday,27,0,0,96,236654,40,46,Ready,Success
8881,JOB016,WAREHOUSE_UPDATE,Backup,18,Thursday,17,24,8,110,200033,20,55,Ready,Success
8882,JOB010,ORDER_PROCESSING,Backup,1,Wednesday,25,10,9,113,254907,65,38,Ready,Failed
8883,JOB014,MASTER_DATA_SYNC,Data Processing,23,Sunday,5,25,2,28,73755,94,34,Delayed,Success
8884,JOB011,EMPLOYEE_DATA_SYNC,Synchronization,22,Thursday,6,15,0,28,131788,93,89,Ready,Success
8885,JOB011,EMPLOYEE_DATA_SYNC,Data Processing,1,Monday,12,18,2,7,106315,39,76,Ready,Success
8886,JOB016,WAREHOUSE_UPDATE,Data Transfer,5,Wednesday,1,18,1,63,331307,40,88,Not Ready,Failed
8887,JOB005,BACKUP_JOB,Synchronization,18,Friday,14,11,6,62,262112,56,72,Delayed,Failed
8888,JOB019,SYSTEM_MONITORING,Synchronization,7,Sunday,16,2,9,77,431789,33,88,Ready,Failed
8889,JOB011,EMPLOYEE_DATA_SYNC,Data Transfer,2,Tuesday,12,22,3,28,410581,77,21,Ready,Failed
8890,JOB012,DATABASE_BACKUP,Backup,13,Saturday,6,23,6,70,62506,76,37,Ready,Success
8891,JOB008,SALES_REPORT,Backup,15,Tuesday,0,17,2,44,252906,76,51,Ready,Success
8892,JOB007,CUSTOMER_REPORT,Reporting,0,Wednesday,2,16,5,96,191009,88,48,Ready,Success
8893,JOB009,STOCK_UPDATE,Backup,20,Sunday,19,4,6,75,211807,89,68,Ready,Success
8894,JOB016,WAREHOUSE_UPDATE,Data Processing,2,Tuesday,17,15,6,13,90538,43,94,Ready,Failed
8895,JOB001,DAILY_SALES,Synchronization,21,Saturday,6,23,4,113,271845,79,79,Ready,Success
8896,JOB010,ORDER_PROCESSING,Reporting,17,Friday,20,13,5,107,140007,42,47,Ready,Success
8897,JOB002,MONTHLY_PAYROLL,Reporting,8,Thursday,16,18,2,64,445259,66,46,Not Ready,Failed
8898,JOB013,LOG_CLEANUP,Backup,5,Friday,27,5,3,43,280989,57,27,Ready,Success
8899,JOB004,DATA_TRANSFER,Reporting,22,Tuesday,11,2,5,37,335600,71,91,Ready,Failed
8900,JOB018,VENDOR_DATA_SYNC,Reporting,20,Saturday,15,5,2,38,211869,32,42,Ready,Failed
8901,JOB016,WAREHOUSE_UPDATE,Data Transfer,0,Thursday,23,11,6,66,478135,27,51,Delayed,Success
8902,JOB001,DAILY_SALES,Backup,20,Sunday,9,19,2,89,35738,51,34,Ready,Success
8903,JOB011,EMPLOYEE_DATA_SYNC,Backup,9,Saturday,22,29,8,65,2551,36,87,Ready,Failed
8904,JOB006,FINANCE_REPORT,Synchronization,5,Friday,15,10,3,97,348915,24,59,Ready,Success
8905,JOB020,ARCHIVE_JOB,Data Processing,22,Monday,19,6,1,31,148557,91,76,Not Ready,Success
8906,JOB014,MASTER_DATA_SYNC,Reporting,11,Monday,17,26,5,21,41851,69,66,Ready,Success
8907,JOB020,ARCHIVE_JOB,Reporting,3,Thursday,14,25,8,64,215452,31,29,Not Ready,Failed
8908,JOB014,MASTER_DATA_SYNC,Data Processing,12,Thursday,22,0,9,46,487174,63,75,Delayed,Failed
8909,JOB008,SALES_REPORT,Data Processing,16,Thursday,10,15,9,51,157381,87,71,Ready,Failed
8910,JOB016,WAREHOUSE_UPDATE,Reporting,7,Monday,17,15,1,116,372732,78,82,Ready,Success
8911,JOB012,DATABASE_BACKUP,Data Processing,19,Friday,5,16,3,91,421226,29,70,Ready,Failed
8912,JOB015,DAILY_ANALYTICS,Data Transfer,2,Thursday,0,14,4,57,361539,67,89,Ready,Success
8913,JOB007,CUSTOMER_REPORT,Data Processing,11,Monday,29,20,8,113,461571,47,28,Not Ready,Failed
8914,JOB003,INVENTORY_UPDATE,Backup,6,Thursday,22,8,6,25,149612,24,60,Ready,Failed
8915,JOB008,SALES_REPORT,Reporting,11,Thursday,6,4,4,12,268078,63,59,Delayed,Failed
8916,JOB020,ARCHIVE_JOB,Reporting,1,Saturday,11,19,5,77,337376,50,35,Ready,Failed
8917,JOB014,MASTER_DATA_SYNC,Data Processing,23,Thursday,19,7,8,101,227756,35,44,Ready,Failed
8918,JOB007,CUSTOMER_REPORT,Synchronization,13,Monday,3,28,3,62,464688,42,29,Delayed,Failed
8919,JOB020,ARCHIVE_JOB,Data Transfer,21,Friday,30,20,1,72,186006,40,49,Delayed,Failed
8920,JOB017,INVOICE_PROCESSING,Backup,22,Monday,9,0,4,67,73404,21,28,Ready,Success
8921,JOB012,DATABASE_BACKUP,Data Processing,4,Monday,20,6,6,63,44155,42,59,Not Ready,Failed
8922,JOB004,DATA_TRANSFER,Synchronization,8,Thursday,1,10,3,86,272269,30,76,Ready,Failed
8923,JOB019,SYSTEM_MONITORING,Data Processing,20,Saturday,8,19,0,100,116571,92,65,Ready,Failed
8924,JOB005,BACKUP_JOB,Reporting,10,Wednesday,9,25,7,34,225420,21,26,Ready,Success
8925,JOB001,DAILY_SALES,Backup,4,Sunday,19,20,4,29,161057,32,62,Ready,Success
8926,JOB011,EMPLOYEE_DATA_SYNC,Data Processing,2,Wednesday,10,12,9,101,20088,64,67,Ready,Failed
8927,JOB016,WAREHOUSE_UPDATE,Reporting,16,Wednesday,24,21,1,103,449809,91,95,Ready,Failed
8928,JOB002,MONTHLY_PAYROLL,Data Transfer,1,Monday,13,12,2,110,250819,29,76,Ready,Failed
8929,JOB002,MONTHLY_PAYROLL,Reporting,23,Thursday,2,6,9,60,152774,40,36,Ready,Success
8930,JOB011,EMPLOYEE_DATA_SYNC,Data Processing,0,Sunday,24,10,9,38,326984,20,44,Ready,Failed
8931,JOB009,STOCK_UPDATE,Data Processing,6,Wednesday,0,17,4,54,390535,35,26,Ready,Success
8932,JOB003,INVENTORY_UPDATE,Data Transfer,13,Tuesday,6,29,3,6,412709,62,74,Not Ready,Failed
8933,JOB001,DAILY_SALES,Data Processing,4,Tuesday,3,0,8,81,163399,25,38,Ready,Success
8934,JOB012,DATABASE_BACKUP,Synchronization,18,Tuesday,6,11,8,57,161367,95,51,Ready,Failed
8935,JOB018,VENDOR_DATA_SYNC,Data Transfer,10,Friday,15,2,7,45,27999,30,51,Ready,Success
8936,JOB010,ORDER_PROCESSING,Backup,22,Thursday,29,25,1,27,44606,85,45,Not Ready,Failed
8937,JOB016,WAREHOUSE_UPDATE,Reporting,1,Monday,9,27,4,65,177532,68,91,Ready,Success
8938,JOB016,WAREHOUSE_UPDATE,Backup,7,Monday,14,0,7,91,132032,39,41,Ready,Failed
8939,JOB013,LOG_CLEANUP,Data Transfer,8,Thursday,15,3,7,35,139144,40,74,Ready,Failed
8940,JOB004,DATA_TRANSFER,Synchronization,2,Saturday,5,5,6,70,190694,55,76,Ready,Success
8941,JOB011,EMPLOYEE_DATA_SYNC,Data Transfer,1,Sunday,3,4,3,6,221610,57,27,Ready,Success
8942,JOB001,DAILY_SALES,Synchronization,6,Saturday,3,28,2,73,17773,75,65,Ready,Failed
8943,JOB014,MASTER_DATA_SYNC,Data Processing,4,Friday,23,10,7,64,117336,30,24,Ready,Failed
8944,JOB012,DATABASE_BACKUP,Data Transfer,20,Thursday,22,19,7,82,42725,37,31,Ready,Success
8945,JOB014,MASTER_DATA_SYNC,Backup,4,Saturday,3,22,9,27,402755,64,46,Ready,Failed
8946,JOB008,SALES_REPORT,Reporting,19,Sunday,26,12,4,61,111069,45,30,Ready,Success
8947,JOB009,STOCK_UPDATE,Data Transfer,12,Friday,21,10,2,39,403753,78,55,Not Ready,Failed
8948,JOB011,EMPLOYEE_DATA_SYNC,Reporting,20,Wednesday,21,26,4,114,164359,25,71,Not Ready,Failed
8949,JOB014,MASTER_DATA_SYNC,Data Transfer,19,Wednesday,16,5,3,5,180263,62,21,Ready,Success
8950,JOB005,BACKUP_JOB,Data Transfer,5,Friday,12,18,7,109,180353,71,93,Ready,Failed
8951,JOB001,DAILY_SALES,Data Transfer,19,Thursday,1,24,1,52,208805,81,90,Delayed,Success
8952,JOB019,SYSTEM_MONITORING,Data Processing,17,Wednesday,19,14,7,53,159212,36,31,Ready,Success
8953,JOB013,LOG_CLEANUP,Backup,1,Thursday,5,20,9,44,344434,65,74,Not Ready,Failed
8954,JOB014,MASTER_DATA_SYNC,Data Processing,5,Saturday,21,12,5,66,449383,60,50,Not Ready,Failed
8955,JOB009,STOCK_UPDATE,Backup,8,Wednesday,0,9,3,19,206129,32,51,Ready,Success
8956,JOB009,STOCK_UPDATE,Reporting,2,Sunday,7,0,2,34,373174,25,83,Delayed,Success
8957,JOB003,INVENTORY_UPDATE,Data Processing,0,Sunday,17,12,9,25,496313,52,78,Ready,Failed
8958,JOB014,MASTER_DATA_SYNC,Reporting,0,Saturday,28,5,4,12,367512,23,44,Ready,Success
8959,JOB014,MASTER_DATA_SYNC,Data Transfer,18,Sunday,20,20,5,11,452533,69,88,Ready,Failed
8960,JOB010,ORDER_PROCESSING,Data Processing,4,Thursday,3,25,0,109,474179,67,87,Ready,Failed
8961,JOB009,STOCK_UPDATE,Data Processing,12,Thursday,4,23,0,38,493765,46,63,Delayed,Failed
8962,JOB007,CUSTOMER_REPORT,Data Transfer,18,Sunday,4,19,9,68,363685,25,62,Delayed,Failed
8963,JOB017,INVOICE_PROCESSING,Synchronization,11,Tuesday,14,11,2,46,287924,77,34,Ready,Success
8964,JOB012,DATABASE_BACKUP,Reporting,15,Friday,9,16,1,105,453819,82,32,Delayed,Failed
8965,JOB009,STOCK_UPDATE,Backup,18,Monday,7,26,0,116,48873,20,88,Ready,Failed
8966,JOB006,FINANCE_REPORT,Backup,2,Friday,25,17,7,57,341056,47,89,Delayed,Failed
8967,JOB019,SYSTEM_MONITORING,Backup,11,Sunday,6,23,0,100,90835,48,64,Delayed,Success
8968,JOB017,INVOICE_PROCESSING,Data Processing,4,Thursday,11,25,9,101,421794,47,44,Ready,Failed
8969,JOB014,MASTER_DATA_SYNC,Backup,1,Thursday,29,7,7,74,476498,93,44,Ready,Failed
8970,JOB001,DAILY_SALES,Backup,21,Friday,24,28,4,110,110938,87,29,Ready,Success
8971,JOB015,DAILY_ANALYTICS,Data Transfer,6,Thursday,27,13,3,14,279859,60,81,Not Ready,Failed
8972,JOB018,VENDOR_DATA_SYNC,Reporting,12,Saturday,10,4,7,94,290688,74,31,Ready,Success
8973,JOB017,INVOICE_PROCESSING,Data Processing,14,Wednesday,12,21,7,62,46763,51,86,Ready,Success
8974,JOB016,WAREHOUSE_UPDATE,Data Transfer,21,Thursday,14,1,7,119,172433,88,48,Ready,Success
8975,JOB009,STOCK_UPDATE,Data Transfer,2,Sunday,16,26,2,113,466739,41,62,Ready,Success
8976,JOB018,VENDOR_DATA_SYNC,Data Processing,20,Sunday,21,27,7,94,178606,76,56,Ready,Success
8977,JOB011,EMPLOYEE_DATA_SYNC,Data Transfer,19,Friday,21,24,0,87,361869,41,88,Ready,Failed
8978,JOB019,SYSTEM_MONITORING,Synchronization,4,Friday,17,21,3,103,132047,85,30,Delayed,Failed
8979,JOB005,BACKUP_JOB,Data Processing,23,Friday,26,27,4,113,468706,60,59,Ready,Failed
8980,JOB002,MONTHLY_PAYROLL,Reporting,7,Sunday,7,24,5,8,315079,62,82,Ready,Success
8981,JOB006,FINANCE_REPORT,Data Processing,21,Tuesday,5,10,4,93,153746,53,41,Not Ready,Failed
8982,JOB002,MONTHLY_PAYROLL,Data Transfer,0,Sunday,10,25,4,12,388781,21,34,Ready,Success
8983,JOB004,DATA_TRANSFER,Data Transfer,7,Saturday,28,2,4,16,361696,78,28,Delayed,Failed
8984,JOB008,SALES_REPORT,Reporting,23,Sunday,25,21,8,92,171164,55,89,Ready,Failed
8985,JOB016,WAREHOUSE_UPDATE,Reporting,17,Saturday,8,25,9,92,405954,27,83,Delayed,Failed
8986,JOB015,DAILY_ANALYTICS,Synchronization,19,Sunday,25,15,9,85,460234,52,25,Ready,Failed
8987,JOB001,DAILY_SALES,Data Processing,15,Sunday,4,20,2,29,448871,52,62,Ready,Success
8988,JOB004,DATA_TRANSFER,Backup,17,Tuesday,6,15,1,101,98044,87,39,Ready,Success
8989,JOB003,INVENTORY_UPDATE,Data Transfer,19,Saturday,21,8,9,31,307579,37,62,Ready,Failed
8990,JOB001,DAILY_SALES,Backup,11,Tuesday,26,12,1,6,439034,83,81,Delayed,Failed
8991,JOB004,DATA_TRANSFER,Data Transfer,12,Saturday,14,9,7,77,405640,80,86,Delayed,Failed
8992,JOB010,ORDER_PROCESSING,Reporting,12,Tuesday,20,16,4,59,388319,29,71,Ready,Success
8993,JOB001,DAILY_SALES,Backup,9,Tuesday,21,24,4,62,480550,69,93,Ready,Success
8994,JOB007,CUSTOMER_REPORT,Data Transfer,6,Saturday,3,20,5,37,192427,41,45,Delayed,Failed
8995,JOB015,DAILY_ANALYTICS,Data Processing,13,Tuesday,18,16,8,87,386723,58,50,Ready,Success
8996,JOB009,STOCK_UPDATE,Data Processing,23,Sunday,12,9,6,53,243194,84,74,Not Ready,Failed
8997,JOB016,WAREHOUSE_UPDATE,Data Processing,15,Saturday,0,7,4,9,160739,49,87,Delayed,Failed
8998,JOB005,BACKUP_JOB,Data Transfer,14,Tuesday,0,6,4,51,357083,24,76,Ready,Success
8999,JOB020,ARCHIVE_JOB,Data Processing,11,Sunday,21,13,9,88,317528,45,43,Ready,Success
9000,JOB001,DAILY_SALES,Synchronization,8,Sunday,13,21,8,28,240515,82,84,Delayed,Failed
9001,JOB010,ORDER_PROCESSING,Synchronization,7,Friday,8,17,8,99,54013,65,45,Delayed,Success
9002,JOB017,INVOICE_PROCESSING,Reporting,17,Monday,23,20,1,48,106010,50,68,Ready,Success
9003,JOB019,SYSTEM_MONITORING,Backup,22,Saturday,11,18,6,72,10559,60,57,Delayed,Failed
9004,JOB017,INVOICE_PROCESSING,Data Transfer,17,Tuesday,17,17,9,100,336994,31,55,Ready,Failed
9005,JOB015,DAILY_ANALYTICS,Data Processing,12,Friday,8,13,0,115,214741,36,73,Ready,Success
9006,JOB003,INVENTORY_UPDATE,Data Processing,17,Monday,7,9,3,103,177446,37,28,Not Ready,Failed
9007,JOB010,ORDER_PROCESSING,Reporting,14,Tuesday,29,0,1,18,231973,85,61,Ready,Success
9008,JOB014,MASTER_DATA_SYNC,Data Transfer,3,Monday,13,8,9,40,360901,58,43,Ready,Success
9009,JOB017,INVOICE_PROCESSING,Data Transfer,16,Saturday,27,17,8,55,491908,93,59,Delayed,Failed
9010,JOB017,INVOICE_PROCESSING,Data Processing,4,Sunday,8,12,5,10,222769,52,27,Ready,Success
9011,JOB006,FINANCE_REPORT,Data Transfer,21,Sunday,19,26,3,21,367836,94,73,Not Ready,Success
9012,JOB013,LOG_CLEANUP,Data Processing,15,Monday,24,16,2,86,9735,27,30,Ready,Success
9013,JOB007,CUSTOMER_REPORT,Synchronization,8,Sunday,1,29,3,76,72112,45,75,Ready,Success
9014,JOB009,STOCK_UPDATE,Data Processing,9,Wednesday,28,22,1,55,183424,95,48,Not Ready,Failed
9015,JOB016,WAREHOUSE_UPDATE,Reporting,23,Thursday,0,24,4,56,314999,54,61,Ready,Success
9016,JOB005,BACKUP_JOB,Reporting,17,Sunday,12,21,8,16,336886,76,25,Ready,Failed
9017,JOB017,INVOICE_PROCESSING,Data Processing,16,Wednesday,24,15,5,85,354722,40,22,Delayed,Failed
9018,JOB001,DAILY_SALES,Data Transfer,17,Saturday,9,23,1,99,454935,56,93,Ready,Success
9019,JOB009,STOCK_UPDATE,Backup,6,Saturday,7,10,5,119,221945,24,84,Ready,Success
9020,JOB018,VENDOR_DATA_SYNC,Synchronization,3,Monday,6,22,8,5,124124,36,31,Ready,Success
9021,JOB018,VENDOR_DATA_SYNC,Backup,4,Sunday,29,8,3,15,196350,44,55,Ready,Failed
9022,JOB013,LOG_CLEANUP,Synchronization,22,Sunday,28,6,0,110,118302,80,75,Ready,Success
9023,JOB009,STOCK_UPDATE,Synchronization,15,Sunday,23,28,1,20,59242,56,71,Ready,Success
9024,JOB007,CUSTOMER_REPORT,Data Transfer,2,Friday,11,21,4,105,231854,85,51,Delayed,Success
9025,JOB005,BACKUP_JOB,Synchronization,17,Tuesday,16,0,9,117,469326,32,75,Ready,Failed
9026,JOB008,SALES_REPORT,Reporting,22,Thursday,29,8,6,96,175090,59,30,Ready,Failed
9027,JOB001,DAILY_SALES,Reporting,20,Sunday,24,9,7,13,391743,61,20,Ready,Failed
9028,JOB001,DAILY_SALES,Synchronization,13,Tuesday,11,15,2,12,232650,89,25,Ready,Success
9029,JOB013,LOG_CLEANUP,Data Processing,14,Friday,15,20,8,29,101465,94,93,Delayed,Failed
9030,JOB018,VENDOR_DATA_SYNC,Backup,16,Saturday,9,28,1,78,414208,44,43,Delayed,Failed
9031,JOB002,MONTHLY_PAYROLL,Data Transfer,0,Thursday,26,17,3,44,312899,61,91,Delayed,Failed
9032,JOB009,STOCK_UPDATE,Synchronization,20,Wednesday,24,13,3,71,267187,29,43,Ready,Failed
9033,JOB006,FINANCE_REPORT,Synchronization,16,Saturday,30,27,5,27,303166,62,28,Ready,Success
9034,JOB019,SYSTEM_MONITORING,Synchronization,22,Saturday,11,10,9,66,292408,87,78,Ready,Failed
9035,JOB015,DAILY_ANALYTICS,Reporting,10,Monday,10,23,5,27,309473,47,89,Ready,Success
9036,JOB009,STOCK_UPDATE,Reporting,16,Friday,24,28,2,48,186593,43,42,Ready,Success
9037,JOB014,MASTER_DATA_SYNC,Backup,13,Monday,28,3,8,60,130960,60,36,Ready,Success
9038,JOB009,STOCK_UPDATE,Data Transfer,19,Monday,13,29,4,72,20876,80,44,Ready,Failed
9039,JOB002,MONTHLY_PAYROLL,Synchronization,18,Tuesday,21,18,1,118,490681,24,57,Ready,Failed
9040,JOB008,SALES_REPORT,Reporting,20,Saturday,19,12,5,27,225182,30,22,Ready,Success
9041,JOB015,DAILY_ANALYTICS,Reporting,6,Friday,12,0,2,13,209392,27,86,Delayed,Success
9042,JOB012,DATABASE_BACKUP,Data Processing,23,Monday,1,20,7,8,75732,40,33,Ready,Success
9043,JOB009,STOCK_UPDATE,Synchronization,12,Wednesday,26,18,2,38,335434,83,29,Delayed,Failed
9044,JOB011,EMPLOYEE_DATA_SYNC,Synchronization,17,Thursday,19,14,4,107,244235,24,85,Delayed,Success
9045,JOB017,INVOICE_PROCESSING,Data Transfer,22,Sunday,6,19,3,86,94240,53,90,Ready,Failed
9046,JOB014,MASTER_DATA_SYNC,Data Processing,13,Friday,0,14,3,38,184358,28,33,Delayed,Success
9047,JOB006,FINANCE_REPORT,Synchronization,0,Tuesday,29,24,1,102,310585,57,29,Ready,Failed
9048,JOB020,ARCHIVE_JOB,Reporting,6,Friday,24,10,7,46,60155,62,68,Ready,Success
9049,JOB003,INVENTORY_UPDATE,Backup,7,Saturday,2,29,2,7,489148,29,81,Ready,Failed
9050,JOB013,LOG_CLEANUP,Data Transfer,17,Tuesday,28,22,3,87,345878,31,67,Ready,Success
9051,JOB016,WAREHOUSE_UPDATE,Synchronization,8,Thursday,28,26,5,38,9723,37,22,Ready,Failed
9052,JOB012,DATABASE_BACKUP,Synchronization,0,Wednesday,19,4,8,94,493278,31,66,Ready,Success
9053,JOB013,LOG_CLEANUP,Reporting,21,Monday,11,23,3,103,181229,50,79,Delayed,Failed
9054,JOB019,SYSTEM_MONITORING,Backup,16,Friday,4,21,2,109,239152,30,44,Delayed,Success
9055,JOB009,STOCK_UPDATE,Reporting,18,Tuesday,11,9,4,111,63058,46,26,Not Ready,Success
9056,JOB010,ORDER_PROCESSING,Reporting,5,Thursday,28,17,8,99,430660,40,58,Ready,Failed
9057,JOB019,SYSTEM_MONITORING,Backup,2,Monday,2,6,0,47,84454,93,62,Delayed,Success
9058,JOB017,INVOICE_PROCESSING,Reporting,23,Sunday,19,0,4,95,374532,32,65,Ready,Failed
9059,JOB007,CUSTOMER_REPORT,Reporting,4,Thursday,4,2,3,71,51636,64,62,Delayed,Success
9060,JOB017,INVOICE_PROCESSING,Reporting,1,Wednesday,27,27,4,41,488779,66,48,Ready,Success
9061,JOB014,MASTER_DATA_SYNC,Backup,19,Monday,0,0,6,16,134338,44,85,Ready,Failed
9062,JOB004,DATA_TRANSFER,Reporting,3,Monday,15,29,6,115,462166,83,88,Delayed,Failed
9063,JOB016,WAREHOUSE_UPDATE,Backup,9,Sunday,29,16,6,91,374624,89,46,Ready,Success
9064,JOB020,ARCHIVE_JOB,Synchronization,9,Monday,8,14,0,85,480595,47,22,Ready,Success
9065,JOB001,DAILY_SALES,Synchronization,23,Tuesday,9,4,8,20,100622,39,75,Ready,Success
9066,JOB006,FINANCE_REPORT,Reporting,20,Monday,28,21,6,66,396768,60,83,Ready,Success
9067,JOB017,INVOICE_PROCESSING,Data Processing,10,Thursday,9,15,3,21,63751,23,40,Ready,Success
9068,JOB018,VENDOR_DATA_SYNC,Synchronization,15,Tuesday,12,11,3,19,482456,88,43,Ready,Failed
9069,JOB018,VENDOR_DATA_SYNC,Backup,16,Monday,15,18,1,30,235794,43,39,Ready,Success
9070,JOB012,DATABASE_BACKUP,Synchronization,15,Thursday,29,13,5,49,129619,36,71,Ready,Failed
9071,JOB005,BACKUP_JOB,Synchronization,6,Thursday,19,2,9,6,440579,24,32,Ready,Success
9072,JOB017,INVOICE_PROCESSING,Reporting,15,Friday,28,18,2,21,413460,76,89,Delayed,Success
9073,JOB020,ARCHIVE_JOB,Backup,2,Thursday,24,0,0,69,237096,45,62,Ready,Success
9074,JOB005,BACKUP_JOB,Data Processing,15,Sunday,3,20,4,98,360217,91,56,Delayed,Failed
9075,JOB010,ORDER_PROCESSING,Backup,7,Saturday,13,0,5,100,296989,92,49,Ready,Success
9076,JOB004,DATA_TRANSFER,Synchronization,11,Wednesday,16,25,4,34,192282,36,34,Not Ready,Success
9077,JOB011,EMPLOYEE_DATA_SYNC,Synchronization,2,Monday,27,9,4,110,350503,75,94,Ready,Success
9078,JOB019,SYSTEM_MONITORING,Reporting,16,Sunday,4,2,9,72,3526,27,44,Ready,Success
9079,JOB009,STOCK_UPDATE,Data Processing,20,Monday,12,12,7,110,377349,83,57,Ready,Failed
9080,JOB001,DAILY_SALES,Data Transfer,17,Monday,24,5,9,48,295645,88,62,Delayed,Failed
9081,JOB013,LOG_CLEANUP,Data Processing,10,Thursday,2,10,0,100,34489,29,49,Ready,Failed
9082,JOB015,DAILY_ANALYTICS,Backup,3,Thursday,4,5,7,64,108740,69,59,Ready,Success
9083,JOB005,BACKUP_JOB,Reporting,15,Monday,15,2,6,103,268945,74,78,Ready,Failed
9084,JOB016,WAREHOUSE_UPDATE,Data Transfer,16,Saturday,18,15,0,5,154509,33,42,Ready,Success
9085,JOB019,SYSTEM_MONITORING,Data Transfer,8,Tuesday,27,8,8,23,457022,46,63,Ready,Failed
9086,JOB009,STOCK_UPDATE,Backup,5,Tuesday,18,7,3,37,98493,24,20,Ready,Failed
9087,JOB019,SYSTEM_MONITORING,Reporting,23,Wednesday,16,26,6,87,198953,47,60,Ready,Success
9088,JOB005,BACKUP_JOB,Data Transfer,19,Friday,17,2,2,40,390700,24,81,Ready,Success
9089,JOB010,ORDER_PROCESSING,Reporting,1,Sunday,17,4,7,95,263889,31,79,Not Ready,Failed
9090,JOB001,DAILY_SALES,Backup,8,Wednesday,24,20,3,81,145398,27,29,Delayed,Success
9091,JOB008,SALES_REPORT,Backup,20,Monday,22,13,1,95,271268,78,92,Ready,Failed
9092,JOB012,DATABASE_BACKUP,Reporting,5,Sunday,7,4,1,114,268743,84,85,Delayed,Failed
9093,JOB006,FINANCE_REPORT,Backup,2,Monday,17,18,7,82,100181,79,76,Ready,Success
9094,JOB002,MONTHLY_PAYROLL,Backup,19,Monday,8,4,7,28,222317,74,61,Ready,Success
9095,JOB007,CUSTOMER_REPORT,Data Transfer,5,Friday,28,20,0,103,169653,62,73,Delayed,Success
9096,JOB003,INVENTORY_UPDATE,Reporting,6,Thursday,18,19,5,87,255999,60,61,Ready,Success
9097,JOB005,BACKUP_JOB,Backup,0,Friday,9,19,8,29,470368,29,85,Ready,Failed
9098,JOB020,ARCHIVE_JOB,Data Processing,22,Wednesday,28,1,8,15,270908,94,89,Ready,Success
9099,JOB017,INVOICE_PROCESSING,Data Processing,0,Thursday,1,24,1,13,303221,26,30,Ready,Success
9100,JOB001,DAILY_SALES,Backup,4,Thursday,27,6,7,10,405107,40,86,Ready,Failed
9101,JOB020,ARCHIVE_JOB,Synchronization,5,Wednesday,16,0,7,62,403870,94,30,Not Ready,Success
9102,JOB008,SALES_REPORT,Data Processing,12,Thursday,24,20,3,104,51499,63,23,Ready,Success
9103,JOB014,MASTER_DATA_SYNC,Data Transfer,1,Sunday,23,17,3,105,30817,56,68,Delayed,Failed
9104,JOB013,LOG_CLEANUP,Data Transfer,14,Tuesday,12,9,4,33,65811,63,41,Ready,Success
9105,JOB012,DATABASE_BACKUP,Data Transfer,14,Wednesday,30,5,9,77,231740,84,56,Ready,Success
9106,JOB005,BACKUP_JOB,Backup,12,Wednesday,27,6,6,101,328632,25,29,Ready,Failed
9107,JOB002,MONTHLY_PAYROLL,Backup,13,Tuesday,10,11,0,91,443332,57,39,Ready,Success
9108,JOB009,STOCK_UPDATE,Data Processing,21,Friday,15,17,8,83,147610,62,92,Delayed,Success
9109,JOB002,MONTHLY_PAYROLL,Data Transfer,6,Friday,19,10,2,15,288951,76,69,Ready,Success
9110,JOB001,DAILY_SALES,Data Transfer,13,Friday,6,21,3,27,15289,94,50,Ready,Success
9111,JOB005,BACKUP_JOB,Synchronization,23,Thursday,27,28,6,30,70797,89,63,Not Ready,Failed
9112,JOB019,SYSTEM_MONITORING,Backup,9,Tuesday,29,18,4,5,221200,84,50,Ready,Success
9113,JOB006,FINANCE_REPORT,Data Processing,16,Sunday,2,24,4,98,488033,74,94,Ready,Failed
9114,JOB009,STOCK_UPDATE,Data Processing,13,Wednesday,15,3,0,85,463834,54,60,Delayed,Failed
9115,JOB012,DATABASE_BACKUP,Backup,7,Wednesday,18,18,1,51,281107,43,23,Delayed,Success
9116,JOB008,SALES_REPORT,Data Transfer,3,Wednesday,19,12,4,114,358450,57,33,Ready,Failed
9117,JOB006,FINANCE_REPORT,Reporting,15,Thursday,15,26,1,45,219591,22,65,Delayed,Success
9118,JOB018,VENDOR_DATA_SYNC,Data Processing,23,Thursday,1,18,0,27,201027,70,73,Ready,Failed
9119,JOB004,DATA_TRANSFER,Backup,12,Saturday,13,1,9,104,97527,80,52,Ready,Failed
9120,JOB007,CUSTOMER_REPORT,Data Transfer,21,Sunday,25,27,2,109,150473,59,49,Delayed,Success
9121,JOB002,MONTHLY_PAYROLL,Data Transfer,19,Friday,19,8,0,9,218009,73,28,Ready,Failed
9122,JOB007,CUSTOMER_REPORT,Data Transfer,17,Saturday,9,7,9,103,135109,85,57,Ready,Success
9123,JOB014,MASTER_DATA_SYNC,Synchronization,13,Saturday,18,20,7,54,277645,79,62,Ready,Success
9124,JOB008,SALES_REPORT,Data Transfer,17,Thursday,23,13,7,13,149217,34,26,Ready,Success
9125,JOB015,DAILY_ANALYTICS,Synchronization,4,Friday,10,29,7,8,243773,65,59,Not Ready,Success
9126,JOB007,CUSTOMER_REPORT,Backup,8,Friday,17,28,6,75,308076,74,81,Ready,Failed
9127,JOB014,MASTER_DATA_SYNC,Data Transfer,2,Wednesday,10,8,6,69,311092,23,74,Not Ready,Failed
9128,JOB001,DAILY_SALES,Backup,7,Thursday,8,12,1,84,341518,43,54,Ready,Success
9129,JOB007,CUSTOMER_REPORT,Data Processing,19,Friday,18,17,8,61,345662,59,62,Not Ready,Failed
9130,JOB014,MASTER_DATA_SYNC,Data Transfer,21,Saturday,19,5,6,29,60546,46,30,Ready,Failed
9131,JOB002,MONTHLY_PAYROLL,Synchronization,9,Tuesday,28,22,4,62,70279,71,21,Delayed,Success
9132,JOB016,WAREHOUSE_UPDATE,Data Processing,21,Tuesday,9,21,3,10,326183,56,24,Delayed,Success
9133,JOB005,BACKUP_JOB,Backup,18,Thursday,29,2,7,106,295110,20,59,Not Ready,Failed
9134,JOB006,FINANCE_REPORT,Reporting,20,Wednesday,30,9,4,18,173448,95,65,Ready,Failed
9135,JOB020,ARCHIVE_JOB,Backup,2,Wednesday,25,29,5,67,110929,28,40,Ready,Success
9136,JOB020,ARCHIVE_JOB,Data Processing,10,Friday,30,9,3,105,250177,37,28,Ready,Failed
9137,JOB005,BACKUP_JOB,Data Processing,10,Sunday,30,9,1,79,245881,58,90,Ready,Failed
9138,JOB020,ARCHIVE_JOB,Data Processing,16,Thursday,2,8,6,69,113331,94,46,Ready,Success
9139,JOB019,SYSTEM_MONITORING,Data Transfer,15,Sunday,2,29,1,56,138282,94,36,Delayed,Success
9140,JOB009,STOCK_UPDATE,Backup,6,Tuesday,23,11,6,110,118252,49,85,Ready,Failed
9141,JOB017,INVOICE_PROCESSING,Backup,3,Saturday,7,23,6,69,123829,39,45,Ready,Failed
9142,JOB006,FINANCE_REPORT,Synchronization,22,Friday,28,7,0,104,100386,34,91,Ready,Success
9143,JOB001,DAILY_SALES,Backup,18,Saturday,28,23,9,12,128982,83,64,Delayed,Failed
9144,JOB013,LOG_CLEANUP,Synchronization,11,Sunday,5,8,9,100,198195,44,74,Delayed,Failed
9145,JOB014,MASTER_DATA_SYNC,Reporting,14,Friday,19,16,2,101,292587,68,59,Ready,Success
9146,JOB019,SYSTEM_MONITORING,Data Transfer,10,Monday,0,7,2,12,208607,86,35,Delayed,Success
9147,JOB014,MASTER_DATA_SYNC,Backup,4,Saturday,19,17,5,18,319479,45,51,Ready,Success
9148,JOB014,MASTER_DATA_SYNC,Reporting,4,Thursday,23,19,2,28,37426,64,54,Ready,Success
9149,JOB008,SALES_REPORT,Backup,14,Saturday,5,16,8,68,328523,25,83,Ready,Failed
9150,JOB008,SALES_REPORT,Synchronization,17,Saturday,1,27,4,117,147917,51,83,Ready,Failed
9151,JOB020,ARCHIVE_JOB,Reporting,10,Friday,18,5,5,109,457568,94,34,Delayed,Failed
9152,JOB018,VENDOR_DATA_SYNC,Backup,11,Tuesday,27,9,5,97,76951,36,61,Ready,Success
9153,JOB013,LOG_CLEANUP,Reporting,1,Sunday,6,0,7,29,177449,65,69,Delayed,Failed
9154,JOB009,STOCK_UPDATE,Reporting,19,Monday,10,27,9,10,22964,72,51,Not Ready,Failed
9155,JOB002,MONTHLY_PAYROLL,Data Transfer,14,Saturday,10,20,2,5,404591,23,49,Ready,Success
9156,JOB013,LOG_CLEANUP,Data Transfer,19,Sunday,3,24,8,91,48531,47,43,Ready,Success
9157,JOB008,SALES_REPORT,Reporting,3,Sunday,19,0,6,109,82684,90,85,Ready,Failed
9158,JOB007,CUSTOMER_REPORT,Backup,21,Tuesday,30,8,5,37,6913,35,40,Delayed,Success
9159,JOB014,MASTER_DATA_SYNC,Reporting,17,Wednesday,15,19,0,18,481162,58,61,Ready,Success
9160,JOB006,FINANCE_REPORT,Backup,5,Monday,30,2,3,67,384886,49,77,Not Ready,Failed
9161,JOB009,STOCK_UPDATE,Synchronization,22,Monday,4,23,4,60,161423,76,21,Ready,Success
9162,JOB011,EMPLOYEE_DATA_SYNC,Data Processing,18,Sunday,23,5,1,66,175401,75,35,Delayed,Failed
9163,JOB013,LOG_CLEANUP,Backup,10,Friday,29,6,0,32,92471,58,26,Delayed,Success
9164,JOB013,LOG_CLEANUP,Data Transfer,23,Saturday,29,8,1,33,444148,61,74,Ready,Success
9165,JOB014,MASTER_DATA_SYNC,Backup,1,Wednesday,6,4,7,111,453096,37,34,Ready,Failed
9166,JOB017,INVOICE_PROCESSING,Data Processing,7,Friday,24,28,9,108,33938,94,42,Not Ready,Failed
9167,JOB015,DAILY_ANALYTICS,Reporting,10,Thursday,15,15,5,27,366467,41,88,Not Ready,Failed
9168,JOB009,STOCK_UPDATE,Synchronization,4,Tuesday,14,1,9,48,414824,23,20,Not Ready,Failed
9169,JOB009,STOCK_UPDATE,Synchronization,17,Tuesday,4,2,1,42,52879,22,88,Ready,Success
9170,JOB020,ARCHIVE_JOB,Data Processing,22,Friday,0,2,8,53,375177,80,32,Ready,Success
9171,JOB003,INVENTORY_UPDATE,Synchronization,17,Sunday,19,19,7,47,456052,43,45,Ready,Success
9172,JOB019,SYSTEM_MONITORING,Backup,13,Tuesday,21,25,3,14,68644,71,71,Ready,Success
9173,JOB018,VENDOR_DATA_SYNC,Reporting,21,Saturday,21,22,9,31,213084,86,32,Ready,Success
9174,JOB008,SALES_REPORT,Backup,9,Tuesday,8,27,6,12,64297,50,74,Delayed,Success
9175,JOB018,VENDOR_DATA_SYNC,Data Processing,2,Saturday,25,9,2,112,338530,72,48,Ready,Success
9176,JOB015,DAILY_ANALYTICS,Data Transfer,8,Thursday,28,21,5,72,142059,80,37,Delayed,Failed
9177,JOB011,EMPLOYEE_DATA_SYNC,Synchronization,2,Wednesday,20,2,2,89,171456,77,21,Delayed,Success
9178,JOB007,CUSTOMER_REPORT,Data Processing,10,Monday,4,14,9,89,364233,54,46,Ready,Success
9179,JOB012,DATABASE_BACKUP,Reporting,11,Friday,21,13,2,34,230772,50,69,Not Ready,Failed
9180,JOB004,DATA_TRANSFER,Data Transfer,11,Friday,26,22,8,17,354059,76,61,Ready,Failed
9181,JOB004,DATA_TRANSFER,Reporting,2,Saturday,5,3,5,62,282532,95,86,Ready,Failed
9182,JOB012,DATABASE_BACKUP,Backup,20,Thursday,2,9,7,7,144033,29,29,Ready,Success
9183,JOB011,EMPLOYEE_DATA_SYNC,Data Transfer,6,Thursday,5,10,3,88,337526,37,28,Ready,Success
9184,JOB008,SALES_REPORT,Synchronization,13,Sunday,7,10,3,104,205252,75,22,Ready,Success
9185,JOB004,DATA_TRANSFER,Data Transfer,23,Monday,27,7,7,108,196161,55,57,Delayed,Failed
9186,JOB010,ORDER_PROCESSING,Backup,10,Wednesday,5,22,6,9,305980,70,94,Delayed,Success
9187,JOB012,DATABASE_BACKUP,Synchronization,6,Friday,15,22,4,26,287987,80,89,Not Ready,Failed
9188,JOB001,DAILY_SALES,Backup,20,Saturday,27,8,1,62,113715,38,88,Delayed,Success
9189,JOB005,BACKUP_JOB,Backup,9,Thursday,15,7,5,70,264236,30,49,Ready,Success
9190,JOB001,DAILY_SALES,Synchronization,10,Friday,26,11,0,93,305572,24,33,Ready,Success
9191,JOB017,INVOICE_PROCESSING,Synchronization,14,Saturday,20,16,6,44,338193,64,21,Ready,Success
9192,JOB014,MASTER_DATA_SYNC,Backup,18,Tuesday,2,22,8,92,379329,64,27,Ready,Failed
9193,JOB002,MONTHLY_PAYROLL,Backup,15,Friday,16,14,4,9,172167,67,93,Not Ready,Failed
9194,JOB008,SALES_REPORT,Synchronization,21,Wednesday,20,18,4,20,38761,33,37,Ready,Success
9195,JOB018,VENDOR_DATA_SYNC,Backup,20,Saturday,5,27,6,19,397295,47,90,Ready,Success
9196,JOB016,WAREHOUSE_UPDATE,Reporting,19,Wednesday,29,19,4,119,256706,28,32,Ready,Success
9197,JOB019,SYSTEM_MONITORING,Reporting,11,Friday,5,5,9,81,43468,78,65,Ready,Failed
9198,JOB016,WAREHOUSE_UPDATE,Reporting,17,Tuesday,29,4,3,79,370461,57,73,Ready,Success
9199,JOB003,INVENTORY_UPDATE,Reporting,22,Wednesday,21,7,0,84,275311,44,31,Ready,Success
9200,JOB004,DATA_TRANSFER,Backup,12,Thursday,18,17,5,22,134207,91,59,Not Ready,Failed
9201,JOB002,MONTHLY_PAYROLL,Backup,4,Saturday,30,20,8,93,247924,67,57,Ready,Failed
9202,JOB001,DAILY_SALES,Data Transfer,3,Friday,19,20,3,51,96772,38,31,Ready,Success
9203,JOB010,ORDER_PROCESSING,Data Transfer,13,Tuesday,14,14,9,106,118260,21,86,Ready,Failed
9204,JOB011,EMPLOYEE_DATA_SYNC,Data Transfer,7,Thursday,18,2,3,108,22305,25,44,Ready,Failed
9205,JOB004,DATA_TRANSFER,Data Transfer,8,Friday,1,13,4,8,47422,49,54,Ready,Success
9206,JOB012,DATABASE_BACKUP,Backup,18,Sunday,7,25,5,57,198294,80,35,Ready,Success
9207,JOB017,INVOICE_PROCESSING,Data Transfer,2,Tuesday,6,14,2,62,403382,21,64,Ready,Failed
9208,JOB005,BACKUP_JOB,Backup,4,Thursday,26,12,8,116,127167,70,32,Ready,Failed
9209,JOB002,MONTHLY_PAYROLL,Reporting,20,Wednesday,7,20,0,89,108001,32,43,Delayed,Failed
9210,JOB013,LOG_CLEANUP,Backup,17,Friday,12,19,5,79,117458,68,95,Ready,Success
9211,JOB013,LOG_CLEANUP,Data Transfer,0,Friday,21,26,5,62,345137,27,21,Ready,Success
9212,JOB005,BACKUP_JOB,Backup,7,Wednesday,26,20,7,120,448269,28,29,Ready,Failed
9213,JOB009,STOCK_UPDATE,Backup,18,Sunday,14,25,4,63,149036,42,38,Ready,Success
9214,JOB020,ARCHIVE_JOB,Synchronization,16,Monday,11,8,8,38,290860,91,43,Ready,Failed
9215,JOB001,DAILY_SALES,Data Transfer,16,Thursday,14,22,8,34,222406,92,80,Ready,Success
9216,JOB015,DAILY_ANALYTICS,Data Processing,10,Wednesday,13,16,1,58,144271,35,24,Ready,Success
9217,JOB015,DAILY_ANALYTICS,Data Processing,1,Friday,6,18,4,72,280424,35,53,Ready,Success
9218,JOB013,LOG_CLEANUP,Backup,5,Thursday,16,24,6,82,134505,31,83,Ready,Failed
9219,JOB005,BACKUP_JOB,Synchronization,21,Sunday,25,3,1,79,430936,30,31,Delayed,Failed
9220,JOB009,STOCK_UPDATE,Backup,13,Thursday,4,19,6,72,205060,32,78,Ready,Success
9221,JOB003,INVENTORY_UPDATE,Data Transfer,2,Monday,19,9,8,30,396385,54,40,Ready,Failed
9222,JOB004,DATA_TRANSFER,Reporting,11,Friday,9,21,7,7,441070,62,66,Not Ready,Failed
9223,JOB002,MONTHLY_PAYROLL,Backup,3,Tuesday,18,2,9,61,248224,49,72,Ready,Success
9224,JOB016,WAREHOUSE_UPDATE,Data Processing,11,Monday,17,18,8,41,296734,79,92,Ready,Success
9225,JOB003,INVENTORY_UPDATE,Backup,12,Monday,29,8,3,42,124336,86,58,Delayed,Success
9226,JOB014,MASTER_DATA_SYNC,Data Transfer,1,Tuesday,29,28,7,45,289931,48,50,Ready,Success
9227,JOB013,LOG_CLEANUP,Data Transfer,1,Tuesday,24,4,8,8,78062,44,65,Delayed,Failed
9228,JOB002,MONTHLY_PAYROLL,Data Processing,14,Sunday,23,13,9,30,3139,85,76,Ready,Failed
9229,JOB009,STOCK_UPDATE,Data Processing,22,Sunday,9,6,1,43,160497,24,56,Ready,Success
9230,JOB016,WAREHOUSE_UPDATE,Synchronization,16,Monday,30,20,9,113,109879,24,46,Ready,Failed
9231,JOB012,DATABASE_BACKUP,Synchronization,6,Thursday,1,5,2,110,251441,68,48,Delayed,Success
9232,JOB018,VENDOR_DATA_SYNC,Reporting,13,Wednesday,5,23,0,112,245646,45,37,Ready,Success
9233,JOB013,LOG_CLEANUP,Data Processing,11,Wednesday,2,7,0,46,42273,90,23,Ready,Success
9234,JOB002,MONTHLY_PAYROLL,Synchronization,16,Monday,18,1,9,15,331329,49,20,Ready,Success
9235,JOB001,DAILY_SALES,Data Processing,13,Thursday,4,26,5,15,55241,47,43,Not Ready,Success
9236,JOB006,FINANCE_REPORT,Backup,5,Tuesday,6,24,0,58,381711,33,61,Delayed,Failed
9237,JOB015,DAILY_ANALYTICS,Synchronization,18,Saturday,6,25,4,106,40821,37,79,Ready,Success
9238,JOB014,MASTER_DATA_SYNC,Data Processing,23,Monday,26,27,5,42,395705,76,43,Delayed,Failed
9239,JOB011,EMPLOYEE_DATA_SYNC,Data Processing,5,Friday,9,27,8,24,494184,44,75,Ready,Failed
9240,JOB018,VENDOR_DATA_SYNC,Backup,17,Thursday,0,27,5,30,306712,89,88,Delayed,Failed
9241,JOB019,SYSTEM_MONITORING,Data Processing,23,Friday,10,13,3,106,459325,24,37,Ready,Failed
9242,JOB008,SALES_REPORT,Synchronization,4,Friday,22,21,0,80,429516,72,84,Not Ready,Failed
9243,JOB002,MONTHLY_PAYROLL,Synchronization,23,Monday,6,6,5,97,18039,58,29,Ready,Failed
9244,JOB020,ARCHIVE_JOB,Reporting,23,Thursday,5,2,6,18,332398,76,36,Ready,Success
9245,JOB008,SALES_REPORT,Reporting,5,Friday,5,19,4,54,217974,30,77,Ready,Success
9246,JOB010,ORDER_PROCESSING,Synchronization,1,Sunday,12,21,5,29,446042,88,54,Ready,Success
9247,JOB020,ARCHIVE_JOB,Reporting,7,Sunday,15,22,9,59,205052,44,23,Ready,Failed
9248,JOB008,SALES_REPORT,Reporting,14,Thursday,12,5,7,55,465961,49,63,Ready,Failed
9249,JOB008,SALES_REPORT,Backup,14,Wednesday,1,20,0,110,205474,21,94,Ready,Success
9250,JOB007,CUSTOMER_REPORT,Data Transfer,10,Saturday,18,13,7,110,37783,55,86,Ready,Success
9251,JOB006,FINANCE_REPORT,Reporting,21,Friday,18,11,1,107,154432,56,47,Ready,Success
9252,JOB002,MONTHLY_PAYROLL,Data Transfer,21,Friday,28,17,1,94,50352,21,30,Ready,Failed
9253,JOB018,VENDOR_DATA_SYNC,Reporting,23,Thursday,18,11,7,14,7611,66,22,Ready,Failed
9254,JOB015,DAILY_ANALYTICS,Data Transfer,0,Sunday,17,6,1,18,30105,78,22,Ready,Success
9255,JOB016,WAREHOUSE_UPDATE,Data Processing,17,Saturday,24,4,7,9,337009,23,44,Ready,Failed
9256,JOB019,SYSTEM_MONITORING,Data Transfer,11,Wednesday,5,11,4,61,176095,86,95,Not Ready,Failed
9257,JOB003,INVENTORY_UPDATE,Data Transfer,11,Friday,1,8,8,26,100379,65,31,Ready,Success
9258,JOB013,LOG_CLEANUP,Data Processing,10,Monday,18,28,8,79,379580,55,68,Ready,Failed
9259,JOB018,VENDOR_DATA_SYNC,Data Processing,7,Sunday,25,10,7,33,428459,84,75,Ready,Failed
9260,JOB009,STOCK_UPDATE,Reporting,6,Thursday,5,3,8,11,424069,75,72,Delayed,Failed
9261,JOB009,STOCK_UPDATE,Reporting,22,Thursday,19,13,6,120,368393,95,29,Ready,Success
9262,JOB018,VENDOR_DATA_SYNC,Data Transfer,20,Sunday,22,25,7,22,497477,54,38,Delayed,Success
9263,JOB007,CUSTOMER_REPORT,Synchronization,1,Friday,21,11,5,35,129205,42,66,Ready,Failed
9264,JOB019,SYSTEM_MONITORING,Data Transfer,10,Wednesday,14,17,8,47,45373,63,73,Ready,Failed
9265,JOB019,SYSTEM_MONITORING,Synchronization,21,Friday,5,6,1,88,348968,20,26,Ready,Success
9266,JOB015,DAILY_ANALYTICS,Data Processing,9,Sunday,27,22,2,39,473379,85,58,Ready,Success
9267,JOB015,DAILY_ANALYTICS,Data Transfer,2,Tuesday,2,0,1,75,160879,31,51,Ready,Failed
9268,JOB008,SALES_REPORT,Reporting,19,Friday,10,26,5,98,241714,32,42,Ready,Failed
9269,JOB014,MASTER_DATA_SYNC,Backup,9,Saturday,7,29,2,8,1448,46,69,Delayed,Success
9270,JOB016,WAREHOUSE_UPDATE,Reporting,17,Sunday,24,12,0,55,132140,39,38,Ready,Success
9271,JOB016,WAREHOUSE_UPDATE,Backup,13,Saturday,21,15,3,98,352160,25,86,Ready,Success
9272,JOB018,VENDOR_DATA_SYNC,Synchronization,17,Sunday,17,4,4,34,268052,27,44,Ready,Success
9273,JOB017,INVOICE_PROCESSING,Reporting,23,Tuesday,16,18,3,98,356888,40,44,Ready,Success
9274,JOB002,MONTHLY_PAYROLL,Data Transfer,7,Saturday,18,24,5,57,270513,40,25,Ready,Success
9275,JOB010,ORDER_PROCESSING,Backup,9,Saturday,18,8,2,86,374750,64,34,Ready,Success
9276,JOB014,MASTER_DATA_SYNC,Data Processing,21,Monday,23,22,9,111,385573,89,82,Ready,Failed
9277,JOB008,SALES_REPORT,Data Transfer,12,Thursday,20,27,5,114,35508,63,39,Not Ready,Failed
9278,JOB020,ARCHIVE_JOB,Reporting,20,Saturday,16,8,9,78,225916,78,62,Ready,Success
9279,JOB006,FINANCE_REPORT,Data Processing,7,Thursday,26,11,0,18,27595,49,86,Ready,Failed
9280,JOB004,DATA_TRANSFER,Data Processing,3,Sunday,3,17,5,40,381024,29,23,Ready,Success
9281,JOB011,EMPLOYEE_DATA_SYNC,Data Processing,3,Wednesday,6,26,7,91,168732,94,25,Ready,Success
9282,JOB020,ARCHIVE_JOB,Data Processing,4,Friday,4,25,9,16,211860,20,78,Not Ready,Failed
9283,JOB015,DAILY_ANALYTICS,Data Transfer,0,Monday,25,23,7,80,255048,29,71,Delayed,Failed
9284,JOB019,SYSTEM_MONITORING,Synchronization,16,Sunday,30,25,0,38,46432,44,38,Ready,Success
9285,JOB017,INVOICE_PROCESSING,Data Processing,1,Tuesday,28,9,6,30,322002,93,45,Delayed,Failed
9286,JOB020,ARCHIVE_JOB,Synchronization,7,Wednesday,15,25,9,10,105347,33,67,Ready,Success
9287,JOB005,BACKUP_JOB,Synchronization,6,Monday,5,28,9,105,51228,22,74,Ready,Success
9288,JOB014,MASTER_DATA_SYNC,Reporting,14,Monday,13,16,3,119,312304,87,78,Ready,Failed
9289,JOB011,EMPLOYEE_DATA_SYNC,Data Transfer,4,Sunday,25,18,5,57,94164,59,93,Delayed,Failed
9290,JOB008,SALES_REPORT,Data Processing,1,Tuesday,19,23,5,19,163122,52,57,Ready,Success
9291,JOB012,DATABASE_BACKUP,Backup,6,Tuesday,1,10,4,110,492770,26,24,Not Ready,Failed
9292,JOB013,LOG_CLEANUP,Reporting,7,Thursday,24,15,9,107,255311,22,61,Ready,Success
9293,JOB019,SYSTEM_MONITORING,Data Transfer,6,Friday,30,7,8,23,101700,56,54,Ready,Success
9294,JOB001,DAILY_SALES,Data Transfer,6,Sunday,17,29,9,108,99427,45,88,Ready,Failed
9295,JOB004,DATA_TRANSFER,Synchronization,13,Wednesday,17,25,7,51,407137,44,22,Delayed,Failed
9296,JOB005,BACKUP_JOB,Reporting,20,Friday,12,23,5,91,455854,59,60,Ready,Success
9297,JOB004,DATA_TRANSFER,Data Transfer,17,Wednesday,27,26,3,104,206628,62,51,Delayed,Failed
9298,JOB011,EMPLOYEE_DATA_SYNC,Reporting,5,Monday,17,14,3,81,92546,63,55,Delayed,Success
9299,JOB013,LOG_CLEANUP,Data Transfer,3,Saturday,16,27,8,99,311651,90,49,Ready,Success
9300,JOB008,SALES_REPORT,Synchronization,9,Saturday,12,10,3,65,292733,48,58,Delayed,Success
9301,JOB004,DATA_TRANSFER,Data Processing,17,Sunday,27,6,6,105,369120,76,79,Ready,Failed
9302,JOB007,CUSTOMER_REPORT,Data Processing,11,Tuesday,11,1,5,94,297989,28,75,Delayed,Success
9303,JOB013,LOG_CLEANUP,Data Transfer,15,Tuesday,2,18,1,111,124995,41,95,Ready,Success
9304,JOB007,CUSTOMER_REPORT,Data Transfer,6,Monday,21,8,4,116,345659,95,77,Ready,Failed
9305,JOB014,MASTER_DATA_SYNC,Reporting,5,Monday,6,17,2,56,495606,89,45,Ready,Success
9306,JOB017,INVOICE_PROCESSING,Synchronization,4,Wednesday,0,12,8,22,290422,25,24,Ready,Success
9307,JOB018,VENDOR_DATA_SYNC,Reporting,2,Monday,29,22,9,64,24348,46,75,Not Ready,Failed
9308,JOB017,INVOICE_PROCESSING,Reporting,11,Sunday,4,0,0,51,388531,71,52,Not Ready,Failed
9309,JOB017,INVOICE_PROCESSING,Backup,14,Wednesday,20,18,9,61,232120,89,28,Not Ready,Failed
9310,JOB016,WAREHOUSE_UPDATE,Backup,9,Friday,0,12,3,37,295934,68,51,Ready,Success
9311,JOB006,FINANCE_REPORT,Data Processing,19,Tuesday,3,13,3,108,58669,42,47,Delayed,Failed
9312,JOB011,EMPLOYEE_DATA_SYNC,Synchronization,18,Tuesday,25,16,8,36,5972,40,42,Ready,Failed
9313,JOB001,DAILY_SALES,Synchronization,15,Saturday,0,21,0,8,17015,93,88,Not Ready,Failed
9314,JOB006,FINANCE_REPORT,Data Processing,10,Saturday,12,19,1,45,484290,27,81,Not Ready,Failed
9315,JOB008,SALES_REPORT,Synchronization,7,Sunday,13,0,0,23,491582,73,67,Delayed,Failed
9316,JOB012,DATABASE_BACKUP,Backup,2,Tuesday,14,4,0,11,196776,33,85,Ready,Success
9317,JOB003,INVENTORY_UPDATE,Backup,22,Sunday,16,29,0,115,81556,50,81,Not Ready,Failed
9318,JOB010,ORDER_PROCESSING,Backup,6,Friday,11,19,2,103,197870,70,88,Not Ready,Failed
9319,JOB010,ORDER_PROCESSING,Reporting,22,Friday,30,13,3,30,307604,81,75,Ready,Success
9320,JOB008,SALES_REPORT,Data Transfer,6,Thursday,6,26,9,112,147214,37,93,Ready,Failed
9321,JOB006,FINANCE_REPORT,Data Processing,13,Wednesday,22,25,1,91,63823,66,55,Ready,Success
9322,JOB004,DATA_TRANSFER,Reporting,1,Saturday,18,29,0,102,428569,71,55,Ready,Failed
9323,JOB009,STOCK_UPDATE,Synchronization,9,Wednesday,22,26,4,55,443800,56,75,Ready,Success
9324,JOB015,DAILY_ANALYTICS,Data Transfer,18,Saturday,2,25,5,60,304663,49,26,Delayed,Success
9325,JOB016,WAREHOUSE_UPDATE,Synchronization,8,Thursday,17,17,1,75,323043,49,51,Ready,Success
9326,JOB002,MONTHLY_PAYROLL,Data Processing,15,Tuesday,25,12,2,79,406552,94,20,Ready,Success
9327,JOB004,DATA_TRANSFER,Data Transfer,18,Sunday,30,22,9,55,220303,67,77,Ready,Failed
9328,JOB002,MONTHLY_PAYROLL,Backup,17,Wednesday,3,11,2,12,191118,58,39,Ready,Success
9329,JOB008,SALES_REPORT,Backup,8,Saturday,29,14,1,17,150944,46,53,Ready,Success
9330,JOB011,EMPLOYEE_DATA_SYNC,Data Transfer,15,Wednesday,25,23,3,36,46649,35,70,Ready,Success
9331,JOB006,FINANCE_REPORT,Backup,12,Tuesday,2,3,4,109,55846,51,55,Delayed,Failed
9332,JOB010,ORDER_PROCESSING,Backup,9,Sunday,11,8,7,38,308427,48,45,Ready,Success
9333,JOB004,DATA_TRANSFER,Backup,19,Monday,22,2,5,22,88991,71,52,Ready,Failed
9334,JOB003,INVENTORY_UPDATE,Data Processing,13,Saturday,27,28,8,83,17597,93,20,Ready,Failed
9335,JOB012,DATABASE_BACKUP,Data Transfer,11,Monday,11,21,2,59,207465,94,86,Delayed,Failed
9336,JOB001,DAILY_SALES,Data Transfer,18,Thursday,16,10,9,47,450391,34,69,Ready,Failed
9337,JOB014,MASTER_DATA_SYNC,Reporting,6,Sunday,5,29,8,28,180353,63,54,Ready,Success
9338,JOB011,EMPLOYEE_DATA_SYNC,Synchronization,22,Friday,14,14,3,115,201086,42,54,Ready,Success
9339,JOB008,SALES_REPORT,Synchronization,14,Wednesday,29,15,7,25,344928,67,78,Ready,Success
9340,JOB013,LOG_CLEANUP,Reporting,15,Saturday,1,29,9,22,258767,42,32,Ready,Success
9341,JOB002,MONTHLY_PAYROLL,Synchronization,7,Wednesday,7,6,6,18,429781,90,41,Ready,Failed
9342,JOB006,FINANCE_REPORT,Backup,9,Thursday,13,6,6,57,321529,33,75,Ready,Failed
9343,JOB014,MASTER_DATA_SYNC,Data Transfer,3,Thursday,4,21,8,23,112058,92,24,Ready,Success
9344,JOB004,DATA_TRANSFER,Reporting,18,Wednesday,2,8,9,81,167231,73,62,Ready,Success
9345,JOB002,MONTHLY_PAYROLL,Data Processing,18,Saturday,9,16,1,61,126251,89,93,Ready,Success
9346,JOB003,INVENTORY_UPDATE,Backup,20,Sunday,6,12,4,68,153821,62,74,Ready,Success
9347,JOB020,ARCHIVE_JOB,Data Processing,14,Tuesday,29,8,2,84,239651,64,34,Ready,Success
9348,JOB018,VENDOR_DATA_SYNC,Backup,13,Sunday,10,28,6,6,131541,41,61,Not Ready,Failed
9349,JOB007,CUSTOMER_REPORT,Reporting,0,Tuesday,30,8,2,61,367209,80,28,Ready,Success
9350,JOB004,DATA_TRANSFER,Data Transfer,15,Friday,14,19,4,38,210757,37,90,Ready,Success
9351,JOB015,DAILY_ANALYTICS,Data Processing,9,Sunday,1,28,4,53,401432,63,76,Ready,Success
9352,JOB012,DATABASE_BACKUP,Data Transfer,18,Wednesday,4,27,1,94,159373,92,29,Ready,Success
9353,JOB008,SALES_REPORT,Backup,21,Wednesday,10,11,0,58,101254,37,83,Ready,Success
9354,JOB008,SALES_REPORT,Data Transfer,2,Saturday,7,20,5,26,450191,76,60,Ready,Success
9355,JOB007,CUSTOMER_REPORT,Data Transfer,4,Wednesday,12,18,0,88,440548,34,32,Ready,Failed
9356,JOB018,VENDOR_DATA_SYNC,Data Transfer,8,Saturday,10,22,8,97,395063,92,35,Delayed,Failed
9357,JOB018,VENDOR_DATA_SYNC,Data Transfer,17,Wednesday,16,14,9,86,153958,77,91,Ready,Failed
9358,JOB006,FINANCE_REPORT,Data Transfer,10,Thursday,14,17,4,97,385308,21,79,Ready,Failed
9359,JOB016,WAREHOUSE_UPDATE,Synchronization,15,Monday,0,7,0,110,136743,33,50,Ready,Success
9360,JOB015,DAILY_ANALYTICS,Data Transfer,1,Wednesday,18,24,7,48,304648,40,74,Ready,Success
9361,JOB006,FINANCE_REPORT,Data Processing,11,Monday,15,5,0,95,267297,62,90,Not Ready,Failed
9362,JOB013,LOG_CLEANUP,Synchronization,21,Tuesday,18,24,3,39,127769,64,53,Delayed,Success
9363,JOB009,STOCK_UPDATE,Data Processing,5,Friday,12,5,6,33,183335,53,23,Ready,Success
9364,JOB012,DATABASE_BACKUP,Backup,10,Sunday,22,2,3,10,325482,90,74,Delayed,Failed
9365,JOB016,WAREHOUSE_UPDATE,Data Processing,7,Sunday,21,25,4,120,248932,31,85,Ready,Success
9366,JOB007,CUSTOMER_REPORT,Synchronization,11,Tuesday,22,2,6,41,191524,26,78,Ready,Success
9367,JOB008,SALES_REPORT,Backup,1,Wednesday,3,1,3,93,337251,88,60,Ready,Success
9368,JOB019,SYSTEM_MONITORING,Backup,8,Sunday,10,4,4,89,178105,47,85,Ready,Failed
9369,JOB020,ARCHIVE_JOB,Data Transfer,14,Saturday,17,28,6,62,424672,44,66,Ready,Failed
9370,JOB001,DAILY_SALES,Data Processing,1,Tuesday,17,29,0,68,272497,85,46,Ready,Success
9371,JOB011,EMPLOYEE_DATA_SYNC,Data Transfer,0,Thursday,9,19,2,35,459817,70,40,Delayed,Success
9372,JOB009,STOCK_UPDATE,Data Transfer,9,Monday,16,11,0,108,55450,92,30,Ready,Failed
9373,JOB013,LOG_CLEANUP,Data Transfer,1,Saturday,29,5,2,54,408517,53,41,Ready,Success
9374,JOB003,INVENTORY_UPDATE,Data Transfer,11,Sunday,12,15,1,84,345861,65,42,Ready,Success
9375,JOB017,INVOICE_PROCESSING,Synchronization,22,Saturday,29,4,4,64,404224,66,84,Ready,Failed
9376,JOB009,STOCK_UPDATE,Data Processing,7,Wednesday,24,5,9,18,268434,51,78,Delayed,Failed
9377,JOB018,VENDOR_DATA_SYNC,Synchronization,4,Thursday,13,3,4,74,294618,31,95,Ready,Failed
9378,JOB016,WAREHOUSE_UPDATE,Synchronization,21,Monday,29,13,9,15,67167,38,89,Ready,Success
9379,JOB007,CUSTOMER_REPORT,Backup,0,Thursday,6,28,8,31,321855,66,47,Ready,Success
9380,JOB018,VENDOR_DATA_SYNC,Data Transfer,14,Tuesday,9,2,7,106,291495,57,44,Ready,Success
9381,JOB015,DAILY_ANALYTICS,Data Processing,5,Wednesday,2,16,2,73,168098,29,20,Ready,Success
9382,JOB005,BACKUP_JOB,Data Processing,11,Saturday,1,4,0,83,106405,29,51,Ready,Success
9383,JOB002,MONTHLY_PAYROLL,Data Processing,7,Saturday,29,21,4,42,451786,60,48,Not Ready,Failed
9384,JOB007,CUSTOMER_REPORT,Data Processing,12,Tuesday,18,20,2,66,368881,74,39,Ready,Success
9385,JOB015,DAILY_ANALYTICS,Data Transfer,18,Saturday,6,20,4,57,205991,90,65,Ready,Success
9386,JOB018,VENDOR_DATA_SYNC,Backup,0,Friday,4,27,8,84,298711,93,76,Ready,Success
9387,JOB006,FINANCE_REPORT,Synchronization,10,Wednesday,27,5,0,22,350789,62,31,Not Ready,Failed
9388,JOB008,SALES_REPORT,Backup,19,Tuesday,2,19,0,101,395365,57,91,Ready,Failed
9389,JOB012,DATABASE_BACKUP,Backup,0,Wednesday,24,29,8,103,282531,46,58,Not Ready,Success
9390,JOB003,INVENTORY_UPDATE,Data Transfer,7,Monday,1,27,2,56,430529,51,27,Ready,Failed
9391,JOB007,CUSTOMER_REPORT,Backup,4,Wednesday,22,3,9,28,390218,90,47,Ready,Failed
9392,JOB019,SYSTEM_MONITORING,Reporting,16,Wednesday,30,26,4,103,243007,67,50,Ready,Success
9393,JOB017,INVOICE_PROCESSING,Data Processing,7,Monday,25,12,8,11,392410,45,34,Ready,Success
9394,JOB015,DAILY_ANALYTICS,Reporting,9,Tuesday,21,7,4,18,1019,77,79,Ready,Success
9395,JOB011,EMPLOYEE_DATA_SYNC,Data Transfer,1,Wednesday,5,10,2,54,422492,95,58,Ready,Success
9396,JOB003,INVENTORY_UPDATE,Data Processing,8,Thursday,13,23,8,98,191822,43,40,Ready,Failed
9397,JOB006,FINANCE_REPORT,Backup,23,Wednesday,6,27,6,28,239000,73,27,Delayed,Success
9398,JOB017,INVOICE_PROCESSING,Backup,22,Tuesday,21,18,6,83,329679,65,61,Ready,Success
9399,JOB010,ORDER_PROCESSING,Data Processing,2,Saturday,1,22,7,17,249418,77,78,Delayed,Success
9400,JOB010,ORDER_PROCESSING,Data Transfer,17,Sunday,10,4,4,23,462286,51,39,Ready,Success
9401,JOB003,INVENTORY_UPDATE,Reporting,6,Monday,20,4,1,33,357218,35,80,Ready,Failed
9402,JOB018,VENDOR_DATA_SYNC,Data Transfer,14,Saturday,2,27,8,26,136497,89,30,Ready,Failed
9403,JOB016,WAREHOUSE_UPDATE,Backup,20,Tuesday,8,28,2,6,346754,84,51,Ready,Success
9404,JOB010,ORDER_PROCESSING,Data Transfer,21,Friday,7,2,1,107,237850,32,23,Delayed,Failed
9405,JOB019,SYSTEM_MONITORING,Data Transfer,19,Sunday,25,1,9,81,335008,25,48,Delayed,Failed
9406,JOB017,INVOICE_PROCESSING,Backup,17,Saturday,10,28,9,40,206134,31,24,Not Ready,Failed
9407,JOB009,STOCK_UPDATE,Data Processing,2,Wednesday,17,2,4,42,200161,28,95,Not Ready,Failed
9408,JOB013,LOG_CLEANUP,Data Processing,22,Sunday,30,14,7,22,85430,78,58,Not Ready,Failed
9409,JOB020,ARCHIVE_JOB,Reporting,13,Wednesday,0,6,2,55,367500,86,42,Ready,Failed
9410,JOB006,FINANCE_REPORT,Data Transfer,23,Monday,14,2,5,19,434122,43,35,Ready,Failed
9411,JOB013,LOG_CLEANUP,Synchronization,1,Wednesday,3,14,8,103,404458,34,69,Delayed,Failed
9412,JOB013,LOG_CLEANUP,Data Processing,13,Sunday,3,10,1,56,372356,82,30,Ready,Failed
9413,JOB005,BACKUP_JOB,Synchronization,21,Thursday,27,15,7,21,277419,69,91,Ready,Failed
9414,JOB016,WAREHOUSE_UPDATE,Data Transfer,10,Thursday,9,12,9,116,60566,40,67,Ready,Success
9415,JOB011,EMPLOYEE_DATA_SYNC,Data Transfer,15,Saturday,10,1,6,81,248631,20,53,Ready,Success
9416,JOB020,ARCHIVE_JOB,Data Processing,7,Tuesday,17,19,2,26,469500,30,40,Ready,Failed
9417,JOB011,EMPLOYEE_DATA_SYNC,Backup,6,Monday,22,11,0,58,40911,86,82,Delayed,Failed
9418,JOB017,INVOICE_PROCESSING,Backup,10,Friday,28,20,5,56,437521,41,36,Not Ready,Failed
9419,JOB013,LOG_CLEANUP,Data Processing,2,Saturday,14,28,1,108,273501,93,53,Delayed,Failed
9420,JOB004,DATA_TRANSFER,Reporting,16,Tuesday,2,6,2,89,26364,26,70,Ready,Success
9421,JOB014,MASTER_DATA_SYNC,Backup,13,Monday,6,0,4,94,444009,68,86,Ready,Failed
9422,JOB013,LOG_CLEANUP,Reporting,5,Sunday,6,13,7,50,259253,20,43,Ready,Success
9423,JOB020,ARCHIVE_JOB,Data Transfer,7,Monday,16,23,1,8,246444,84,41,Ready,Success
9424,JOB003,INVENTORY_UPDATE,Synchronization,21,Sunday,21,9,5,11,450670,82,29,Ready,Failed
9425,JOB002,MONTHLY_PAYROLL,Data Processing,4,Saturday,19,2,0,14,336050,83,24,Ready,Success
9426,JOB018,VENDOR_DATA_SYNC,Synchronization,7,Tuesday,26,29,6,19,479242,45,50,Not Ready,Failed
9427,JOB018,VENDOR_DATA_SYNC,Data Transfer,1,Tuesday,23,10,3,30,228357,36,43,Ready,Success
9428,JOB004,DATA_TRANSFER,Data Transfer,14,Wednesday,15,21,0,84,118677,30,30,Ready,Success
9429,JOB019,SYSTEM_MONITORING,Backup,11,Friday,15,19,8,44,415518,86,70,Ready,Success
9430,JOB010,ORDER_PROCESSING,Backup,16,Thursday,7,29,8,102,392164,29,67,Not Ready,Failed
9431,JOB001,DAILY_SALES,Reporting,0,Wednesday,2,20,2,65,404712,85,23,Ready,Success
9432,JOB004,DATA_TRANSFER,Reporting,14,Monday,19,25,5,85,442724,51,27,Ready,Success
9433,JOB002,MONTHLY_PAYROLL,Reporting,13,Friday,14,27,6,106,44189,35,26,Ready,Success
9434,JOB009,STOCK_UPDATE,Reporting,19,Friday,0,14,3,20,136375,45,51,Ready,Success
9435,JOB009,STOCK_UPDATE,Backup,21,Tuesday,9,5,5,102,304982,93,41,Delayed,Success
9436,JOB002,MONTHLY_PAYROLL,Reporting,15,Friday,1,17,8,97,434726,75,55,Ready,Failed
9437,JOB010,ORDER_PROCESSING,Reporting,8,Saturday,6,12,9,22,49566,28,48,Ready,Success
9438,JOB008,SALES_REPORT,Data Processing,0,Friday,30,14,5,79,183613,24,87,Delayed,Failed
9439,JOB008,SALES_REPORT,Data Transfer,16,Monday,13,2,6,80,35380,26,80,Ready,Success
9440,JOB017,INVOICE_PROCESSING,Backup,12,Saturday,15,14,5,105,62817,84,72,Ready,Failed
9441,JOB002,MONTHLY_PAYROLL,Backup,20,Saturday,26,23,6,6,357762,31,91,Delayed,Failed
9442,JOB019,SYSTEM_MONITORING,Data Processing,20,Wednesday,27,23,0,58,111974,67,34,Ready,Success
9443,JOB008,SALES_REPORT,Data Processing,4,Friday,14,0,5,22,483768,91,67,Not Ready,Failed
9444,JOB016,WAREHOUSE_UPDATE,Data Processing,9,Tuesday,6,9,8,58,135536,44,73,Delayed,Failed
9445,JOB013,LOG_CLEANUP,Data Transfer,5,Sunday,12,23,2,42,286508,32,87,Ready,Success
9446,JOB015,DAILY_ANALYTICS,Backup,23,Wednesday,24,26,5,101,484898,60,88,Ready,Failed
9447,JOB006,FINANCE_REPORT,Data Processing,18,Tuesday,9,17,3,77,272510,29,83,Ready,Failed
9448,JOB018,VENDOR_DATA_SYNC,Reporting,12,Friday,8,25,6,19,318035,59,85,Ready,Failed
9449,JOB011,EMPLOYEE_DATA_SYNC,Reporting,0,Wednesday,8,25,6,68,261464,52,69,Ready,Success
9450,JOB013,LOG_CLEANUP,Data Processing,19,Friday,5,28,8,96,22610,54,91,Ready,Failed
9451,JOB005,BACKUP_JOB,Data Processing,14,Monday,23,7,3,12,186482,56,66,Ready,Success
9452,JOB012,DATABASE_BACKUP,Backup,13,Wednesday,24,11,7,50,312575,35,87,Ready,Success
9453,JOB013,LOG_CLEANUP,Backup,7,Tuesday,11,25,7,104,7215,91,32,Ready,Failed
9454,JOB016,WAREHOUSE_UPDATE,Data Processing,9,Monday,29,4,7,43,364118,52,33,Ready,Failed
9455,JOB020,ARCHIVE_JOB,Synchronization,8,Thursday,22,0,7,56,421344,72,28,Ready,Failed
9456,JOB003,INVENTORY_UPDATE,Data Transfer,16,Tuesday,19,7,5,12,88777,54,47,Delayed,Success
9457,JOB005,BACKUP_JOB,Data Transfer,8,Sunday,29,27,7,110,409501,74,57,Ready,Failed
9458,JOB007,CUSTOMER_REPORT,Data Transfer,2,Friday,19,4,5,54,248913,95,31,Ready,Failed
9459,JOB009,STOCK_UPDATE,Data Transfer,10,Tuesday,21,16,9,54,139740,36,32,Delayed,Failed
9460,JOB010,ORDER_PROCESSING,Data Transfer,11,Thursday,13,14,1,87,302214,46,40,Ready,Success
9461,JOB017,INVOICE_PROCESSING,Data Processing,9,Tuesday,26,3,2,72,301181,40,74,Delayed,Failed
9462,JOB014,MASTER_DATA_SYNC,Data Processing,16,Monday,19,12,5,31,87029,40,57,Ready,Success
9463,JOB014,MASTER_DATA_SYNC,Synchronization,16,Saturday,26,16,6,81,429036,36,71,Delayed,Failed
9464,JOB015,DAILY_ANALYTICS,Reporting,10,Tuesday,6,12,3,42,462818,46,45,Ready,Failed
9465,JOB005,BACKUP_JOB,Data Transfer,21,Wednesday,7,24,0,25,275046,95,41,Ready,Success
9466,JOB004,DATA_TRANSFER,Synchronization,3,Sunday,7,25,3,94,391416,67,70,Delayed,Success
9467,JOB001,DAILY_SALES,Data Transfer,6,Thursday,29,1,5,49,65849,63,91,Ready,Success
9468,JOB016,WAREHOUSE_UPDATE,Data Processing,20,Tuesday,7,23,7,62,64698,55,56,Ready,Success
9469,JOB007,CUSTOMER_REPORT,Data Processing,13,Thursday,1,3,3,27,195886,47,64,Ready,Failed
9470,JOB013,LOG_CLEANUP,Data Transfer,6,Saturday,13,24,9,58,75585,44,56,Ready,Success
9471,JOB018,VENDOR_DATA_SYNC,Data Transfer,23,Monday,9,1,0,34,275136,92,33,Ready,Success
9472,JOB007,CUSTOMER_REPORT,Synchronization,7,Wednesday,17,11,4,99,472505,66,37,Ready,Failed
9473,JOB006,FINANCE_REPORT,Data Processing,0,Friday,17,18,6,99,392083,42,26,Ready,Failed
9474,JOB009,STOCK_UPDATE,Data Transfer,23,Tuesday,17,17,5,20,352310,94,93,Ready,Failed
9475,JOB016,WAREHOUSE_UPDATE,Synchronization,21,Monday,15,9,2,56,434756,69,79,Ready,Success
9476,JOB008,SALES_REPORT,Reporting,3,Thursday,19,29,6,110,342741,84,77,Ready,Success
9477,JOB004,DATA_TRANSFER,Synchronization,11,Saturday,4,4,3,45,456401,35,74,Ready,Success
9478,JOB020,ARCHIVE_JOB,Synchronization,23,Sunday,19,10,4,75,146584,69,53,Not Ready,Success
9479,JOB016,WAREHOUSE_UPDATE,Data Transfer,2,Thursday,30,0,6,85,432870,32,64,Ready,Failed
9480,JOB014,MASTER_DATA_SYNC,Reporting,12,Sunday,4,27,1,28,158504,54,22,Ready,Success
9481,JOB004,DATA_TRANSFER,Backup,19,Saturday,19,2,3,24,406635,51,59,Ready,Success
9482,JOB014,MASTER_DATA_SYNC,Reporting,5,Sunday,22,16,3,107,435952,44,95,Ready,Failed
9483,JOB004,DATA_TRANSFER,Backup,10,Saturday,9,25,5,31,344331,62,72,Ready,Success
9484,JOB002,MONTHLY_PAYROLL,Synchronization,22,Monday,16,14,6,6,29338,47,50,Ready,Success
9485,JOB018,VENDOR_DATA_SYNC,Reporting,3,Tuesday,29,13,3,64,24929,85,42,Not Ready,Failed
9486,JOB017,INVOICE_PROCESSING,Data Processing,19,Friday,12,23,9,55,454023,86,91,Ready,Failed
9487,JOB011,EMPLOYEE_DATA_SYNC,Backup,15,Tuesday,16,14,0,5,472383,52,84,Ready,Failed
9488,JOB018,VENDOR_DATA_SYNC,Reporting,6,Wednesday,17,15,0,102,315744,66,74,Ready,Success
9489,JOB019,SYSTEM_MONITORING,Data Transfer,21,Tuesday,12,27,4,95,359884,54,31,Ready,Failed
9490,JOB020,ARCHIVE_JOB,Backup,10,Saturday,16,3,0,105,172153,83,20,Delayed,Failed
9491,JOB018,VENDOR_DATA_SYNC,Backup,23,Saturday,27,18,2,118,385654,31,30,Ready,Failed
9492,JOB009,STOCK_UPDATE,Backup,0,Wednesday,14,23,8,10,231931,72,70,Ready,Failed
9493,JOB019,SYSTEM_MONITORING,Data Transfer,6,Thursday,25,28,2,42,481825,63,85,Ready,Success
9494,JOB019,SYSTEM_MONITORING,Data Processing,11,Saturday,11,24,2,58,446735,65,64,Ready,Success
9495,JOB008,SALES_REPORT,Data Processing,6,Wednesday,27,7,8,64,312873,30,91,Ready,Success
9496,JOB017,INVOICE_PROCESSING,Synchronization,22,Saturday,9,5,4,31,226624,89,50,Ready,Success
9497,JOB005,BACKUP_JOB,Synchronization,6,Friday,12,15,7,116,39284,65,72,Ready,Success
9498,JOB005,BACKUP_JOB,Reporting,9,Saturday,29,29,9,84,52674,78,64,Ready,Success
9499,JOB009,STOCK_UPDATE,Reporting,15,Monday,10,2,8,66,325108,78,86,Ready,Failed
9500,JOB002,MONTHLY_PAYROLL,Reporting,7,Wednesday,2,7,5,67,39461,53,60,Ready,Success
9501,JOB008,SALES_REPORT,Data Transfer,8,Sunday,21,28,6,103,211843,40,47,Delayed,Failed
9502,JOB012,DATABASE_BACKUP,Data Processing,8,Tuesday,9,4,6,95,66581,91,81,Ready,Failed
9503,JOB005,BACKUP_JOB,Data Transfer,1,Wednesday,10,4,6,39,273270,71,21,Ready,Failed
9504,JOB017,INVOICE_PROCESSING,Data Transfer,12,Thursday,5,11,3,62,301636,67,91,Not Ready,Failed
9505,JOB002,MONTHLY_PAYROLL,Backup,12,Saturday,0,24,1,65,100284,38,84,Delayed,Success
9506,JOB012,DATABASE_BACKUP,Synchronization,22,Wednesday,5,0,1,40,416147,23,40,Ready,Success
9507,JOB005,BACKUP_JOB,Synchronization,22,Friday,4,6,6,106,69830,51,34,Ready,Success
9508,JOB008,SALES_REPORT,Data Processing,3,Wednesday,6,23,9,96,322558,47,74,Ready,Success
9509,JOB012,DATABASE_BACKUP,Data Processing,23,Friday,21,10,6,60,383820,95,27,Delayed,Failed
9510,JOB002,MONTHLY_PAYROLL,Backup,11,Saturday,11,9,9,71,379946,77,39,Ready,Success
9511,JOB019,SYSTEM_MONITORING,Backup,16,Tuesday,11,2,6,61,58969,93,83,Ready,Success
9512,JOB011,EMPLOYEE_DATA_SYNC,Data Transfer,1,Saturday,6,7,7,45,283082,60,58,Ready,Failed
9513,JOB003,INVENTORY_UPDATE,Backup,12,Thursday,1,0,2,35,228533,52,26,Ready,Success
9514,JOB001,DAILY_SALES,Synchronization,17,Monday,27,7,4,7,193065,33,76,Delayed,Failed
9515,JOB010,ORDER_PROCESSING,Reporting,14,Tuesday,0,22,5,42,139801,72,94,Ready,Success
9516,JOB006,FINANCE_REPORT,Reporting,7,Tuesday,29,19,7,57,247017,95,50,Ready,Success
9517,JOB010,ORDER_PROCESSING,Data Transfer,14,Monday,22,10,7,56,365491,61,53,Delayed,Failed
9518,JOB015,DAILY_ANALYTICS,Data Transfer,0,Wednesday,24,6,9,28,338882,55,94,Ready,Failed
9519,JOB007,CUSTOMER_REPORT,Synchronization,19,Saturday,17,25,2,30,372233,44,70,Delayed,Failed
9520,JOB009,STOCK_UPDATE,Data Transfer,9,Wednesday,11,29,3,109,270095,71,75,Ready,Success
9521,JOB001,DAILY_SALES,Synchronization,11,Wednesday,6,26,5,115,83172,59,48,Ready,Success
9522,JOB013,LOG_CLEANUP,Data Processing,4,Saturday,18,15,3,96,416300,89,82,Ready,Failed
9523,JOB018,VENDOR_DATA_SYNC,Reporting,8,Thursday,21,6,9,77,239780,81,52,Ready,Failed
9524,JOB007,CUSTOMER_REPORT,Synchronization,22,Tuesday,2,12,3,41,138368,28,64,Ready,Success
9525,JOB009,STOCK_UPDATE,Backup,7,Friday,28,9,4,95,408242,88,25,Delayed,Failed
9526,JOB017,INVOICE_PROCESSING,Synchronization,15,Monday,9,28,9,52,188070,40,56,Ready,Success
9527,JOB006,FINANCE_REPORT,Reporting,13,Tuesday,28,27,6,71,130563,72,72,Not Ready,Failed
9528,JOB011,EMPLOYEE_DATA_SYNC,Reporting,12,Wednesday,26,16,1,45,126296,89,21,Not Ready,Failed
9529,JOB018,VENDOR_DATA_SYNC,Backup,22,Monday,26,2,1,53,382495,20,76,Ready,Success
9530,JOB011,EMPLOYEE_DATA_SYNC,Synchronization,20,Friday,10,6,9,32,257623,50,70,Not Ready,Failed
9531,JOB002,MONTHLY_PAYROLL,Reporting,12,Tuesday,4,10,8,36,187098,64,58,Ready,Success
9532,JOB017,INVOICE_PROCESSING,Synchronization,4,Tuesday,30,12,3,103,190593,47,41,Ready,Failed
9533,JOB016,WAREHOUSE_UPDATE,Data Transfer,15,Thursday,1,4,4,75,85122,22,62,Ready,Success
9534,JOB017,INVOICE_PROCESSING,Synchronization,10,Tuesday,7,24,2,75,20225,59,57,Delayed,Success
9535,JOB002,MONTHLY_PAYROLL,Reporting,21,Tuesday,13,22,1,89,296182,23,83,Not Ready,Failed
9536,JOB014,MASTER_DATA_SYNC,Backup,4,Friday,7,18,9,36,452121,89,56,Delayed,Failed
9537,JOB006,FINANCE_REPORT,Data Transfer,12,Friday,22,14,7,42,227812,95,57,Ready,Failed
9538,JOB006,FINANCE_REPORT,Backup,10,Monday,5,0,3,24,252269,31,90,Ready,Failed
9539,JOB019,SYSTEM_MONITORING,Backup,18,Wednesday,0,4,0,12,348203,81,50,Ready,Success
9540,JOB020,ARCHIVE_JOB,Data Processing,2,Friday,23,29,5,72,404587,90,63,Ready,Failed
9541,JOB009,STOCK_UPDATE,Backup,14,Monday,0,12,5,30,248453,67,33,Ready,Failed
9542,JOB002,MONTHLY_PAYROLL,Synchronization,6,Tuesday,7,9,1,83,370484,26,71,Ready,Failed
9543,JOB005,BACKUP_JOB,Reporting,6,Monday,10,28,1,74,488081,76,86,Delayed,Failed
9544,JOB001,DAILY_SALES,Reporting,5,Monday,17,4,7,52,94965,75,24,Not Ready,Success
9545,JOB016,WAREHOUSE_UPDATE,Synchronization,2,Monday,23,22,6,100,439491,86,61,Ready,Failed
9546,JOB004,DATA_TRANSFER,Backup,12,Saturday,9,29,1,73,332303,32,26,Ready,Success
9547,JOB015,DAILY_ANALYTICS,Data Processing,6,Monday,11,0,9,112,87914,71,37,Ready,Success
9548,JOB002,MONTHLY_PAYROLL,Data Processing,4,Friday,19,9,0,50,253840,82,76,Delayed,Failed
9549,JOB011,EMPLOYEE_DATA_SYNC,Synchronization,22,Sunday,22,17,7,62,196548,60,93,Delayed,Failed
9550,JOB015,DAILY_ANALYTICS,Synchronization,17,Sunday,15,26,9,74,326920,94,63,Delayed,Success
9551,JOB013,LOG_CLEANUP,Reporting,21,Sunday,4,21,1,71,10294,42,80,Not Ready,Failed
9552,JOB016,WAREHOUSE_UPDATE,Synchronization,7,Sunday,15,7,4,33,1750,66,82,Ready,Failed
9553,JOB007,CUSTOMER_REPORT,Data Transfer,16,Saturday,23,19,5,87,156195,84,51,Ready,Failed
9554,JOB014,MASTER_DATA_SYNC,Backup,19,Wednesday,11,2,9,14,109863,50,47,Ready,Success
9555,JOB010,ORDER_PROCESSING,Data Transfer,0,Monday,30,18,0,75,382245,55,23,Not Ready,Failed
9556,JOB003,INVENTORY_UPDATE,Synchronization,13,Thursday,5,18,1,113,458190,33,34,Ready,Failed
9557,JOB011,EMPLOYEE_DATA_SYNC,Backup,16,Sunday,29,1,9,69,467766,56,21,Ready,Success
9558,JOB007,CUSTOMER_REPORT,Synchronization,9,Tuesday,30,16,3,69,391534,51,42,Ready,Success
9559,JOB010,ORDER_PROCESSING,Data Processing,11,Sunday,4,15,1,21,43732,72,78,Ready,Success
9560,JOB008,SALES_REPORT,Reporting,15,Sunday,0,20,5,26,226867,47,42,Ready,Success
9561,JOB014,MASTER_DATA_SYNC,Synchronization,13,Tuesday,18,9,3,104,244505,84,45,Ready,Success
9562,JOB007,CUSTOMER_REPORT,Data Transfer,15,Saturday,9,20,2,18,314382,66,53,Delayed,Success
9563,JOB016,WAREHOUSE_UPDATE,Reporting,7,Tuesday,24,15,5,10,176302,90,32,Ready,Success
9564,JOB019,SYSTEM_MONITORING,Data Processing,22,Tuesday,30,4,8,34,311190,51,59,Ready,Success
9565,JOB017,INVOICE_PROCESSING,Data Processing,9,Saturday,13,19,7,114,144464,43,70,Ready,Failed
9566,JOB014,MASTER_DATA_SYNC,Data Processing,16,Tuesday,24,2,1,51,449069,33,29,Delayed,Success
9567,JOB019,SYSTEM_MONITORING,Synchronization,17,Monday,20,27,2,101,119553,66,58,Ready,Success
9568,JOB007,CUSTOMER_REPORT,Data Processing,19,Sunday,2,2,1,24,173538,20,23,Ready,Success
9569,JOB014,MASTER_DATA_SYNC,Reporting,15,Wednesday,5,1,9,20,390689,38,71,Ready,Success
9570,JOB012,DATABASE_BACKUP,Synchronization,16,Saturday,4,20,6,72,361776,77,75,Ready,Failed
9571,JOB012,DATABASE_BACKUP,Synchronization,15,Thursday,30,3,8,38,387738,26,46,Delayed,Failed
9572,JOB001,DAILY_SALES,Backup,18,Saturday,16,21,0,5,325567,83,27,Delayed,Failed
9573,JOB009,STOCK_UPDATE,Reporting,23,Friday,17,17,2,81,343323,37,72,Delayed,Success
9574,JOB014,MASTER_DATA_SYNC,Synchronization,23,Thursday,11,1,5,52,189637,82,32,Ready,Failed
9575,JOB018,VENDOR_DATA_SYNC,Reporting,7,Friday,4,23,3,12,480023,87,65,Ready,Failed
9576,JOB018,VENDOR_DATA_SYNC,Synchronization,5,Saturday,29,5,9,26,16386,69,55,Ready,Failed
9577,JOB018,VENDOR_DATA_SYNC,Data Processing,5,Friday,8,2,9,72,253576,87,62,Ready,Success
9578,JOB009,STOCK_UPDATE,Backup,20,Thursday,11,20,0,38,291966,35,54,Ready,Success
9579,JOB011,EMPLOYEE_DATA_SYNC,Data Transfer,8,Monday,19,2,8,64,105620,33,70,Ready,Success
9580,JOB011,EMPLOYEE_DATA_SYNC,Backup,3,Saturday,8,26,6,49,470714,81,82,Ready,Failed
9581,JOB007,CUSTOMER_REPORT,Backup,11,Saturday,2,1,6,41,275275,26,87,Ready,Success
9582,JOB001,DAILY_SALES,Reporting,11,Tuesday,0,2,0,27,190394,75,32,Ready,Success
9583,JOB010,ORDER_PROCESSING,Reporting,22,Saturday,21,16,8,88,430077,33,66,Ready,Failed
9584,JOB001,DAILY_SALES,Data Transfer,16,Sunday,14,13,7,28,204561,61,25,Delayed,Success
9585,JOB007,CUSTOMER_REPORT,Reporting,14,Sunday,9,6,9,95,487252,89,37,Ready,Success
9586,JOB011,EMPLOYEE_DATA_SYNC,Data Processing,8,Saturday,13,21,4,17,473608,81,27,Ready,Success
9587,JOB001,DAILY_SALES,Reporting,6,Monday,6,20,3,73,83540,62,60,Ready,Success
9588,JOB011,EMPLOYEE_DATA_SYNC,Data Transfer,9,Tuesday,3,5,0,84,184689,76,80,Ready,Failed
9589,JOB007,CUSTOMER_REPORT,Synchronization,15,Wednesday,25,7,8,64,171030,94,39,Delayed,Failed
9590,JOB002,MONTHLY_PAYROLL,Reporting,11,Friday,4,18,7,42,469575,50,75,Ready,Success
9591,JOB008,SALES_REPORT,Backup,6,Thursday,19,18,1,52,383076,70,21,Ready,Success
9592,JOB003,INVENTORY_UPDATE,Backup,17,Wednesday,15,11,3,97,186638,86,85,Ready,Failed
9593,JOB008,SALES_REPORT,Reporting,14,Tuesday,2,4,3,30,491361,20,51,Delayed,Success
9594,JOB003,INVENTORY_UPDATE,Data Processing,5,Sunday,16,4,6,90,43797,63,41,Ready,Success
9595,JOB020,ARCHIVE_JOB,Backup,11,Sunday,12,13,2,92,333615,69,60,Not Ready,Failed
9596,JOB014,MASTER_DATA_SYNC,Data Processing,10,Sunday,5,26,7,81,359194,79,29,Ready,Failed
9597,JOB019,SYSTEM_MONITORING,Data Transfer,19,Monday,25,16,6,111,207360,22,58,Delayed,Success
9598,JOB008,SALES_REPORT,Reporting,2,Sunday,4,15,9,89,260665,91,64,Ready,Success
9599,JOB010,ORDER_PROCESSING,Synchronization,1,Thursday,15,3,3,5,476022,73,24,Delayed,Failed
9600,JOB012,DATABASE_BACKUP,Backup,5,Friday,10,24,8,8,171553,21,31,Ready,Failed
9601,JOB014,MASTER_DATA_SYNC,Synchronization,23,Saturday,16,7,5,71,416674,48,51,Ready,Success
9602,JOB020,ARCHIVE_JOB,Backup,21,Saturday,4,2,2,118,417281,35,59,Ready,Failed
9603,JOB009,STOCK_UPDATE,Data Processing,4,Wednesday,5,20,6,91,252176,78,37,Ready,Success
9604,JOB015,DAILY_ANALYTICS,Backup,17,Friday,9,4,5,84,243260,30,93,Ready,Success
9605,JOB017,INVOICE_PROCESSING,Data Transfer,15,Tuesday,20,22,7,113,357373,43,83,Ready,Failed
9606,JOB020,ARCHIVE_JOB,Data Processing,7,Friday,0,23,4,17,475989,51,20,Ready,Success
9607,JOB004,DATA_TRANSFER,Synchronization,19,Monday,29,24,5,43,29897,93,72,Ready,Failed
9608,JOB002,MONTHLY_PAYROLL,Data Processing,21,Wednesday,20,6,0,35,62988,73,61,Ready,Success
9609,JOB007,CUSTOMER_REPORT,Backup,10,Wednesday,9,17,7,28,152925,75,57,Ready,Success
9610,JOB019,SYSTEM_MONITORING,Data Transfer,9,Monday,16,23,0,115,122444,90,36,Delayed,Success
9611,JOB012,DATABASE_BACKUP,Data Transfer,23,Friday,26,7,2,83,130677,62,81,Ready,Success
9612,JOB014,MASTER_DATA_SYNC,Data Transfer,11,Sunday,2,10,1,9,296939,72,47,Ready,Success
9613,JOB005,BACKUP_JOB,Synchronization,20,Monday,27,28,5,53,125865,20,41,Delayed,Failed
9614,JOB010,ORDER_PROCESSING,Data Processing,5,Sunday,28,13,7,90,322214,80,65,Delayed,Failed
9615,JOB020,ARCHIVE_JOB,Reporting,19,Thursday,1,17,7,90,75560,53,57,Ready,Failed
9616,JOB012,DATABASE_BACKUP,Synchronization,4,Monday,28,12,6,15,340265,80,51,Ready,Failed
9617,JOB007,CUSTOMER_REPORT,Data Processing,22,Sunday,16,5,6,28,342772,80,74,Delayed,Failed
9618,JOB001,DAILY_SALES,Data Transfer,8,Friday,3,12,7,49,192002,27,28,Delayed,Failed
9619,JOB018,VENDOR_DATA_SYNC,Backup,15,Sunday,1,25,4,78,439643,73,69,Ready,Success
9620,JOB009,STOCK_UPDATE,Backup,21,Monday,4,0,2,115,391736,72,56,Ready,Failed
9621,JOB012,DATABASE_BACKUP,Backup,13,Tuesday,9,10,1,38,270944,39,84,Ready,Failed
9622,JOB004,DATA_TRANSFER,Backup,21,Saturday,0,6,2,15,149844,65,63,Delayed,Failed
9623,JOB010,ORDER_PROCESSING,Reporting,7,Monday,27,9,2,61,51064,50,79,Ready,Failed
9624,JOB008,SALES_REPORT,Data Processing,19,Saturday,25,1,6,111,319935,45,48,Not Ready,Failed
9625,JOB004,DATA_TRANSFER,Data Processing,18,Monday,0,15,0,33,74208,82,82,Ready,Success
9626,JOB006,FINANCE_REPORT,Synchronization,13,Friday,26,4,6,26,301344,39,95,Ready,Failed
9627,JOB012,DATABASE_BACKUP,Backup,6,Thursday,25,15,5,37,305373,41,45,Ready,Success
9628,JOB001,DAILY_SALES,Synchronization,4,Thursday,3,29,9,76,313053,76,64,Ready,Success
9629,JOB015,DAILY_ANALYTICS,Backup,17,Saturday,6,22,1,53,223972,76,54,Ready,Success
9630,JOB008,SALES_REPORT,Reporting,1,Friday,13,25,9,100,205651,45,26,Ready,Success
9631,JOB013,LOG_CLEANUP,Reporting,10,Sunday,13,15,0,108,202800,36,86,Delayed,Failed
9632,JOB018,VENDOR_DATA_SYNC,Data Transfer,21,Friday,17,26,8,113,85753,46,72,Not Ready,Failed
9633,JOB015,DAILY_ANALYTICS,Backup,7,Friday,1,14,1,27,129863,86,60,Ready,Failed
9634,JOB018,VENDOR_DATA_SYNC,Backup,0,Tuesday,0,8,3,73,495581,75,23,Delayed,Failed
9635,JOB011,EMPLOYEE_DATA_SYNC,Data Processing,21,Wednesday,20,29,8,99,52239,43,21,Ready,Failed
9636,JOB018,VENDOR_DATA_SYNC,Reporting,11,Monday,21,0,8,33,65567,44,54,Ready,Success
9637,JOB009,STOCK_UPDATE,Data Processing,1,Friday,15,8,0,10,237404,29,52,Ready,Success
9638,JOB015,DAILY_ANALYTICS,Synchronization,17,Friday,28,10,1,56,93904,55,69,Delayed,Success
9639,JOB019,SYSTEM_MONITORING,Data Processing,6,Friday,21,4,1,93,46621,64,32,Delayed,Failed
9640,JOB018,VENDOR_DATA_SYNC,Backup,16,Thursday,17,5,1,93,348307,36,26,Ready,Failed
9641,JOB017,INVOICE_PROCESSING,Data Processing,21,Friday,15,29,7,99,46357,77,58,Ready,Success
9642,JOB001,DAILY_SALES,Data Transfer,22,Monday,27,7,7,18,443271,42,68,Ready,Failed
9643,JOB019,SYSTEM_MONITORING,Data Processing,13,Sunday,27,14,9,21,467409,27,22,Delayed,Failed
9644,JOB017,INVOICE_PROCESSING,Data Transfer,23,Sunday,22,26,7,84,297636,69,36,Ready,Success
9645,JOB020,ARCHIVE_JOB,Backup,6,Friday,21,15,3,32,196521,35,44,Ready,Success
9646,JOB005,BACKUP_JOB,Synchronization,21,Monday,23,29,7,13,272269,62,33,Ready,Success
9647,JOB006,FINANCE_REPORT,Reporting,2,Tuesday,5,17,6,119,427538,65,24,Ready,Failed
9648,JOB010,ORDER_PROCESSING,Data Transfer,5,Sunday,24,11,7,70,156651,68,90,Ready,Success
9649,JOB001,DAILY_SALES,Reporting,19,Wednesday,9,22,0,8,297196,34,52,Ready,Success
9650,JOB020,ARCHIVE_JOB,Synchronization,1,Thursday,1,27,2,24,406476,68,70,Ready,Failed
9651,JOB019,SYSTEM_MONITORING,Data Processing,16,Monday,6,3,9,45,87896,40,36,Ready,Failed
9652,JOB007,CUSTOMER_REPORT,Synchronization,11,Sunday,20,24,5,40,344609,94,80,Ready,Failed
9653,JOB019,SYSTEM_MONITORING,Synchronization,11,Sunday,16,21,0,105,242188,25,50,Delayed,Success
9654,JOB010,ORDER_PROCESSING,Backup,16,Saturday,2,15,3,10,30081,74,34,Not Ready,Success
9655,JOB017,INVOICE_PROCESSING,Data Transfer,9,Tuesday,19,22,8,120,113362,95,59,Not Ready,Failed
9656,JOB001,DAILY_SALES,Synchronization,2,Wednesday,11,10,6,69,228592,34,84,Ready,Failed
9657,JOB011,EMPLOYEE_DATA_SYNC,Data Transfer,19,Wednesday,1,21,0,113,7158,30,39,Ready,Success
9658,JOB020,ARCHIVE_JOB,Data Transfer,17,Wednesday,6,26,5,54,287807,58,53,Ready,Success
9659,JOB005,BACKUP_JOB,Synchronization,12,Monday,16,23,5,68,318399,93,84,Not Ready,Failed
9660,JOB007,CUSTOMER_REPORT,Reporting,11,Tuesday,18,21,1,7,144458,70,51,Not Ready,Success
9661,JOB014,MASTER_DATA_SYNC,Synchronization,16,Friday,11,6,5,120,415703,56,41,Not Ready,Failed
9662,JOB001,DAILY_SALES,Backup,3,Saturday,8,23,9,41,485968,68,81,Ready,Failed
9663,JOB004,DATA_TRANSFER,Data Processing,22,Tuesday,26,14,1,113,263360,76,64,Ready,Success
9664,JOB004,DATA_TRANSFER,Data Processing,9,Tuesday,13,16,7,110,368001,84,30,Ready,Success
9665,JOB019,SYSTEM_MONITORING,Backup,10,Sunday,1,14,6,7,304294,36,52,Ready,Failed
9666,JOB015,DAILY_ANALYTICS,Synchronization,5,Tuesday,20,9,5,111,30910,82,57,Delayed,Failed
9667,JOB018,VENDOR_DATA_SYNC,Synchronization,5,Monday,3,27,9,37,248493,33,84,Ready,Failed
9668,JOB006,FINANCE_REPORT,Synchronization,8,Saturday,27,3,5,63,497232,57,82,Ready,Failed
9669,JOB017,INVOICE_PROCESSING,Reporting,14,Monday,18,21,8,19,466946,44,57,Delayed,Success
9670,JOB004,DATA_TRANSFER,Data Processing,1,Saturday,20,16,8,60,428189,56,92,Ready,Failed
9671,JOB010,ORDER_PROCESSING,Reporting,3,Saturday,15,3,9,65,167482,75,32,Delayed,Success
9672,JOB010,ORDER_PROCESSING,Data Transfer,4,Sunday,21,21,9,72,241798,26,67,Ready,Failed
9673,JOB014,MASTER_DATA_SYNC,Data Transfer,16,Monday,16,22,1,83,285901,30,43,Ready,Success
9674,JOB006,FINANCE_REPORT,Backup,7,Saturday,1,28,2,75,192722,93,55,Delayed,Failed
9675,JOB016,WAREHOUSE_UPDATE,Reporting,7,Tuesday,16,21,9,115,290567,54,39,Ready,Success
9676,JOB014,MASTER_DATA_SYNC,Synchronization,21,Monday,18,10,6,72,389481,55,62,Ready,Failed
9677,JOB012,DATABASE_BACKUP,Synchronization,11,Saturday,7,3,9,66,472569,89,76,Ready,Success
9678,JOB008,SALES_REPORT,Reporting,20,Wednesday,23,11,8,71,102659,71,84,Ready,Failed
9679,JOB011,EMPLOYEE_DATA_SYNC,Synchronization,7,Monday,19,28,5,27,29742,88,79,Ready,Failed
9680,JOB014,MASTER_DATA_SYNC,Synchronization,18,Sunday,5,22,0,18,246239,61,62,Ready,Success
9681,JOB001,DAILY_SALES,Reporting,2,Thursday,11,9,6,10,374974,90,84,Ready,Success
9682,JOB019,SYSTEM_MONITORING,Data Transfer,17,Monday,24,13,0,37,494684,34,65,Ready,Failed
9683,JOB016,WAREHOUSE_UPDATE,Reporting,20,Monday,29,17,4,13,164939,40,81,Ready,Failed
9684,JOB014,MASTER_DATA_SYNC,Data Processing,18,Monday,22,5,8,16,280127,20,89,Not Ready,Failed
9685,JOB005,BACKUP_JOB,Data Processing,18,Saturday,17,4,9,118,288579,87,45,Ready,Failed
9686,JOB007,CUSTOMER_REPORT,Data Processing,14,Monday,26,1,9,103,285312,30,48,Delayed,Failed
9687,JOB009,STOCK_UPDATE,Backup,5,Thursday,1,24,8,99,335118,29,60,Ready,Success
9688,JOB020,ARCHIVE_JOB,Backup,15,Friday,18,12,0,55,376984,64,34,Ready,Success
9689,JOB017,INVOICE_PROCESSING,Data Transfer,7,Monday,23,22,5,7,114795,75,38,Ready,Success
9690,JOB004,DATA_TRANSFER,Reporting,15,Wednesday,9,13,2,60,489428,38,92,Delayed,Failed
9691,JOB005,BACKUP_JOB,Data Transfer,17,Thursday,30,2,8,50,307995,61,78,Delayed,Failed
9692,JOB003,INVENTORY_UPDATE,Data Processing,19,Friday,24,22,2,40,290401,60,47,Ready,Success
9693,JOB017,INVOICE_PROCESSING,Data Processing,15,Saturday,28,10,1,17,498362,39,34,Ready,Success
9694,JOB006,FINANCE_REPORT,Backup,10,Monday,29,26,7,17,82475,46,77,Ready,Success
9695,JOB016,WAREHOUSE_UPDATE,Data Processing,6,Friday,2,21,2,62,155636,31,72,Ready,Success
9696,JOB006,FINANCE_REPORT,Backup,16,Wednesday,24,22,4,102,44200,83,61,Ready,Failed
9697,JOB019,SYSTEM_MONITORING,Data Transfer,16,Thursday,27,3,5,89,434726,57,47,Ready,Success
9698,JOB010,ORDER_PROCESSING,Reporting,11,Thursday,11,12,9,38,124873,85,92,Ready,Failed
9699,JOB010,ORDER_PROCESSING,Reporting,12,Saturday,25,28,9,110,37678,77,38,Ready,Success
9700,JOB011,EMPLOYEE_DATA_SYNC,Reporting,9,Saturday,15,25,0,47,274917,30,90,Ready,Success
9701,JOB017,INVOICE_PROCESSING,Reporting,6,Saturday,11,28,6,32,145406,49,21,Ready,Success
9702,JOB019,SYSTEM_MONITORING,Synchronization,13,Friday,7,7,6,60,29701,83,37,Ready,Success
9703,JOB007,CUSTOMER_REPORT,Data Transfer,22,Monday,4,7,4,51,471384,67,59,Ready,Success
9704,JOB001,DAILY_SALES,Backup,0,Tuesday,10,22,8,39,350884,59,72,Ready,Failed
9705,JOB008,SALES_REPORT,Data Transfer,16,Thursday,9,12,1,82,80468,87,27,Ready,Failed
9706,JOB003,INVENTORY_UPDATE,Data Transfer,3,Tuesday,2,22,4,86,49528,40,28,Delayed,Success
9707,JOB006,FINANCE_REPORT,Synchronization,20,Sunday,26,9,1,23,2376,24,40,Ready,Success
9708,JOB010,ORDER_PROCESSING,Synchronization,4,Thursday,22,12,1,87,222755,55,63,Ready,Failed
9709,JOB017,INVOICE_PROCESSING,Reporting,19,Saturday,8,12,8,101,472105,26,79,Ready,Failed
9710,JOB008,SALES_REPORT,Reporting,23,Monday,11,23,6,55,322701,79,90,Ready,Success
9711,JOB004,DATA_TRANSFER,Data Processing,22,Monday,5,16,3,103,125395,75,50,Ready,Failed
9712,JOB020,ARCHIVE_JOB,Data Processing,6,Thursday,18,5,7,24,406132,50,32,Ready,Success
9713,JOB008,SALES_REPORT,Synchronization,9,Friday,15,1,3,33,218651,44,64,Not Ready,Success
9714,JOB009,STOCK_UPDATE,Reporting,16,Sunday,20,16,0,76,369819,75,21,Ready,Success
9715,JOB017,INVOICE_PROCESSING,Backup,6,Saturday,22,11,9,93,228871,93,53,Ready,Failed
9716,JOB002,MONTHLY_PAYROLL,Synchronization,0,Monday,23,25,2,85,67261,53,88,Delayed,Success
9717,JOB008,SALES_REPORT,Data Processing,6,Sunday,28,22,9,69,194288,63,85,Delayed,Failed
9718,JOB005,BACKUP_JOB,Data Transfer,23,Sunday,13,5,0,42,444408,26,81,Not Ready,Failed
9719,JOB016,WAREHOUSE_UPDATE,Backup,10,Monday,27,4,1,53,334949,70,66,Not Ready,Failed
9720,JOB015,DAILY_ANALYTICS,Backup,8,Wednesday,3,4,1,98,181305,44,21,Ready,Success
9721,JOB004,DATA_TRANSFER,Synchronization,11,Sunday,17,24,6,32,192527,47,91,Ready,Success
9722,JOB018,VENDOR_DATA_SYNC,Data Processing,2,Monday,9,8,3,37,318031,61,56,Not Ready,Failed
9723,JOB002,MONTHLY_PAYROLL,Backup,3,Wednesday,17,27,9,17,229570,46,82,Delayed,Failed
9724,JOB014,MASTER_DATA_SYNC,Data Transfer,3,Monday,11,27,8,92,176050,56,75,Ready,Failed
9725,JOB016,WAREHOUSE_UPDATE,Reporting,12,Monday,18,21,1,48,346269,74,65,Ready,Success
9726,JOB006,FINANCE_REPORT,Synchronization,22,Sunday,7,28,8,105,95079,57,82,Ready,Failed
9727,JOB018,VENDOR_DATA_SYNC,Data Processing,18,Friday,0,2,5,90,441757,75,27,Ready,Success
9728,JOB005,BACKUP_JOB,Data Processing,9,Friday,13,22,9,56,295555,53,74,Not Ready,Failed
9729,JOB004,DATA_TRANSFER,Backup,4,Saturday,22,19,7,81,227993,48,62,Delayed,Failed
9730,JOB011,EMPLOYEE_DATA_SYNC,Synchronization,6,Monday,5,4,6,108,138745,67,42,Not Ready,Failed
9731,JOB006,FINANCE_REPORT,Reporting,23,Saturday,13,6,7,80,285300,91,35,Ready,Failed
9732,JOB020,ARCHIVE_JOB,Reporting,15,Saturday,1,11,8,45,30856,65,71,Delayed,Success
9733,JOB007,CUSTOMER_REPORT,Data Processing,0,Saturday,8,6,7,53,342902,56,73,Ready,Failed
9734,JOB014,MASTER_DATA_SYNC,Data Processing,11,Saturday,28,9,5,114,127677,22,95,Ready,Failed
9735,JOB014,MASTER_DATA_SYNC,Reporting,1,Thursday,11,7,7,11,302054,69,56,Ready,Failed
9736,JOB017,INVOICE_PROCESSING,Data Transfer,6,Sunday,4,16,7,40,298893,40,86,Ready,Failed
9737,JOB013,LOG_CLEANUP,Data Processing,10,Sunday,1,4,1,97,454341,67,37,Ready,Failed
9738,JOB014,MASTER_DATA_SYNC,Synchronization,12,Thursday,18,14,1,97,29421,77,78,Ready,Success
9739,JOB013,LOG_CLEANUP,Backup,1,Monday,6,27,0,30,439828,50,20,Ready,Success
9740,JOB018,VENDOR_DATA_SYNC,Data Processing,6,Thursday,6,8,9,31,481442,26,38,Delayed,Failed
9741,JOB010,ORDER_PROCESSING,Data Transfer,14,Monday,9,22,1,28,491849,76,32,Delayed,Success
9742,JOB007,CUSTOMER_REPORT,Backup,10,Friday,16,10,6,99,364894,55,52,Delayed,Failed
9743,JOB016,WAREHOUSE_UPDATE,Data Transfer,1,Sunday,30,27,2,75,485818,43,41,Delayed,Success
9744,JOB014,MASTER_DATA_SYNC,Data Transfer,6,Tuesday,25,12,3,85,494808,43,46,Delayed,Failed
9745,JOB009,STOCK_UPDATE,Backup,3,Wednesday,13,17,3,117,154312,75,69,Not Ready,Success
9746,JOB010,ORDER_PROCESSING,Data Processing,10,Sunday,26,16,3,37,183605,80,91,Delayed,Failed
9747,JOB001,DAILY_SALES,Reporting,1,Thursday,10,23,1,102,74775,89,72,Ready,Failed
9748,JOB006,FINANCE_REPORT,Backup,15,Thursday,27,8,5,22,376918,47,79,Ready,Failed
9749,JOB010,ORDER_PROCESSING,Backup,6,Friday,19,9,0,109,398224,51,69,Ready,Success
9750,JOB019,SYSTEM_MONITORING,Reporting,12,Thursday,5,4,4,9,475706,64,85,Ready,Failed
9751,JOB002,MONTHLY_PAYROLL,Backup,4,Monday,7,29,1,5,499791,88,43,Ready,Success
9752,JOB004,DATA_TRANSFER,Synchronization,16,Monday,18,10,8,75,288182,87,88,Delayed,Failed
9753,JOB011,EMPLOYEE_DATA_SYNC,Data Processing,20,Tuesday,29,21,1,102,399409,37,27,Delayed,Failed
9754,JOB014,MASTER_DATA_SYNC,Reporting,11,Tuesday,18,14,5,7,205342,94,39,Ready,Success
9755,JOB014,MASTER_DATA_SYNC,Data Processing,18,Sunday,23,1,3,40,445732,21,85,Ready,Success
9756,JOB012,DATABASE_BACKUP,Reporting,6,Tuesday,23,26,5,39,375785,22,89,Ready,Failed
9757,JOB014,MASTER_DATA_SYNC,Backup,5,Monday,23,20,1,55,287449,48,78,Ready,Success
9758,JOB011,EMPLOYEE_DATA_SYNC,Backup,7,Saturday,16,27,1,16,322907,67,66,Ready,Success
9759,JOB001,DAILY_SALES,Data Processing,12,Saturday,23,19,6,19,248553,84,55,Ready,Failed
9760,JOB020,ARCHIVE_JOB,Data Transfer,4,Tuesday,23,23,2,8,496060,61,21,Ready,Success
9761,JOB019,SYSTEM_MONITORING,Synchronization,1,Tuesday,17,23,2,60,359219,25,83,Ready,Success
9762,JOB003,INVENTORY_UPDATE,Data Processing,8,Monday,11,13,6,101,42993,78,57,Ready,Success
9763,JOB001,DAILY_SALES,Backup,10,Friday,8,4,7,20,484915,38,45,Delayed,Success
9764,JOB020,ARCHIVE_JOB,Data Processing,23,Sunday,22,26,6,97,390542,71,39,Ready,Success
9765,JOB004,DATA_TRANSFER,Data Processing,5,Thursday,23,23,2,10,41193,80,23,Ready,Failed
9766,JOB014,MASTER_DATA_SYNC,Backup,6,Sunday,15,5,2,67,301664,21,84,Ready,Success
9767,JOB008,SALES_REPORT,Data Transfer,6,Wednesday,17,25,6,117,417576,42,33,Not Ready,Failed
9768,JOB007,CUSTOMER_REPORT,Reporting,18,Saturday,15,21,2,105,257961,38,54,Ready,Success
9769,JOB020,ARCHIVE_JOB,Data Transfer,5,Saturday,15,28,1,27,167614,89,71,Ready,Success
9770,JOB017,INVOICE_PROCESSING,Backup,10,Monday,3,14,6,81,34243,69,42,Ready,Failed
9771,JOB012,DATABASE_BACKUP,Data Processing,10,Sunday,22,28,2,48,480476,80,39,Not Ready,Failed
9772,JOB017,INVOICE_PROCESSING,Synchronization,6,Monday,21,3,4,5,123192,38,46,Ready,Success
9773,JOB015,DAILY_ANALYTICS,Reporting,1,Wednesday,6,9,6,61,143003,41,60,Delayed,Success
9774,JOB003,INVENTORY_UPDATE,Data Processing,18,Sunday,0,27,1,80,21967,22,55,Ready,Success
9775,JOB016,WAREHOUSE_UPDATE,Data Transfer,3,Wednesday,23,26,7,31,487228,24,23,Delayed,Success
9776,JOB006,FINANCE_REPORT,Reporting,5,Tuesday,28,18,1,29,195347,86,45,Ready,Failed
9777,JOB014,MASTER_DATA_SYNC,Synchronization,16,Sunday,22,8,3,90,240393,79,59,Ready,Success
9778,JOB018,VENDOR_DATA_SYNC,Data Transfer,4,Wednesday,28,20,3,66,194608,58,93,Ready,Success
9779,JOB019,SYSTEM_MONITORING,Reporting,6,Thursday,19,25,7,102,58040,47,85,Ready,Failed
9780,JOB005,BACKUP_JOB,Data Processing,8,Thursday,0,9,0,22,489176,20,92,Ready,Success
9781,JOB001,DAILY_SALES,Synchronization,0,Saturday,30,3,8,109,373396,41,22,Ready,Success
9782,JOB015,DAILY_ANALYTICS,Data Processing,0,Thursday,7,21,5,84,6023,64,83,Delayed,Success
9783,JOB019,SYSTEM_MONITORING,Backup,18,Sunday,25,29,3,97,227308,70,48,Ready,Success
9784,JOB012,DATABASE_BACKUP,Synchronization,5,Thursday,22,3,5,34,367029,70,73,Delayed,Failed
9785,JOB005,BACKUP_JOB,Reporting,17,Thursday,7,5,5,34,498005,47,26,Ready,Success
9786,JOB017,INVOICE_PROCESSING,Backup,9,Tuesday,9,25,8,88,496086,49,44,Ready,Failed
9787,JOB009,STOCK_UPDATE,Backup,10,Saturday,0,7,3,51,220352,27,43,Ready,Success
9788,JOB001,DAILY_SALES,Data Processing,0,Monday,20,15,7,26,112829,60,62,Ready,Success
9789,JOB017,INVOICE_PROCESSING,Reporting,0,Saturday,24,7,0,46,374694,44,25,Delayed,Success
9790,JOB020,ARCHIVE_JOB,Data Transfer,12,Saturday,20,27,5,38,84268,78,34,Ready,Success
9791,JOB004,DATA_TRANSFER,Backup,4,Saturday,28,15,4,67,363805,53,59,Delayed,Success
9792,JOB002,MONTHLY_PAYROLL,Synchronization,19,Wednesday,13,5,2,8,207885,58,80,Ready,Success
9793,JOB007,CUSTOMER_REPORT,Synchronization,0,Monday,13,16,3,118,268144,90,40,Delayed,Success
9794,JOB002,MONTHLY_PAYROLL,Data Transfer,19,Wednesday,9,28,7,35,30756,65,77,Ready,Failed
9795,JOB013,LOG_CLEANUP,Backup,2,Tuesday,27,0,9,55,38982,57,51,Ready,Success
9796,JOB005,BACKUP_JOB,Data Transfer,17,Tuesday,18,29,1,54,261328,52,31,Delayed,Success
9797,JOB004,DATA_TRANSFER,Synchronization,8,Friday,24,18,7,18,449276,41,28,Not Ready,Failed
9798,JOB016,WAREHOUSE_UPDATE,Synchronization,13,Friday,28,17,6,12,145931,46,39,Delayed,Success
9799,JOB003,INVENTORY_UPDATE,Reporting,16,Tuesday,15,16,0,105,54760,82,34,Ready,Success
9800,JOB017,INVOICE_PROCESSING,Backup,22,Tuesday,8,16,1,73,12734,46,27,Ready,Success
9801,JOB012,DATABASE_BACKUP,Data Processing,13,Wednesday,19,27,6,12,261310,40,40,Delayed,Failed
9802,JOB008,SALES_REPORT,Synchronization,3,Tuesday,15,11,2,15,216438,72,64,Not Ready,Success
9803,JOB001,DAILY_SALES,Data Processing,4,Sunday,19,11,1,33,391701,54,59,Ready,Success
9804,JOB009,STOCK_UPDATE,Reporting,20,Monday,26,5,0,59,338472,66,25,Ready,Failed
9805,JOB003,INVENTORY_UPDATE,Backup,16,Wednesday,7,6,6,89,85997,69,30,Ready,Failed
9806,JOB006,FINANCE_REPORT,Data Transfer,21,Tuesday,6,7,2,43,88975,29,83,Ready,Success
9807,JOB008,SALES_REPORT,Backup,1,Wednesday,10,2,5,17,467850,47,61,Ready,Success
9808,JOB013,LOG_CLEANUP,Synchronization,22,Wednesday,20,16,9,68,196664,56,78,Ready,Success
9809,JOB004,DATA_TRANSFER,Data Processing,21,Thursday,5,20,7,53,11428,60,27,Delayed,Failed
9810,JOB009,STOCK_UPDATE,Data Processing,4,Friday,14,7,5,23,174718,80,91,Ready,Success
9811,JOB005,BACKUP_JOB,Data Transfer,3,Wednesday,18,27,6,71,22139,70,74,Not Ready,Failed
9812,JOB012,DATABASE_BACKUP,Data Processing,3,Saturday,13,26,5,102,209923,27,58,Delayed,Failed
9813,JOB011,EMPLOYEE_DATA_SYNC,Backup,5,Sunday,14,29,6,106,441996,77,70,Ready,Success
9814,JOB014,MASTER_DATA_SYNC,Backup,19,Sunday,5,10,4,87,494521,80,74,Ready,Failed
9815,JOB012,DATABASE_BACKUP,Backup,20,Wednesday,28,19,8,100,468078,52,95,Delayed,Failed
9816,JOB020,ARCHIVE_JOB,Backup,12,Saturday,23,17,2,115,428773,38,22,Ready,Success
9817,JOB005,BACKUP_JOB,Data Transfer,21,Sunday,9,15,5,104,29976,49,62,Ready,Success
9818,JOB013,LOG_CLEANUP,Data Processing,4,Thursday,13,24,8,119,437718,33,64,Ready,Failed
9819,JOB010,ORDER_PROCESSING,Data Transfer,22,Tuesday,15,27,0,107,276155,55,35,Ready,Success
9820,JOB013,LOG_CLEANUP,Data Processing,22,Wednesday,12,12,4,56,274687,26,24,Ready,Success
9821,JOB005,BACKUP_JOB,Synchronization,6,Thursday,10,8,3,82,123636,53,59,Ready,Success
9822,JOB017,INVOICE_PROCESSING,Backup,19,Monday,24,18,8,75,311286,69,95,Delayed,Failed
9823,JOB006,FINANCE_REPORT,Data Transfer,0,Thursday,2,6,0,24,384574,51,86,Not Ready,Failed
9824,JOB010,ORDER_PROCESSING,Backup,13,Friday,7,28,3,100,466814,61,64,Delayed,Failed
9825,JOB009,STOCK_UPDATE,Data Processing,23,Friday,27,16,0,114,30563,52,22,Delayed,Failed
9826,JOB014,MASTER_DATA_SYNC,Data Processing,3,Tuesday,2,7,2,58,117958,33,50,Ready,Success
9827,JOB002,MONTHLY_PAYROLL,Backup,16,Saturday,1,7,3,99,230188,47,43,Ready,Success
9828,JOB016,WAREHOUSE_UPDATE,Synchronization,20,Tuesday,20,28,0,90,143938,58,48,Ready,Success
9829,JOB020,ARCHIVE_JOB,Data Transfer,13,Sunday,13,2,4,9,207827,50,74,Ready,Failed
9830,JOB015,DAILY_ANALYTICS,Synchronization,15,Saturday,19,15,5,99,42787,43,52,Ready,Failed
9831,JOB003,INVENTORY_UPDATE,Data Processing,13,Saturday,28,11,0,83,261361,23,70,Ready,Failed
9832,JOB001,DAILY_SALES,Synchronization,15,Saturday,20,14,9,112,402202,28,93,Delayed,Failed
9833,JOB015,DAILY_ANALYTICS,Data Transfer,23,Saturday,21,20,9,66,403751,89,49,Ready,Failed
9834,JOB011,EMPLOYEE_DATA_SYNC,Reporting,19,Friday,14,3,3,21,483409,43,80,Not Ready,Failed
9835,JOB019,SYSTEM_MONITORING,Reporting,7,Sunday,2,22,3,57,302308,84,79,Not Ready,Success
9836,JOB002,MONTHLY_PAYROLL,Reporting,23,Friday,0,26,0,41,251054,36,54,Ready,Success
9837,JOB020,ARCHIVE_JOB,Backup,2,Wednesday,14,6,1,23,20511,56,26,Ready,Failed
9838,JOB001,DAILY_SALES,Data Processing,18,Sunday,19,10,9,14,221063,69,25,Ready,Success
9839,JOB016,WAREHOUSE_UPDATE,Backup,0,Friday,21,23,4,48,484734,64,34,Ready,Failed
9840,JOB009,STOCK_UPDATE,Reporting,1,Tuesday,1,4,1,102,313757,39,85,Ready,Failed
9841,JOB013,LOG_CLEANUP,Data Transfer,14,Friday,17,12,2,53,248534,78,36,Delayed,Success
9842,JOB003,INVENTORY_UPDATE,Data Processing,21,Sunday,0,10,8,93,39344,78,38,Delayed,Failed
9843,JOB007,CUSTOMER_REPORT,Backup,9,Sunday,8,4,4,41,145860,30,33,Ready,Success
9844,JOB017,INVOICE_PROCESSING,Synchronization,17,Tuesday,2,7,0,62,43330,74,68,Ready,Success
9845,JOB013,LOG_CLEANUP,Synchronization,21,Monday,1,20,4,96,304589,84,70,Ready,Failed
9846,JOB017,INVOICE_PROCESSING,Data Transfer,13,Sunday,3,28,2,19,352060,77,53,Ready,Success
9847,JOB008,SALES_REPORT,Backup,16,Friday,15,29,0,24,427346,63,40,Not Ready,Failed
9848,JOB007,CUSTOMER_REPORT,Data Processing,12,Tuesday,21,28,2,59,9133,33,67,Ready,Success
9849,JOB014,MASTER_DATA_SYNC,Reporting,0,Saturday,0,16,5,17,398017,95,86,Ready,Failed
9850,JOB009,STOCK_UPDATE,Reporting,4,Sunday,8,10,9,24,66747,71,77,Ready,Success
9851,JOB008,SALES_REPORT,Data Processing,12,Thursday,24,18,4,47,333476,53,40,Ready,Failed
9852,JOB001,DAILY_SALES,Data Transfer,13,Saturday,7,17,0,99,172854,82,46,Not Ready,Failed
9853,JOB011,EMPLOYEE_DATA_SYNC,Synchronization,23,Wednesday,5,27,1,86,286548,46,90,Delayed,Failed
9854,JOB016,WAREHOUSE_UPDATE,Data Transfer,2,Sunday,19,9,4,45,134733,31,48,Delayed,Success
9855,JOB015,DAILY_ANALYTICS,Data Transfer,14,Tuesday,17,4,8,52,59259,57,28,Delayed,Success
9856,JOB009,STOCK_UPDATE,Data Processing,18,Saturday,15,28,4,60,158108,75,63,Ready,Success
9857,JOB009,STOCK_UPDATE,Backup,16,Friday,7,23,4,96,144502,84,47,Ready,Failed
9858,JOB012,DATABASE_BACKUP,Backup,2,Friday,22,24,0,115,405764,59,57,Delayed,Failed
9859,JOB017,INVOICE_PROCESSING,Reporting,15,Sunday,27,24,4,72,149549,40,34,Ready,Success
9860,JOB019,SYSTEM_MONITORING,Synchronization,13,Monday,29,0,7,92,441143,51,34,Ready,Success
9861,JOB003,INVENTORY_UPDATE,Synchronization,11,Thursday,3,16,8,48,336424,31,49,Ready,Success
9862,JOB003,INVENTORY_UPDATE,Reporting,11,Sunday,2,16,9,113,436909,45,51,Ready,Success
9863,JOB010,ORDER_PROCESSING,Synchronization,10,Tuesday,14,0,2,77,166391,55,59,Delayed,Success
9864,JOB008,SALES_REPORT,Synchronization,16,Saturday,5,24,3,51,272669,35,95,Ready,Failed
9865,JOB019,SYSTEM_MONITORING,Backup,7,Thursday,30,0,6,54,75592,53,21,Not Ready,Success
9866,JOB019,SYSTEM_MONITORING,Synchronization,16,Monday,30,22,6,120,289006,43,41,Delayed,Failed
9867,JOB014,MASTER_DATA_SYNC,Reporting,20,Sunday,0,21,0,36,414755,91,45,Ready,Failed
9868,JOB007,CUSTOMER_REPORT,Data Processing,22,Wednesday,17,8,5,100,202225,58,59,Ready,Success
9869,JOB008,SALES_REPORT,Data Transfer,19,Thursday,22,26,8,58,124188,83,27,Delayed,Failed
9870,JOB005,BACKUP_JOB,Data Transfer,10,Monday,10,24,4,43,362991,48,55,Ready,Success
9871,JOB006,FINANCE_REPORT,Reporting,1,Sunday,2,3,7,89,182629,50,45,Ready,Success
9872,JOB009,STOCK_UPDATE,Data Processing,9,Sunday,29,8,9,62,384316,82,26,Ready,Failed
9873,JOB003,INVENTORY_UPDATE,Data Transfer,9,Tuesday,12,13,8,112,6721,62,20,Ready,Success
9874,JOB012,DATABASE_BACKUP,Reporting,10,Sunday,16,14,9,110,412172,38,51,Ready,Success
9875,JOB017,INVOICE_PROCESSING,Data Processing,5,Wednesday,17,15,9,65,281529,29,28,Delayed,Failed
9876,JOB014,MASTER_DATA_SYNC,Data Transfer,3,Sunday,25,15,2,107,92011,75,78,Not Ready,Failed
9877,JOB015,DAILY_ANALYTICS,Reporting,23,Friday,25,12,0,114,280635,79,63,Ready,Failed
9878,JOB019,SYSTEM_MONITORING,Reporting,11,Monday,13,13,1,95,402391,62,84,Not Ready,Success
9879,JOB019,SYSTEM_MONITORING,Synchronization,10,Friday,24,21,4,115,250065,67,40,Ready,Success
9880,JOB008,SALES_REPORT,Data Transfer,22,Sunday,6,20,9,104,22241,59,39,Ready,Success
9881,JOB017,INVOICE_PROCESSING,Backup,22,Wednesday,6,8,6,76,373975,53,68,Ready,Failed
9882,JOB011,EMPLOYEE_DATA_SYNC,Backup,12,Monday,13,22,5,87,90191,20,52,Delayed,Success
9883,JOB019,SYSTEM_MONITORING,Reporting,4,Monday,25,8,3,97,422586,38,37,Ready,Failed
9884,JOB005,BACKUP_JOB,Data Processing,5,Sunday,23,20,8,23,38088,20,60,Ready,Success
9885,JOB003,INVENTORY_UPDATE,Data Processing,0,Wednesday,14,3,3,73,292094,44,36,Delayed,Success
9886,JOB006,FINANCE_REPORT,Reporting,5,Tuesday,11,9,2,26,416112,87,32,Ready,Failed
9887,JOB011,EMPLOYEE_DATA_SYNC,Synchronization,17,Monday,11,2,4,39,424589,47,62,Ready,Failed
9888,JOB002,MONTHLY_PAYROLL,Reporting,21,Wednesday,7,20,3,14,160532,64,92,Delayed,Failed
9889,JOB013,LOG_CLEANUP,Backup,8,Thursday,15,8,1,19,175508,43,84,Ready,Success
9890,JOB010,ORDER_PROCESSING,Synchronization,23,Friday,8,18,2,6,304505,63,42,Ready,Success
9891,JOB016,WAREHOUSE_UPDATE,Data Processing,14,Monday,1,15,6,110,388117,21,59,Delayed,Failed
9892,JOB005,BACKUP_JOB,Backup,7,Thursday,13,15,1,26,310761,42,53,Ready,Success
9893,JOB019,SYSTEM_MONITORING,Data Processing,18,Monday,23,16,0,116,413847,81,55,Delayed,Failed
9894,JOB001,DAILY_SALES,Data Processing,23,Tuesday,23,17,1,103,405479,34,69,Delayed,Failed
9895,JOB007,CUSTOMER_REPORT,Backup,15,Sunday,28,9,7,107,4856,51,49,Ready,Failed
9896,JOB018,VENDOR_DATA_SYNC,Backup,5,Wednesday,15,20,7,87,373341,23,59,Ready,Success
9897,JOB006,FINANCE_REPORT,Data Processing,5,Monday,4,18,9,115,174839,50,31,Delayed,Failed
9898,JOB005,BACKUP_JOB,Data Transfer,21,Wednesday,4,21,1,16,371029,78,20,Ready,Failed
9899,JOB001,DAILY_SALES,Synchronization,2,Saturday,19,14,5,102,170132,90,35,Ready,Failed
9900,JOB002,MONTHLY_PAYROLL,Data Transfer,9,Monday,29,14,6,66,120087,20,69,Ready,Success
9901,JOB009,STOCK_UPDATE,Data Transfer,0,Tuesday,20,10,0,49,392319,88,62,Delayed,Success
9902,JOB007,CUSTOMER_REPORT,Data Transfer,13,Tuesday,17,7,6,62,281926,33,79,Ready,Failed
9903,JOB005,BACKUP_JOB,Data Processing,3,Sunday,17,21,7,24,358056,42,24,Ready,Success
9904,JOB005,BACKUP_JOB,Data Transfer,11,Sunday,4,15,8,55,386115,90,40,Delayed,Failed
9905,JOB003,INVENTORY_UPDATE,Data Processing,5,Thursday,10,9,7,11,279512,35,84,Ready,Success
9906,JOB004,DATA_TRANSFER,Synchronization,10,Tuesday,12,8,2,28,31825,28,40,Ready,Success
9907,JOB006,FINANCE_REPORT,Reporting,11,Wednesday,2,14,7,71,474828,50,90,Ready,Failed
9908,JOB012,DATABASE_BACKUP,Data Processing,9,Saturday,16,21,2,74,104526,80,84,Ready,Success
9909,JOB006,FINANCE_REPORT,Data Processing,17,Tuesday,24,29,5,101,347243,64,42,Ready,Success
9910,JOB013,LOG_CLEANUP,Data Transfer,6,Monday,17,4,3,57,28392,26,79,Ready,Failed
9911,JOB007,CUSTOMER_REPORT,Data Transfer,6,Tuesday,13,19,6,38,395528,76,21,Ready,Success
9912,JOB006,FINANCE_REPORT,Backup,10,Saturday,11,1,7,37,292273,83,53,Ready,Success
9913,JOB005,BACKUP_JOB,Data Processing,3,Wednesday,13,21,9,97,226213,21,76,Ready,Failed
9914,JOB016,WAREHOUSE_UPDATE,Data Processing,19,Monday,25,15,5,27,124778,25,35,Delayed,Success
9915,JOB003,INVENTORY_UPDATE,Data Processing,0,Thursday,17,17,9,62,20556,80,93,Ready,Failed
9916,JOB016,WAREHOUSE_UPDATE,Reporting,12,Thursday,29,15,3,72,498452,53,67,Delayed,Failed
9917,JOB008,SALES_REPORT,Backup,17,Thursday,19,4,7,73,479228,36,44,Ready,Success
9918,JOB019,SYSTEM_MONITORING,Data Transfer,8,Sunday,1,0,6,102,304352,45,87,Ready,Failed
9919,JOB001,DAILY_SALES,Backup,23,Monday,6,18,9,84,355495,95,51,Delayed,Failed
9920,JOB001,DAILY_SALES,Reporting,23,Thursday,14,9,7,44,282160,39,64,Ready,Failed
9921,JOB020,ARCHIVE_JOB,Reporting,8,Sunday,27,20,9,51,168224,60,59,Ready,Success
9922,JOB007,CUSTOMER_REPORT,Data Transfer,22,Tuesday,9,28,6,47,152719,77,32,Ready,Success
9923,JOB015,DAILY_ANALYTICS,Data Processing,8,Monday,14,12,2,65,342565,73,24,Delayed,Success
9924,JOB018,VENDOR_DATA_SYNC,Data Processing,9,Monday,16,22,2,46,326802,48,36,Ready,Success
9925,JOB011,EMPLOYEE_DATA_SYNC,Data Transfer,1,Monday,10,23,8,66,37472,67,90,Not Ready,Failed
9926,JOB002,MONTHLY_PAYROLL,Data Transfer,5,Friday,1,22,6,71,47295,41,29,Ready,Success
9927,JOB006,FINANCE_REPORT,Data Transfer,14,Sunday,26,22,0,59,203236,91,78,Not Ready,Failed
9928,JOB018,VENDOR_DATA_SYNC,Data Processing,2,Wednesday,20,10,2,111,346261,90,54,Ready,Failed
9929,JOB005,BACKUP_JOB,Synchronization,10,Friday,30,14,0,53,437167,24,42,Ready,Failed
9930,JOB008,SALES_REPORT,Data Transfer,5,Friday,17,1,5,110,245247,71,75,Ready,Failed
9931,JOB009,STOCK_UPDATE,Reporting,2,Friday,24,5,1,53,218495,20,35,Ready,Success
9932,JOB012,DATABASE_BACKUP,Data Processing,23,Wednesday,3,20,6,82,402908,64,71,Ready,Success
9933,JOB002,MONTHLY_PAYROLL,Backup,10,Friday,8,10,7,37,239729,59,46,Ready,Success
9934,JOB011,EMPLOYEE_DATA_SYNC,Data Transfer,14,Thursday,26,14,5,32,123978,83,34,Ready,Success
9935,JOB019,SYSTEM_MONITORING,Data Transfer,12,Monday,27,8,4,61,343851,30,81,Ready,Success
9936,JOB003,INVENTORY_UPDATE,Backup,19,Monday,16,11,9,45,413728,71,25,Ready,Success
9937,JOB014,MASTER_DATA_SYNC,Backup,9,Sunday,16,25,3,83,199902,26,43,Ready,Success
9938,JOB018,VENDOR_DATA_SYNC,Reporting,5,Tuesday,16,26,8,8,278163,70,24,Ready,Success
9939,JOB007,CUSTOMER_REPORT,Data Processing,14,Saturday,29,3,7,24,386736,40,90,Ready,Success
9940,JOB001,DAILY_SALES,Data Processing,17,Thursday,15,27,4,93,4914,58,72,Delayed,Failed
9941,JOB004,DATA_TRANSFER,Data Processing,17,Wednesday,19,22,0,39,255058,63,50,Ready,Success
9942,JOB015,DAILY_ANALYTICS,Reporting,6,Saturday,24,26,7,120,489495,76,54,Ready,Success
9943,JOB018,VENDOR_DATA_SYNC,Reporting,14,Monday,7,23,7,57,89908,60,38,Ready,Success
9944,JOB001,DAILY_SALES,Synchronization,17,Friday,22,13,6,43,344962,58,53,Not Ready,Failed
9945,JOB008,SALES_REPORT,Data Transfer,17,Sunday,14,21,6,57,426245,39,20,Ready,Failed
9946,JOB015,DAILY_ANALYTICS,Backup,19,Sunday,0,2,7,90,25621,41,60,Ready,Success
9947,JOB014,MASTER_DATA_SYNC,Backup,8,Tuesday,18,26,0,103,213966,48,72,Ready,Success
9948,JOB020,ARCHIVE_JOB,Backup,23,Tuesday,24,20,2,115,241011,65,83,Ready,Failed
9949,JOB006,FINANCE_REPORT,Reporting,1,Monday,14,16,3,96,229471,87,59,Not Ready,Failed
9950,JOB012,DATABASE_BACKUP,Data Transfer,7,Thursday,8,29,5,14,36899,22,81,Ready,Failed
9951,JOB004,DATA_TRANSFER,Reporting,19,Sunday,4,12,9,84,325754,92,74,Not Ready,Failed
9952,JOB016,WAREHOUSE_UPDATE,Synchronization,1,Saturday,15,7,9,117,323151,24,30,Not Ready,Failed
9953,JOB008,SALES_REPORT,Backup,10,Tuesday,27,11,8,91,473643,75,71,Ready,Failed
9954,JOB009,STOCK_UPDATE,Data Processing,6,Monday,12,11,3,87,26525,86,45,Ready,Failed
9955,JOB007,CUSTOMER_REPORT,Data Transfer,5,Thursday,15,11,5,69,143832,51,93,Ready,Success
9956,JOB004,DATA_TRANSFER,Synchronization,9,Monday,21,26,8,5,290441,60,67,Delayed,Success
9957,JOB007,CUSTOMER_REPORT,Data Processing,4,Monday,10,1,8,57,168638,48,64,Ready,Success
9958,JOB009,STOCK_UPDATE,Data Processing,10,Thursday,12,28,5,50,350301,85,52,Not Ready,Success
9959,JOB020,ARCHIVE_JOB,Data Transfer,0,Thursday,5,9,4,30,408788,30,83,Ready,Failed
9960,JOB017,INVOICE_PROCESSING,Backup,1,Thursday,25,22,2,102,372929,78,28,Ready,Failed
9961,JOB019,SYSTEM_MONITORING,Data Transfer,23,Monday,19,8,4,6,98403,23,21,Not Ready,Success
9962,JOB017,INVOICE_PROCESSING,Data Processing,0,Tuesday,16,0,2,32,120412,73,94,Ready,Failed
9963,JOB019,SYSTEM_MONITORING,Data Processing,18,Wednesday,4,28,4,88,94446,86,33,Ready,Success
9964,JOB016,WAREHOUSE_UPDATE,Data Transfer,1,Wednesday,28,3,9,110,312121,21,55,Ready,Failed
9965,JOB013,LOG_CLEANUP,Backup,20,Monday,16,22,9,115,162961,67,54,Delayed,Failed
9966,JOB005,BACKUP_JOB,Data Processing,19,Monday,0,13,0,31,178859,87,83,Ready,Success
9967,JOB017,INVOICE_PROCESSING,Data Transfer,22,Tuesday,26,15,5,32,261916,63,44,Delayed,Success
9968,JOB020,ARCHIVE_JOB,Data Processing,20,Thursday,4,24,6,35,122223,81,28,Delayed,Failed
9969,JOB005,BACKUP_JOB,Reporting,23,Monday,4,17,1,51,438397,38,62,Ready,Success
9970,JOB020,ARCHIVE_JOB,Reporting,3,Sunday,6,1,2,11,413917,63,29,Ready,Success
9971,JOB017,INVOICE_PROCESSING,Backup,11,Friday,15,5,9,76,439772,50,76,Ready,Success
9972,JOB013,LOG_CLEANUP,Data Transfer,21,Thursday,17,2,8,100,240385,81,52,Ready,Failed
9973,JOB011,EMPLOYEE_DATA_SYNC,Data Processing,19,Sunday,30,19,7,79,283572,34,28,Ready,Success
9974,JOB011,EMPLOYEE_DATA_SYNC,Data Transfer,17,Monday,5,18,3,52,254118,48,73,Ready,Success
9975,JOB018,VENDOR_DATA_SYNC,Data Processing,0,Friday,1,12,7,30,85141,86,32,Delayed,Success
9976,JOB004,DATA_TRANSFER,Synchronization,0,Sunday,30,16,7,59,279388,66,43,Delayed,Failed
9977,JOB004,DATA_TRANSFER,Reporting,23,Saturday,12,13,5,93,292408,26,81,Ready,Success
9978,JOB008,SALES_REPORT,Data Transfer,13,Tuesday,9,29,0,11,38035,87,59,Ready,Success
9979,JOB018,VENDOR_DATA_SYNC,Backup,3,Friday,20,21,1,88,173989,20,78,Ready,Success
9980,JOB002,MONTHLY_PAYROLL,Backup,4,Monday,19,10,3,109,482955,90,75,Delayed,Failed
9981,JOB005,BACKUP_JOB,Data Processing,10,Wednesday,10,15,3,61,186128,41,83,Ready,Success
9982,JOB019,SYSTEM_MONITORING,Reporting,23,Sunday,25,10,1,119,284246,76,79,Delayed,Success
9983,JOB005,BACKUP_JOB,Synchronization,22,Monday,20,28,8,62,87734,92,42,Delayed,Failed
9984,JOB002,MONTHLY_PAYROLL,Data Processing,12,Wednesday,1,17,1,98,159033,77,46,Ready,Success
9985,JOB004,DATA_TRANSFER,Reporting,15,Tuesday,7,1,5,5,223618,46,80,Delayed,Failed
9986,JOB014,MASTER_DATA_SYNC,Backup,23,Tuesday,23,22,4,86,8237,57,63,Ready,Success
9987,JOB007,CUSTOMER_REPORT,Data Transfer,12,Thursday,21,20,3,76,266128,95,76,Delayed,Failed
9988,JOB009,STOCK_UPDATE,Backup,23,Sunday,18,7,5,33,186860,32,62,Not Ready,Failed
9989,JOB013,LOG_CLEANUP,Synchronization,21,Thursday,19,13,3,108,20640,34,81,Ready,Success
9990,JOB001,DAILY_SALES,Data Processing,1,Wednesday,16,1,8,26,262835,92,45,Ready,Success
9991,JOB011,EMPLOYEE_DATA_SYNC,Backup,15,Wednesday,15,12,9,100,420228,67,94,Ready,Failed
9992,JOB012,DATABASE_BACKUP,Data Transfer,5,Tuesday,24,9,6,44,431457,34,83,Ready,Success
9993,JOB015,DAILY_ANALYTICS,Backup,13,Friday,9,7,2,66,484300,59,88,Ready,Success
9994,JOB013,LOG_CLEANUP,Synchronization,0,Wednesday,4,6,9,18,270323,49,43,Delayed,Failed
9995,JOB020,ARCHIVE_JOB,Reporting,16,Wednesday,13,12,3,6,313728,42,92,Delayed,Success
9996,JOB004,DATA_TRANSFER,Data Transfer,10,Sunday,23,25,0,39,305878,28,93,Ready,Success
9997,JOB011,EMPLOYEE_DATA_SYNC,Data Processing,18,Friday,18,29,5,75,361865,51,30,Ready,Success
9998,JOB017,INVOICE_PROCESSING,Data Processing,2,Thursday,3,23,1,71,351538,54,86,Not Ready,Failed
9999,JOB008,SALES_REPORT,Backup,10,Thursday,19,26,3,83,460734,68,72,Delayed,Success
10000,JOB018,VENDOR_DATA_SYNC,Reporting,4,Wednesday,15,18,4,111,154879,64,62,Ready,Success
